method,version,dataset,problem_id,true_label,predicted_label,assigned_route,classification_correct,final_ok,solution_correct,final_objective,label_objective,pipeline_stage,execution_error_type,execution_error,csvqa_status,repair_count,retry_count,api_retry_count,api_retry_events,fallback_count,cache_source,seconds,protocol_retry_count,protocol_retry_events,classification_source,held_out_type,disabled_workflow_route,route_allowed,failure_stage,failure_type,cause_certainty,confirmed_cause,external_deadline_exceeded,artifact_folder,csvqa_evidence_unavailable_at_failure
full,v9,automatic,OR-001,TP,TP,TP,True,True,True,172752.82458839755,172752.8246,completed,,,PLANNED,0,0,0,[],0,computed,17.822,0,[],computed,,,,none,objective_matched,confirmed,,False,full_v9/automatic/attempts/OR-001,False
full,v9,automatic,OR-002,TP,TP,TP,True,True,True,6464420.6996351,6464420.7,completed,,,PLANNED,0,0,0,[],0,computed,20.905,0,[],computed,,,,none,objective_matched,confirmed,,False,full_v9/automatic/attempts/OR-002,False
full,v9,automatic,OR-003,TP,TP,TP,True,True,True,36778.51094448115,36778.51094,completed,,,PLANNED,0,0,0,[],0,computed,18.793,0,[],computed,,,,none,objective_matched,confirmed,,False,full_v9/automatic/attempts/OR-003,False
full,v9,automatic,OR-004,TP,TP,TP,True,True,True,913520.1122932937,913520.1123,completed,,,PLANNED,0,0,0,[],0,computed,20.097,0,[],computed,,,,none,objective_matched,confirmed,,False,full_v9/automatic/attempts/OR-004,False
full,v9,automatic,OR-005,TP,TP,TP,True,True,True,2710.9341837593297,2710.934184,completed,,,PLANNED,0,0,0,[],0,computed,19.596,0,[],computed,,,,none,objective_matched,confirmed,,False,full_v9/automatic/attempts/OR-005,False
full,v9,automatic,OR-006,TP,TP,TP,True,True,True,6340.972286592268,6340.972287,completed,,,PLANNED,0,0,0,[],0,computed,19.035,0,[],computed,,,,none,objective_matched,confirmed,,False,full_v9/automatic/attempts/OR-006,False
full,v9,automatic,OR-007,TP,TP,TP,True,True,True,10291.2770066575,10291.27701,completed,,,PLANNED,0,0,0,[],0,computed,17.054,0,[],computed,,,,none,objective_matched,confirmed,,False,full_v9/automatic/attempts/OR-007,False
full,v9,automatic,OR-008,TP,TP,TP,True,True,True,660.0,660.0,completed,,,PLANNED,0,0,0,[],0,computed,15.96,0,[],computed,,,,none,objective_matched,confirmed,,False,full_v9/automatic/attempts/OR-008,False
full,v9,automatic,OR-009,TP,TP,TP,True,True,True,238781.5119254966,238781.5119,completed,,,PLANNED,0,0,0,[],0,computed,16.113,0,[],computed,,,,none,objective_matched,confirmed,,False,full_v9/automatic/attempts/OR-009,False
full,v9,automatic,OR-010,NRM,NRM,NRM,True,True,True,4003445.2099999995,4003445.21,completed,,,PLANNED,0,0,0,[],0,computed,14.97,0,[],computed,,,,none,objective_matched,confirmed,,False,full_v9/automatic/attempts/OR-010,False
full,v9,automatic,OR-011,NRM,NRM,NRM,True,True,True,3552260.54,3552260.54,completed,,,PLANNED,0,0,0,[],0,computed,14.842,0,[],computed,,,,none,objective_matched,confirmed,,False,full_v9/automatic/attempts/OR-011,False
full,v9,automatic,OR-012,NRM,NRM,NRM,True,True,True,83748.37000000001,83748.37,completed,,,PLANNED,0,0,0,[],0,computed,18.508,0,[],computed,,,,none,objective_matched,confirmed,,False,full_v9/automatic/attempts/OR-012,False
full,v9,automatic,OR-013,NRM,NRM,NRM,True,True,True,532.3,532.3,completed,,,PLANNED,0,0,0,[],0,computed,16.782,0,[],computed,,,,none,objective_matched,confirmed,,False,full_v9/automatic/attempts/OR-013,False
full,v9,automatic,OR-014,NRM,NRM,NRM,True,True,True,1794269.0,1794269.0,completed,,,PLANNED,0,0,0,[],0,computed,19.356,0,[],computed,,,,none,objective_matched,confirmed,,False,full_v9/automatic/attempts/OR-014,False
full,v9,automatic,OR-015,NRM,NRM,NRM,True,True,True,29660.0,29660.0,completed,,,PLANNED,0,0,0,[],0,computed,14.2,0,[],computed,,,,none,objective_matched,confirmed,,False,full_v9/automatic/attempts/OR-015,False
full,v9,automatic,OR-016,NRM,NRM,NRM,True,True,True,1568955.0,1568955.0,completed,,,PLANNED,0,0,0,[],0,computed,13.305,0,[],computed,,,,none,objective_matched,confirmed,,False,full_v9/automatic/attempts/OR-016,False
full,v9,automatic,OR-017,NRM,NRM,NRM,True,True,True,2015.08,2015.08,completed,,,PLANNED,0,0,0,[],0,computed,16.46,0,[],computed,,,,none,objective_matched,confirmed,,False,full_v9/automatic/attempts/OR-017,False
full,v9,automatic,OR-018,NRM,NRM,NRM,True,True,True,782819438.64,782819438.6,completed,,,PLANNED,0,0,0,[],0,computed,15.464,0,[],computed,,,,none,objective_matched,confirmed,,False,full_v9/automatic/attempts/OR-018,False
full,v9,automatic,OR-019,NRM,NRM,NRM,True,True,True,7123134.6899999995,7123134.69,completed,,,FALLBACK_FULL_DATA,0,0,0,[],1,computed,14.642,0,[],computed,,,,none,objective_matched,confirmed,,False,full_v9/automatic/attempts/OR-019,False
full,v9,automatic,OR-020,NRM,NRM,NRM,True,True,True,11258129.67,11258129.67,completed,,,PLANNED,0,0,0,[],0,computed,14.81,0,[],computed,,,,none,objective_matched,confirmed,,False,full_v9/automatic/attempts/OR-020,False
full,v9,automatic,OR-021,NRM,NRM,NRM,True,True,True,6020981.48,6020981.48,completed,,,PLANNED,0,0,0,[],0,computed,14.505,0,[],computed,,,,none,objective_matched,confirmed,,False,full_v9/automatic/attempts/OR-021,False
full,v9,automatic,OR-022,NRM,NRM,NRM,True,True,True,4049812.4247,4049812.425,completed,,,FALLBACK_FULL_DATA,0,0,0,[],1,computed,14.999,0,[],computed,,,,none,objective_matched,confirmed,,False,full_v9/automatic/attempts/OR-022,False
full,v9,automatic,OR-023,NRM,NRM,NRM,True,True,True,63628.0,63628.0,completed,,,PLANNED,0,0,0,[],0,computed,16.087,0,[],computed,,,,none,objective_matched,confirmed,,False,full_v9/automatic/attempts/OR-023,False
full,v9,automatic,OR-024,NRM,NRM,NRM,True,True,True,1264095.5,1264095.5,completed,,,PLANNED,0,0,0,[],0,computed,14.875,0,[],computed,,,,none,objective_matched,confirmed,,False,full_v9/automatic/attempts/OR-024,False
full,v9,automatic,OR-025,NRM,NRM,NRM,True,True,True,5486959.829999999,5486959.83,completed,,,PLANNED,0,0,0,[],0,computed,15.761,0,[],computed,,,,none,objective_matched,confirmed,,False,full_v9/automatic/attempts/OR-025,False
full,v9,automatic,OR-026,NRM,NRM,NRM,True,True,True,8851.75,8851.75,completed,,,PLANNED,0,0,0,[],0,computed,12.312,0,[],computed,,,,none,objective_matched,confirmed,,False,full_v9/automatic/attempts/OR-026,False
full,v9,automatic,OR-027,NRM,NRM,NRM,True,True,True,784297054.11,784297054.1,completed,,,FALLBACK_FULL_DATA,0,0,0,[],1,computed,13.164,0,[],computed,,,,none,objective_matched,confirmed,,False,full_v9/automatic/attempts/OR-027,False
full,v9,automatic,OR-028,NRM,NRM,NRM,True,True,True,285816.0,285816.0,completed,,,PLANNED,0,0,0,[],0,computed,14.616,0,[],computed,,,,none,objective_matched,confirmed,,False,full_v9/automatic/attempts/OR-028,False
full,v9,automatic,OR-029,NRM,NRM,NRM,True,True,True,5090631.58,5090631.58,completed,,,PLANNED,0,0,0,[],0,computed,12.492,0,[],computed,,,,none,objective_matched,confirmed,,False,full_v9/automatic/attempts/OR-029,False
full,v9,automatic,OR-030,NRM,NRM,NRM,True,True,True,34856.759999999995,34856.76,completed,,,PLANNED,0,0,0,[],0,computed,12.507,0,[],computed,,,,none,objective_matched,confirmed,,False,full_v9/automatic/attempts/OR-030,False
full,v9,automatic,OR-031,NRM,NRM,NRM,True,True,True,67016511.28,67016511.28,completed,,,PLANNED,0,0,0,[],0,computed,12.881,0,[],computed,,,,none,objective_matched,confirmed,,False,full_v9/automatic/attempts/OR-031,False
full,v9,automatic,OR-032,NRM,NRM,NRM,True,True,True,1240406.25,1240406.25,completed,,,PLANNED,0,0,0,[],0,computed,13.204,0,[],computed,,,,none,objective_matched,confirmed,,False,full_v9/automatic/attempts/OR-032,False
full,v9,automatic,OR-033,NRM,NRM,NRM,True,True,True,195506188.0,195506188.0,completed,,,PLANNED,0,0,0,[],0,computed,12.287,0,[],computed,,,,none,objective_matched,confirmed,,False,full_v9/automatic/attempts/OR-033,False
full,v9,automatic,OR-034,NRM,NRM,NRM,True,True,True,914600.2500000002,914600.25,completed,,,PLANNED,0,0,0,[],0,computed,13.661,0,[],computed,,,,none,objective_matched,confirmed,,False,full_v9/automatic/attempts/OR-034,False
full,v9,automatic,OR-035,RA,RA,RA,True,True,True,150660.0,150660.0,completed,,,PLANNED,0,0,0,[],0,computed,12.622,0,[],computed,,,,none,objective_matched,confirmed,,False,full_v9/automatic/attempts/OR-035,False
full,v9,automatic,OR-036,RA,RA,RA,True,True,True,509925.0,509925.0,completed,,,PLANNED,0,0,0,[],0,computed,11.789,0,[],computed,,,,none,objective_matched,confirmed,,False,full_v9/automatic/attempts/OR-036,False
full,v9,automatic,OR-037,RA,RA,RA,True,True,True,722376.0,722376.0,completed,,,PLANNED,0,0,0,[],0,computed,13.144,0,[],computed,,,,none,objective_matched,confirmed,,False,full_v9/automatic/attempts/OR-037,False
full,v9,automatic,OR-038,RA,RA,RA,True,True,True,1314500.0,1314500.0,completed,,,PLANNED,0,0,0,[],0,computed,14.453,0,[],computed,,,,none,objective_matched,confirmed,,False,full_v9/automatic/attempts/OR-038,False
full,v9,automatic,OR-039,RA,RA,RA,True,True,True,429000.0,429000.0,completed,,,PLANNED,0,0,0,[],0,computed,16.046,0,[],computed,,,,none,objective_matched,confirmed,,False,full_v9/automatic/attempts/OR-039,False
full,v9,automatic,OR-040,RA,RA,RA,True,True,True,74260.0,74260.0,completed,,,PLANNED,0,0,0,[],0,computed,10.494,0,[],computed,,,,none,objective_matched,confirmed,,False,full_v9/automatic/attempts/OR-040,False
full,v9,automatic,OR-041,RA,RA,RA,True,True,True,3912.0,3912.0,completed,,,FALLBACK_FULL_DATA,0,0,0,[],1,computed,14.224,0,[],computed,,,,none,objective_matched,confirmed,,False,full_v9/automatic/attempts/OR-041,False
full,v9,automatic,OR-042,RA,RA,RA,True,True,True,81918.0,81918.0,completed,,,PLANNED,0,0,0,[],0,computed,12.882,0,[],computed,,,,none,objective_matched,confirmed,,False,full_v9/automatic/attempts/OR-042,False
full,v9,automatic,OR-043,RA,RA,RA,True,True,True,13570.0,13570.0,completed,,,PLANNED,0,0,0,[],0,computed,11.368,0,[],computed,,,,none,objective_matched,confirmed,,False,full_v9/automatic/attempts/OR-043,False
full,v9,automatic,OR-044,RA,RA,RA,True,True,True,8000.0,8000.0,completed,,,FALLBACK_FULL_DATA,0,0,0,[],1,computed,13.236,0,[],computed,,,,none,objective_matched,confirmed,,False,full_v9/automatic/attempts/OR-044,False
full,v9,automatic,OR-045,RA,RA,RA,True,True,True,885.0,885.0,completed,,,PLANNED,0,0,0,[],0,computed,11.531,0,[],computed,,,,none,objective_matched,confirmed,,False,full_v9/automatic/attempts/OR-045,False
full,v9,automatic,OR-046,RA,RA,RA,True,True,True,212.0,212.0,completed,,,PLANNED,0,0,0,[],0,computed,12.246,0,[],computed,,,,none,objective_matched,confirmed,,False,full_v9/automatic/attempts/OR-046,False
full,v9,automatic,OR-047,RA,RA,RA,True,True,True,5433.0,5433.0,completed,,,FALLBACK_FULL_DATA,0,0,0,[],1,computed,14.67,0,[],computed,,,,none,objective_matched,confirmed,,False,full_v9/automatic/attempts/OR-047,False
full,v9,automatic,OR-048,RA,RA,RA,True,True,True,635052.0,635052.0,completed,,,FALLBACK_FULL_DATA,0,0,0,[],1,computed,16.487,0,[],computed,,,,none,objective_matched,confirmed,,False,full_v9/automatic/attempts/OR-048,False
full,v9,automatic,OR-049,RA,RA,RA,True,True,True,85500.0,85500.0,completed,,,FALLBACK_FULL_DATA,0,0,0,[],1,computed,13.522,0,[],computed,,,,none,objective_matched,confirmed,,False,full_v9/automatic/attempts/OR-049,False
full,v9,automatic,OR-050,Mixture,RA,RA,False,True,True,80250.0,80250.0,completed,,,FALLBACK_FULL_DATA,0,0,0,[],1,computed,13.609,0,[],computed,,,,none,objective_matched,confirmed,,False,full_v9/automatic/attempts/OR-050,False
full,v9,automatic,OR-051,RA,RA,RA,True,True,True,594900.0,594900.0,completed,,,FALLBACK_FULL_DATA,0,0,0,[],1,computed,13.5,0,[],computed,,,,none,objective_matched,confirmed,,False,full_v9/automatic/attempts/OR-051,False
full,v9,automatic,OR-052,RA,RA,RA,True,True,True,30240.0,30240.0,completed,,,FALLBACK_FULL_DATA,0,0,0,[],1,computed,15.705,0,[],computed,,,,none,objective_matched,confirmed,,False,full_v9/automatic/attempts/OR-052,False
full,v9,automatic,OR-053,RA,RA,RA,True,True,True,41040.0,41040.0,completed,,,FALLBACK_FULL_DATA,0,0,0,[],1,computed,16.987,0,[],computed,,,,none,objective_matched,confirmed,,False,full_v9/automatic/attempts/OR-053,False
full,v9,automatic,OR-054,RA,RA,RA,True,True,True,98670.0,98670.0,completed,,,FALLBACK_FULL_DATA,0,0,0,[],1,computed,15.371,0,[],computed,,,,none,objective_matched,confirmed,,False,full_v9/automatic/attempts/OR-054,False
full,v9,automatic,OR-055,RA,RA,RA,True,True,True,27088640.0,27088640.0,completed,,,FALLBACK_FULL_DATA,0,0,0,[],1,computed,13.329,0,[],computed,,,,none,objective_matched,confirmed,,False,full_v9/automatic/attempts/OR-055,False
full,v9,automatic,OR-056,RA,RA,RA,True,True,True,55642671.0,55642671.0,completed,,,FALLBACK_FULL_DATA,0,0,0,[],1,computed,15.278,0,[],computed,,,,none,objective_matched,confirmed,,False,full_v9/automatic/attempts/OR-056,False
full,v9,automatic,OR-057,RA,RA,RA,True,True,True,12502.0,12502.0,completed,,,PLANNED,0,0,0,[],0,computed,15.128,0,[],computed,,,,none,objective_matched,confirmed,,False,full_v9/automatic/attempts/OR-057,False
full,v9,automatic,OR-058,FLP,FLP,FLP,True,True,True,35950.649999999994,35950.65,completed,,,PLANNED,0,0,0,[],0,computed,21.375,0,[],computed,,,,none,objective_matched,confirmed,,False,full_v9/automatic/attempts/OR-058,False
full,v9,automatic,OR-059,FLP,FLP,FLP,True,True,True,1862205008776.57,1862205008487.07,completed,,,PLANNED,0,0,0,[],0,computed,18.481,0,[],computed,,,,none,objective_matched,confirmed,,False,full_v9/automatic/attempts/OR-059,False
full,v9,automatic,OR-060,FLP,FLP,FLP,True,True,True,8643.2,8643.2,completed,,,PLANNED,0,0,0,[],0,computed,18.532,0,[],computed,,,,none,objective_matched,confirmed,,False,full_v9/automatic/attempts/OR-060,False
full,v9,automatic,OR-061,FLP,FLP,FLP,True,True,True,10199.960000000001,10199.96,completed,,,PLANNED,0,0,0,[],0,computed,23.697,0,[],computed,,,,none,objective_matched,confirmed,,False,full_v9/automatic/attempts/OR-061,False
full,v9,automatic,OR-062,FLP,FLP,FLP,True,True,True,172612.46,172612.46,completed,,,FALLBACK_FULL_DATA,0,0,0,[],1,computed,18.92,0,[],computed,,,,none,objective_matched,confirmed,,False,full_v9/automatic/attempts/OR-062,False
full,v9,automatic,OR-063,FLP,FLP,FLP,True,True,True,778095.44,778095.44,completed,,,PLANNED,0,0,0,[],0,computed,23.916,0,[],computed,,,,none,objective_matched,confirmed,,False,full_v9/automatic/attempts/OR-063,False
full,v9,automatic,OR-064,FLP,FLP,FLP,True,True,True,18461.11,18461.11,completed,,,PLANNED,0,0,0,[],0,computed,21.976,0,[],computed,,,,none,objective_matched,confirmed,,False,full_v9/automatic/attempts/OR-064,False
full,v9,automatic,OR-065,FLP,FLP,FLP,True,True,True,317318.5,317318.5,completed,,,PLANNED,0,0,0,[],0,computed,22.121,0,[],computed,,,,none,objective_matched,confirmed,,False,full_v9/automatic/attempts/OR-065,False
full,v9,automatic,OR-066,FLP,FLP,FLP,True,True,True,11396.51,11396.51,completed,,,PLANNED,0,0,0,[],0,computed,15.209,0,[],computed,,,,none,objective_matched,confirmed,,False,full_v9/automatic/attempts/OR-066,False
full,v9,automatic,OR-067,AP,AP,AP,True,True,True,9000.0,9000.0,completed,,,FALLBACK_FULL_DATA,0,0,0,[],1,computed,12.481,0,[],computed,,,,none,objective_matched,confirmed,,False,full_v9/automatic/attempts/OR-067,False
full,v9,automatic,OR-068,AP,AP,AP,True,True,True,9089.0,9089.0,completed,,,FALLBACK_FULL_DATA,0,0,0,[],1,computed,12.62,0,[],computed,,,,none,objective_matched,confirmed,,False,full_v9/automatic/attempts/OR-068,False
full,v9,automatic,OR-069,AP,AP,AP,True,True,True,4903.0,4903.0,completed,,,FALLBACK_FULL_DATA,0,0,0,[],1,computed,14.269,0,[],computed,,,,none,objective_matched,confirmed,,False,full_v9/automatic/attempts/OR-069,False
full,v9,automatic,OR-070,AP,AP,AP,True,True,True,8809.0,8809.0,completed,,,FALLBACK_FULL_DATA,0,0,0,[],1,computed,12.908,0,[],computed,,,,none,objective_matched,confirmed,,False,full_v9/automatic/attempts/OR-070,False
full,v9,automatic,OR-071,Mixture,RA,RA,False,True,True,24877.394636015328,24877.39,completed,,,PLANNED,0,0,0,[],0,computed,15.99,0,[],computed,,,,none,objective_matched,confirmed,,False,full_v9/automatic/attempts/OR-071,False
full,v9,automatic,OR-072,Others,Others,Others,True,True,True,320.0,320.0,completed,,,PLANNED,0,0,0,[],0,computed,17.519,0,[],computed,,,,none,objective_matched,confirmed,,False,full_v9/automatic/attempts/OR-072,False
full,v9,automatic,OR-073,Mixture,Mixture,Others,True,True,True,1146.5665024630541,1146.57,completed,,,PLANNED,0,0,0,[],0,computed,32.249,0,[],computed,,,,none,objective_matched,confirmed,,False,full_v9/automatic/attempts/OR-073,False
full,v9,automatic,OR-074,Others,Others,Others,True,True,True,25.0,25.0,completed,,,PLANNED,0,0,0,[],0,computed,21.565,0,[],computed,,,,none,objective_matched,confirmed,,False,full_v9/automatic/attempts/OR-074,False
full,v9,automatic,OR-075,Mixture,Mixture,Others,True,True,True,1514.0,1514.0,completed,,,PLANNED,0,0,0,[],0,computed,20.284,0,[],computed,,,,none,objective_matched,confirmed,,False,full_v9/automatic/attempts/OR-075,False
full,v9,automatic,OR-076,FLP,FLP,FLP,True,True,True,103090.0,103090.0,completed,,,PLANNED,0,0,0,[],0,computed,17.248,0,[],computed,,,,none,objective_matched,confirmed,,False,full_v9/automatic/attempts/OR-076,False
full,v9,automatic,OR-077,Others,Others,Others,True,True,True,133.0,133.0,completed,,,PLANNED,0,0,0,[],0,computed,13.827,0,[],computed,,,,none,objective_matched,confirmed,,False,full_v9/automatic/attempts/OR-077,False
full,v9,automatic,OR-078,Mixture,Mixture,Others,True,True,True,152.76,152.76,completed,,,PLANNED,0,0,0,[],0,computed,14.704,0,[],computed,,,,none,objective_matched,confirmed,,False,full_v9/automatic/attempts/OR-078,False
full,v9,automatic,OR-079,FLP,FLP,FLP,True,True,True,2965.0,2965.0,completed,,,PLANNED,0,0,0,[],0,computed,16.888,0,[],computed,,,,none,objective_matched,confirmed,,False,full_v9/automatic/attempts/OR-079,False
full,v9,automatic,OR-080,Mixture,Mixture,Others,True,True,True,14300.0,14300.0,completed,,,PLANNED,0,0,0,[],0,computed,24.434,0,[],computed,,,,none,objective_matched,confirmed,,False,full_v9/automatic/attempts/OR-080,False
full,v9,automatic,OR-081,Others,Others,Others,True,True,True,3.910164341169253,3.91,completed,,,PLANNED,0,0,0,[],0,computed,17.16,0,[],computed,,,,none,objective_matched,confirmed,,False,full_v9/automatic/attempts/OR-081,False
full,v9,automatic,OR-082,Others,Others,Others,True,True,True,199.0,199.0,completed,,,PLANNED,0,0,0,[],0,computed,15.701,0,[],computed,,,,none,objective_matched,confirmed,,False,full_v9/automatic/attempts/OR-082,False
full,v9,automatic,OR-083,Mixture,Mixture,Others,True,True,True,34.0,34.0,completed,,,PLANNED,0,0,0,[],0,computed,14.014,0,[],computed,,,,none,objective_matched,confirmed,,False,full_v9/automatic/attempts/OR-083,False
full,v9,automatic,OR-084,Others,Others,Others,True,True,True,22.85,22.85,completed,,,PLANNED,0,0,0,[],0,computed,21.925,0,[],computed,,,,none,objective_matched,confirmed,,False,full_v9/automatic/attempts/OR-084,False
full,v9,automatic,OR-085,Others,Others,Others,True,True,True,419.0,419.0,completed,,,PLANNED,0,0,0,[],0,computed,16.327,0,[],computed,,,,none,objective_matched,confirmed,,False,full_v9/automatic/attempts/OR-085,False
full,v9,automatic,OR-086,Mixture,Mixture,Others,True,False,False,,4500.0,formulation,ModelOutputTruncated,ModelOutputTruncated: Model output is incomplete: finish_reason=length,PLANNED,0,0,0,[],0,computed,123.045,0,[],computed,,,,mathematical_modeling,unicode_space_output_degeneration,confirmed from saved response/code; valid CSVQA preceded >32000 padding characters and finish_reason=length,,False,full_v9/automatic/attempts/OR-086,False
full,v9,automatic,OR-087,Mixture,Mixture,Others,True,False,False,,6243055.96,formulation,ModelOutputTruncated,ModelOutputTruncated: Model output is incomplete: finish_reason=length,PLANNED,0,0,0,[],0,computed,125.421,0,[],computed,,,,mathematical_modeling,unicode_space_output_degeneration,confirmed from saved response/code; valid CSVQA preceded >32000 padding characters and finish_reason=length,,False,full_v9/automatic/attempts/OR-087,False
full,v9,automatic,OR-088,FLP,FLP,FLP,True,True,True,150992.5,150992.5,completed,,,FALLBACK_FULL_DATA,0,0,0,[],1,computed,18.465,0,[],computed,,,,none,objective_matched,confirmed,,False,full_v9/automatic/attempts/OR-088,False
full,v9,automatic,OR-089,FLP,FLP,FLP,True,True,True,1555.4999999999993,1555.5,completed,,,PLANNED,0,0,0,[],0,computed,17.688,0,[],computed,,,,none,objective_matched,confirmed,,False,full_v9/automatic/attempts/OR-089,False
full,v9,automatic,OR-090,Mixture,Mixture,Others,True,True,True,108657.90000000002,108657.9,completed,,,PLANNED,0,0,0,[],0,computed,20.443,0,[],computed,,,,none,objective_matched,confirmed,,False,full_v9/automatic/attempts/OR-090,False
full,v9,automatic,OR-091,Mixture,Others,Others,False,True,True,421.0,421.0,completed,,,PLANNED,0,0,0,[],0,computed,15.143,0,[],computed,,,,none,objective_matched,confirmed,,False,full_v9/automatic/attempts/OR-091,False
full,v9,automatic,OR-092,Mixture,Mixture,Others,True,True,True,3148.9299999999994,3148.93,completed,,,PLANNED,0,0,0,[],0,computed,23.345,0,[],computed,,,,none,objective_matched,confirmed,,False,full_v9/automatic/attempts/OR-092,False
full,v9,automatic,OR-093,AP,AP,AP,True,True,True,1577.6,1577.6,completed,,,PLANNED,0,0,0,[],0,computed,10.553,0,[],computed,,,,none,objective_matched,confirmed,,False,full_v9/automatic/attempts/OR-093,False
full,v9,automatic,OR-094,Mixture,RA,RA,False,True,True,0.6000000000000001,0.6,completed,,,PLANNED,0,0,0,[],0,computed,22.169,0,[],computed,,,,none,objective_matched,confirmed,,False,full_v9/automatic/attempts/OR-094,False
full,v9,automatic,OR-095,Mixture,Mixture,Others,True,False,False,,1344480.0,formulation,ModelOutputTruncated,ModelOutputTruncated: Model output is incomplete: finish_reason=length,PLANNED,0,0,0,[],0,computed,151.618,0,[],computed,,,,mathematical_modeling,unicode_space_output_degeneration,confirmed from saved response/code; valid CSVQA preceded >32000 padding characters and finish_reason=length,,False,full_v9/automatic/attempts/OR-095,False
full,v9,automatic,OR-096,Mixture,Mixture,Others,True,True,True,5044.0,5044.0,completed,,,PLANNED,0,0,0,[],0,computed,24.594,0,[],computed,,,,none,objective_matched,confirmed,,False,full_v9/automatic/attempts/OR-096,False
full,v9,automatic,OR-097,Mixture,Mixture,Others,True,False,False,,6.0,formulation,ModelOutputTruncated,ModelOutputTruncated: Model output is incomplete: finish_reason=length,FALLBACK_FULL_DATA,0,0,0,[],1,computed,173.107,0,[],computed,,,,mathematical_modeling,unicode_space_output_degeneration,confirmed from saved response/code; valid CSVQA preceded >32000 padding characters and finish_reason=length,,False,full_v9/automatic/attempts/OR-097,False
full,v9,automatic,OR-098,Mixture,Others,Others,False,True,True,0.0,0.0,completed,,,FALLBACK_FULL_DATA,0,0,0,[],1,computed,45.193,0,[],computed,,,,none,objective_matched,confirmed,,False,full_v9/automatic/attempts/OR-098,False
full,v9,automatic,OR-099,FLP,FLP,FLP,True,True,True,10419.0,10419.0,completed,,,PLANNED,0,0,0,[],0,computed,21.031,0,[],computed,,,,none,objective_matched,confirmed,,False,full_v9/automatic/attempts/OR-099,False
full,v9,automatic,OR-100,Others,RA,RA,False,True,False,1382045.0,1382200.722,completed,,,PLANNED,0,0,0,[],0,computed,18.511,0,[],computed,,,,mathematical_modeling_or_code_generation,objective_mismatch,unresolved; solver optimality does not prove formulation correctness,,False,full_v9/automatic/attempts/OR-100,False
full,v9,automatic,OR-101,Mixture,RA,RA,False,True,True,25820.15355597092,25820.15,completed,,,PLANNED,0,0,0,[],0,computed,17.87,0,[],computed,,,,none,objective_matched,confirmed,,False,full_v9/automatic/attempts/OR-101,False
full,v9,columns/100pct-S1,100pct-S1/OR-001,AP,AP,AP,True,True,True,9000.0,9000.0,completed,,,FALLBACK_FULL_DATA,0,0,0,[],1,computed,11.195,0,[],computed,,,,none,objective_matched,confirmed,,False,full_v9/columns/100pct-S1/attempts/100pct-S1%2FOR-001,False
full,v9,columns/100pct-S1,100pct-S1/OR-002,AP,AP,AP,True,True,True,9089.0,9089.0,completed,,,FALLBACK_FULL_DATA,0,0,0,[],1,computed,10.874,0,[],computed,,,,none,objective_matched,confirmed,,False,full_v9/columns/100pct-S1/attempts/100pct-S1%2FOR-002,False
full,v9,columns/100pct-S1,100pct-S1/OR-003,AP,AP,AP,True,True,True,8809.0,8809.0,completed,,,FALLBACK_FULL_DATA,0,0,0,[],1,computed,13.072,0,[],computed,,,,none,objective_matched,confirmed,,False,full_v9/columns/100pct-S1/attempts/100pct-S1%2FOR-003,False
full,v9,columns/100pct-S1,100pct-S1/OR-004,AP,AP,AP,True,True,True,1577.6,1577.6,completed,,,FALLBACK_FULL_DATA,0,0,0,[],1,computed,13.198,0,[],computed,,,,none,objective_matched,confirmed,,False,full_v9/columns/100pct-S1/attempts/100pct-S1%2FOR-004,False
full,v9,columns/100pct-S1,100pct-S1/OR-005,RA,RA,RA,True,True,True,150660.0,150660.0,completed,,,PLANNED,0,0,0,[],0,computed,13.897,0,[],computed,,,,none,objective_matched,confirmed,,False,full_v9/columns/100pct-S1/attempts/100pct-S1%2FOR-005,False
full,v9,columns/100pct-S1,100pct-S1/OR-006,RA,RA,RA,True,True,True,509925.0,509925.0,completed,,,PLANNED,0,0,0,[],0,computed,16.088,0,[],computed,,,,none,objective_matched,confirmed,,False,full_v9/columns/100pct-S1/attempts/100pct-S1%2FOR-006,False
full,v9,columns/100pct-S1,100pct-S1/OR-007,RA,RA,RA,True,True,True,722376.0,722376.0,completed,,,PLANNED,0,0,0,[],0,computed,12.812,0,[],computed,,,,none,objective_matched,confirmed,,False,full_v9/columns/100pct-S1/attempts/100pct-S1%2FOR-007,False
full,v9,columns/100pct-S1,100pct-S1/OR-008,RA,RA,RA,True,True,True,1314500.0,1314500.0,completed,,,PLANNED,0,0,0,[],0,computed,14.241,0,[],computed,,,,none,objective_matched,confirmed,,False,full_v9/columns/100pct-S1/attempts/100pct-S1%2FOR-008,False
full,v9,columns/100pct-S1,100pct-S1/OR-009,RA,RA,RA,True,True,True,3912.0,3912.0,completed,,,FALLBACK_FULL_DATA,0,0,0,[],1,computed,13.921,0,[],computed,,,,none,objective_matched,confirmed,,False,full_v9/columns/100pct-S1/attempts/100pct-S1%2FOR-009,False
full,v9,columns/100pct-S1,100pct-S1/OR-010,RA,RA,RA,True,True,True,8000.0,8000.0,completed,,,FALLBACK_FULL_DATA,0,0,0,[],1,computed,14.493,0,[],computed,,,,none,objective_matched,confirmed,,False,full_v9/columns/100pct-S1/attempts/100pct-S1%2FOR-010,False
full,v9,columns/100pct-S1,100pct-S1/OR-011,RA,RA,RA,True,True,True,212.0,212.0,completed,,,PLANNED,0,0,0,[],0,computed,12.423,0,[],computed,,,,none,objective_matched,confirmed,,False,full_v9/columns/100pct-S1/attempts/100pct-S1%2FOR-011,False
full,v9,columns/100pct-S1,100pct-S1/OR-012,RA,RA,RA,True,True,True,5433.0,5433.0,completed,,,PLANNED,0,0,0,[],0,computed,13.505,0,[],computed,,,,none,objective_matched,confirmed,,False,full_v9/columns/100pct-S1/attempts/100pct-S1%2FOR-012,False
full,v9,columns/100pct-S1,100pct-S1/OR-013,RA,RA,RA,True,True,True,635052.0,635052.0,completed,,,FALLBACK_FULL_DATA,0,0,0,[],1,computed,15.494,0,[],computed,,,,none,objective_matched,confirmed,,False,full_v9/columns/100pct-S1/attempts/100pct-S1%2FOR-013,False
full,v9,columns/100pct-S1,100pct-S1/OR-014,RA,RA,RA,True,True,True,85500.0,85500.0,completed,,,PLANNED,0,0,0,[],0,computed,15.278,0,[],computed,,,,none,objective_matched,confirmed,,False,full_v9/columns/100pct-S1/attempts/100pct-S1%2FOR-014,False
full,v9,columns/100pct-S1,100pct-S1/OR-015,RA,RA,RA,True,True,True,41040.0,41040.0,completed,,,FALLBACK_FULL_DATA,0,0,0,[],1,computed,15.435,0,[],computed,,,,none,objective_matched,confirmed,,False,full_v9/columns/100pct-S1/attempts/100pct-S1%2FOR-015,False
full,v9,columns/100pct-S1,100pct-S1/OR-016,TP,TP,TP,True,True,True,172752.82458839755,172752.8246,completed,,,PLANNED,0,0,0,[],0,computed,16.668,0,[],computed,,,,none,objective_matched,confirmed,,False,full_v9/columns/100pct-S1/attempts/100pct-S1%2FOR-016,False
full,v9,columns/100pct-S1,100pct-S1/OR-017,TP,TP,TP,True,True,True,36778.5109458,36778.51094,completed,,,PLANNED,0,0,0,[],0,computed,15.475,0,[],computed,,,,none,objective_matched,confirmed,,False,full_v9/columns/100pct-S1/attempts/100pct-S1%2FOR-017,False
full,v9,columns/100pct-S1,100pct-S1/OR-018,TP,TP,TP,True,True,True,913520.1122932937,913520.1123,completed,,,PLANNED,0,0,0,[],0,computed,17.956,0,[],computed,,,,none,objective_matched,confirmed,,False,full_v9/columns/100pct-S1/attempts/100pct-S1%2FOR-018,False
full,v9,columns/100pct-S1,100pct-S1/OR-019,TP,TP,TP,True,True,True,2710.9341837593297,2710.934184,completed,,,PLANNED,0,0,0,[],0,computed,18.741,0,[],computed,,,,none,objective_matched,confirmed,,False,full_v9/columns/100pct-S1/attempts/100pct-S1%2FOR-019,False
full,v9,columns/100pct-S1,100pct-S1/OR-020,TP,TP,TP,True,True,True,10291.277006657501,10291.27701,completed,,,PLANNED,0,0,0,[],0,computed,19.139,0,[],computed,,,,none,objective_matched,confirmed,,False,full_v9/columns/100pct-S1/attempts/100pct-S1%2FOR-020,False
full,v9,columns/100pct-S1,100pct-S1/OR-021,TP,TP,TP,True,True,True,238781.5119254966,238781.5119,completed,,,PLANNED,0,0,0,[],0,computed,19.007,0,[],computed,,,,none,objective_matched,confirmed,,False,full_v9/columns/100pct-S1/attempts/100pct-S1%2FOR-021,False
full,v9,columns/100pct-S1,100pct-S1/OR-022,FLP,FLP,FLP,True,True,True,10199.960000000001,10199.96,completed,,,PLANNED,0,0,0,[],0,computed,16.237,0,[],computed,,,,none,objective_matched,confirmed,,False,full_v9/columns/100pct-S1/attempts/100pct-S1%2FOR-022,False
full,v9,columns/100pct-S1,100pct-S1/OR-023,FLP,FLP,FLP,True,False,False,,172612.46,solve,ValueError,"ValueError: Missing cost for supplier MOUNT AYR, store Customer_1",FALLBACK_FULL_DATA,0,0,0,[],1,computed,18.914,0,[],computed,,,,execution,ValueError,confirmed; upstream semantic cause may be unresolved,,False,full_v9/columns/100pct-S1/attempts/100pct-S1%2FOR-023,False
full,v9,columns/100pct-S1,100pct-S1/OR-024,FLP,FLP,FLP,True,True,True,317318.5,317318.5,completed,,,PLANNED,0,0,0,[],0,computed,17.304,0,[],computed,,,,none,objective_matched,confirmed,,False,full_v9/columns/100pct-S1/attempts/100pct-S1%2FOR-024,False
full,v9,columns/100pct-S1,100pct-S1/OR-025,FLP,FLP,FLP,True,True,True,11396.51,11396.51,completed,,,PLANNED,0,0,0,[],0,computed,15.566,0,[],computed,,,,none,objective_matched,confirmed,,False,full_v9/columns/100pct-S1/attempts/100pct-S1%2FOR-025,False
full,v9,columns/100pct-S1,100pct-S1/OR-026,FLP,FLP,FLP,True,True,True,150992.5,150992.5,completed,,,PLANNED,0,0,0,[],0,computed,18.395,0,[],computed,,,,none,objective_matched,confirmed,,False,full_v9/columns/100pct-S1/attempts/100pct-S1%2FOR-026,False
full,v9,columns/100pct-S1,100pct-S1/OR-027,FLP,FLP,FLP,True,True,True,1555.4999999999993,1555.5,completed,,,PLANNED,0,0,0,[],0,computed,18.867,0,[],computed,,,,none,objective_matched,confirmed,,False,full_v9/columns/100pct-S1/attempts/100pct-S1%2FOR-027,False
full,v9,columns/100pct-S1,100pct-S1/OR-028,FLP,FLP,FLP,True,True,True,10419.0,10419.0,completed,,,FALLBACK_FULL_DATA,0,0,0,[],1,computed,20.221,0,[],computed,,,,none,objective_matched,confirmed,,False,full_v9/columns/100pct-S1/attempts/100pct-S1%2FOR-028,False
full,v9,columns/100pct-S1,100pct-S1/OR-029,Mixture,RA,RA,False,True,True,80250.0,80250.0,completed,,,FALLBACK_FULL_DATA,0,0,0,[],1,computed,16.395,0,[],computed,,,,none,objective_matched,confirmed,,False,full_v9/columns/100pct-S1/attempts/100pct-S1%2FOR-029,False
full,v9,columns/100pct-S1,100pct-S1/OR-030,Mixture,Mixture,Others,True,True,True,1514.0,1514.0,completed,,,PLANNED,0,0,0,[],0,computed,16.171,0,[],computed,,,,none,objective_matched,confirmed,,False,full_v9/columns/100pct-S1/attempts/100pct-S1%2FOR-030,False
full,v9,columns/100pct-S1,100pct-S1/OR-031,Mixture,Mixture,Others,True,True,True,152.76,152.76,completed,,,PLANNED,0,0,0,[],0,computed,15.028,0,[],computed,,,,none,objective_matched,confirmed,,False,full_v9/columns/100pct-S1/attempts/100pct-S1%2FOR-031,False
full,v9,columns/100pct-S1,100pct-S1/OR-032,Mixture,Others,Others,False,True,True,421.0,421.0,completed,,,PLANNED,0,0,0,[],0,computed,14.631,0,[],computed,,,,none,objective_matched,confirmed,,False,full_v9/columns/100pct-S1/attempts/100pct-S1%2FOR-032,False
full,v9,columns/100pct-S1,100pct-S1/OR-033,Others,Others,Others,True,True,True,25.0,25.0,completed,,,PLANNED,0,0,0,[],0,computed,17.759,0,[],computed,,,,none,objective_matched,confirmed,,False,full_v9/columns/100pct-S1/attempts/100pct-S1%2FOR-033,False
full,v9,columns/100pct-S1,100pct-S1/OR-034,Others,Others,Others,True,True,True,133.0,133.0,completed,,,PLANNED,0,0,0,[],0,computed,12.86,0,[],computed,,,,none,objective_matched,confirmed,,False,full_v9/columns/100pct-S1/attempts/100pct-S1%2FOR-034,False
full,v9,columns/100pct-S1,100pct-S1/OR-035,Others,Others,Others,True,True,True,3.910164341169253,3.91,completed,,,FALLBACK_FULL_DATA,0,0,0,[],1,computed,15.599,0,[],computed,,,,none,objective_matched,confirmed,,False,full_v9/columns/100pct-S1/attempts/100pct-S1%2FOR-035,False
full,v9,columns/100pct-S2,100pct-S2/OR-001,AP,AP,AP,True,True,True,9000.0,9000.0,completed,,,FALLBACK_FULL_DATA,0,0,0,[],1,computed,11.315,0,[],computed,,,,none,objective_matched,confirmed,,False,full_v9/columns/100pct-S2/attempts/100pct-S2%2FOR-001,False
full,v9,columns/100pct-S2,100pct-S2/OR-002,AP,AP,AP,True,True,True,9089.0,9089.0,completed,,,FALLBACK_FULL_DATA,0,0,0,[],1,computed,11.503,0,[],computed,,,,none,objective_matched,confirmed,,False,full_v9/columns/100pct-S2/attempts/100pct-S2%2FOR-002,False
full,v9,columns/100pct-S2,100pct-S2/OR-003,AP,AP,AP,True,True,True,8809.0,8809.0,completed,,,FALLBACK_FULL_DATA,0,0,0,[],1,computed,14.35,0,[],computed,,,,none,objective_matched,confirmed,,False,full_v9/columns/100pct-S2/attempts/100pct-S2%2FOR-003,False
full,v9,columns/100pct-S2,100pct-S2/OR-004,AP,AP,AP,True,True,True,1577.6,1577.6,completed,,,FALLBACK_FULL_DATA,0,0,0,[],1,computed,13.698,0,[],computed,,,,none,objective_matched,confirmed,,False,full_v9/columns/100pct-S2/attempts/100pct-S2%2FOR-004,False
full,v9,columns/100pct-S2,100pct-S2/OR-005,RA,RA,RA,True,True,True,150660.0,150660.0,completed,,,PLANNED,0,0,0,[],0,computed,13.271,0,[],computed,,,,none,objective_matched,confirmed,,False,full_v9/columns/100pct-S2/attempts/100pct-S2%2FOR-005,False
full,v9,columns/100pct-S2,100pct-S2/OR-006,RA,RA,RA,True,True,True,509925.0,509925.0,completed,,,PLANNED,0,0,0,[],0,computed,13.963,0,[],computed,,,,none,objective_matched,confirmed,,False,full_v9/columns/100pct-S2/attempts/100pct-S2%2FOR-006,False
full,v9,columns/100pct-S2,100pct-S2/OR-007,RA,RA,RA,True,True,True,722376.0,722376.0,completed,,,PLANNED,0,0,0,[],0,computed,13.563,0,[],computed,,,,none,objective_matched,confirmed,,False,full_v9/columns/100pct-S2/attempts/100pct-S2%2FOR-007,False
full,v9,columns/100pct-S2,100pct-S2/OR-008,RA,RA,RA,True,True,True,1314500.0,1314500.0,completed,,,PLANNED,0,0,0,[],0,computed,17.044,0,[],computed,,,,none,objective_matched,confirmed,,False,full_v9/columns/100pct-S2/attempts/100pct-S2%2FOR-008,False
full,v9,columns/100pct-S2,100pct-S2/OR-009,RA,RA,RA,True,True,True,3912.0,3912.0,completed,,,PLANNED,0,0,0,[],0,computed,12.625,0,[],computed,,,,none,objective_matched,confirmed,,False,full_v9/columns/100pct-S2/attempts/100pct-S2%2FOR-009,False
full,v9,columns/100pct-S2,100pct-S2/OR-010,RA,RA,RA,True,True,True,8000.0,8000.0,completed,,,FALLBACK_FULL_DATA,0,0,0,[],1,computed,13.869,0,[],computed,,,,none,objective_matched,confirmed,,False,full_v9/columns/100pct-S2/attempts/100pct-S2%2FOR-010,False
full,v9,columns/100pct-S2,100pct-S2/OR-011,RA,RA,RA,True,True,True,212.0,212.0,completed,,,PLANNED,0,0,0,[],0,computed,12.383,0,[],computed,,,,none,objective_matched,confirmed,,False,full_v9/columns/100pct-S2/attempts/100pct-S2%2FOR-011,False
full,v9,columns/100pct-S2,100pct-S2/OR-012,RA,RA,RA,True,True,True,5433.0,5433.0,completed,,,PLANNED,0,0,0,[],0,computed,15.115,0,[],computed,,,,none,objective_matched,confirmed,,False,full_v9/columns/100pct-S2/attempts/100pct-S2%2FOR-012,False
full,v9,columns/100pct-S2,100pct-S2/OR-013,RA,RA,RA,True,True,True,635052.0,635052.0,completed,,,FALLBACK_FULL_DATA,0,0,0,[],1,computed,16.223,0,[],computed,,,,none,objective_matched,confirmed,,False,full_v9/columns/100pct-S2/attempts/100pct-S2%2FOR-013,False
full,v9,columns/100pct-S2,100pct-S2/OR-014,RA,RA,RA,True,True,True,85500.0,85500.0,completed,,,FALLBACK_FULL_DATA,0,0,0,[],1,computed,15.75,0,[],computed,,,,none,objective_matched,confirmed,,False,full_v9/columns/100pct-S2/attempts/100pct-S2%2FOR-014,False
full,v9,columns/100pct-S2,100pct-S2/OR-015,RA,RA,RA,True,True,True,41040.0,41040.0,completed,,,FALLBACK_FULL_DATA,0,0,0,[],1,computed,14.723,0,[],computed,,,,none,objective_matched,confirmed,,False,full_v9/columns/100pct-S2/attempts/100pct-S2%2FOR-015,False
full,v9,columns/100pct-S2,100pct-S2/OR-016,TP,TP,TP,True,True,True,172752.82458839755,172752.8246,completed,,,PLANNED,0,0,0,[],0,computed,19.481,0,[],computed,,,,none,objective_matched,confirmed,,False,full_v9/columns/100pct-S2/attempts/100pct-S2%2FOR-016,False
full,v9,columns/100pct-S2,100pct-S2/OR-017,TP,TP,TP,True,True,True,36778.5109458,36778.51094,completed,,,PLANNED,0,0,0,[],0,computed,21.066,0,[],computed,,,,none,objective_matched,confirmed,,False,full_v9/columns/100pct-S2/attempts/100pct-S2%2FOR-017,False
full,v9,columns/100pct-S2,100pct-S2/OR-018,TP,TP,TP,True,True,True,913520.1122932937,913520.1123,completed,,,PLANNED,0,0,0,[],0,computed,19.212,0,[],computed,,,,none,objective_matched,confirmed,,False,full_v9/columns/100pct-S2/attempts/100pct-S2%2FOR-018,False
full,v9,columns/100pct-S2,100pct-S2/OR-019,TP,TP,TP,True,True,True,2710.9341837593297,2710.934184,completed,,,PLANNED,0,0,0,[],0,computed,16.344,0,[],computed,,,,none,objective_matched,confirmed,,False,full_v9/columns/100pct-S2/attempts/100pct-S2%2FOR-019,False
full,v9,columns/100pct-S2,100pct-S2/OR-020,TP,TP,TP,True,True,True,10291.277006657501,10291.27701,completed,,,PLANNED,0,0,0,[],0,computed,18.034,0,[],computed,,,,none,objective_matched,confirmed,,False,full_v9/columns/100pct-S2/attempts/100pct-S2%2FOR-020,False
full,v9,columns/100pct-S2,100pct-S2/OR-021,TP,TP,TP,True,False,False,,238781.5119,formulation,ModelOutputTruncated,ModelOutputTruncated: Model output is incomplete: finish_reason=length,PLANNED,0,0,0,[],0,computed,131.892,0,[],computed,,,,mathematical_modeling,ModelOutputTruncated,confirmed,,False,full_v9/columns/100pct-S2/attempts/100pct-S2%2FOR-021,False
full,v9,columns/100pct-S2,100pct-S2/OR-022,FLP,FLP,FLP,True,True,True,10199.960000000001,10199.96,completed,,,PLANNED,0,0,0,[],0,computed,19.088,0,[],computed,,,,none,objective_matched,confirmed,,False,full_v9/columns/100pct-S2/attempts/100pct-S2%2FOR-022,False
full,v9,columns/100pct-S2,100pct-S2/OR-023,FLP,FLP,FLP,True,False,False,,172612.46,solve,ValueError,"ValueError: Missing transportation cost for supplier MOUNT AYR, customer Customer_1",FALLBACK_FULL_DATA,0,0,0,[],1,computed,18.925,0,[],computed,,,,execution,ValueError,confirmed; upstream semantic cause may be unresolved,,False,full_v9/columns/100pct-S2/attempts/100pct-S2%2FOR-023,False
full,v9,columns/100pct-S2,100pct-S2/OR-024,FLP,FLP,FLP,True,True,True,317318.5,317318.5,completed,,,PLANNED,0,0,0,[],0,computed,16.571,0,[],computed,,,,none,objective_matched,confirmed,,False,full_v9/columns/100pct-S2/attempts/100pct-S2%2FOR-024,False
full,v9,columns/100pct-S2,100pct-S2/OR-025,FLP,FLP,FLP,True,True,True,11396.51,11396.51,completed,,,PLANNED,0,0,0,[],0,computed,16.99,0,[],computed,,,,none,objective_matched,confirmed,,False,full_v9/columns/100pct-S2/attempts/100pct-S2%2FOR-025,False
full,v9,columns/100pct-S2,100pct-S2/OR-026,FLP,FLP,FLP,True,True,True,150992.5,150992.5,completed,,,FALLBACK_FULL_DATA,0,0,0,[],1,computed,20.579,0,[],computed,,,,none,objective_matched,confirmed,,False,full_v9/columns/100pct-S2/attempts/100pct-S2%2FOR-026,False
full,v9,columns/100pct-S2,100pct-S2/OR-027,FLP,FLP,FLP,True,True,True,1555.4999999999993,1555.5,completed,,,PLANNED,0,0,0,[],0,computed,17.291,0,[],computed,,,,none,objective_matched,confirmed,,False,full_v9/columns/100pct-S2/attempts/100pct-S2%2FOR-027,False
full,v9,columns/100pct-S2,100pct-S2/OR-028,FLP,FLP,FLP,True,True,True,10419.0,10419.0,completed,,,FALLBACK_FULL_DATA,0,0,0,[],1,computed,20.801,0,[],computed,,,,none,objective_matched,confirmed,,False,full_v9/columns/100pct-S2/attempts/100pct-S2%2FOR-028,False
full,v9,columns/100pct-S2,100pct-S2/OR-029,Mixture,RA,RA,False,True,True,80250.0,80250.0,completed,,,FALLBACK_FULL_DATA,0,0,0,[],1,computed,21.013,0,[],computed,,,,none,objective_matched,confirmed,,False,full_v9/columns/100pct-S2/attempts/100pct-S2%2FOR-029,False
full,v9,columns/100pct-S2,100pct-S2/OR-030,Mixture,Mixture,Others,True,True,True,1514.0,1514.0,completed,,,PLANNED,0,0,0,[],0,computed,19.728,0,[],computed,,,,none,objective_matched,confirmed,,False,full_v9/columns/100pct-S2/attempts/100pct-S2%2FOR-030,False
full,v9,columns/100pct-S2,100pct-S2/OR-031,Mixture,Mixture,Others,True,True,True,152.76,152.76,completed,,,PLANNED,0,0,0,[],0,computed,15.263,0,[],computed,,,,none,objective_matched,confirmed,,False,full_v9/columns/100pct-S2/attempts/100pct-S2%2FOR-031,False
full,v9,columns/100pct-S2,100pct-S2/OR-032,Mixture,Others,Others,False,True,True,421.0,421.0,completed,,,PLANNED,0,0,0,[],0,computed,13.857,0,[],computed,,,,none,objective_matched,confirmed,,False,full_v9/columns/100pct-S2/attempts/100pct-S2%2FOR-032,False
full,v9,columns/100pct-S2,100pct-S2/OR-033,Others,Others,Others,True,True,True,25.0,25.0,completed,,,PLANNED,0,0,0,[],0,computed,18.152,0,[],computed,,,,none,objective_matched,confirmed,,False,full_v9/columns/100pct-S2/attempts/100pct-S2%2FOR-033,False
full,v9,columns/100pct-S2,100pct-S2/OR-034,Others,Others,Others,True,True,True,133.0,133.0,completed,,,PLANNED,0,0,0,[],0,computed,14.504,0,[],computed,,,,none,objective_matched,confirmed,,False,full_v9/columns/100pct-S2/attempts/100pct-S2%2FOR-034,False
full,v9,columns/100pct-S2,100pct-S2/OR-035,Others,Others,Others,True,True,True,3.910164341169253,3.91,completed,,,FALLBACK_FULL_DATA,0,0,0,[],1,computed,30.04,0,[],computed,,,,none,objective_matched,confirmed,,False,full_v9/columns/100pct-S2/attempts/100pct-S2%2FOR-035,False
full,v9,columns/100pct-S3,100pct-S3/OR-001,AP,AP,AP,True,True,True,9000.0,9000.0,completed,,,FALLBACK_FULL_DATA,0,0,0,[],1,computed,15.653,0,[],computed,,,,none,objective_matched,confirmed,,False,full_v9/columns/100pct-S3/attempts/100pct-S3%2FOR-001,False
full,v9,columns/100pct-S3,100pct-S3/OR-002,AP,AP,AP,True,True,True,9089.0,9089.0,completed,,,FALLBACK_FULL_DATA,0,0,0,[],1,computed,13.454,0,[],computed,,,,none,objective_matched,confirmed,,False,full_v9/columns/100pct-S3/attempts/100pct-S3%2FOR-002,False
full,v9,columns/100pct-S3,100pct-S3/OR-003,AP,AP,AP,True,True,True,8809.0,8809.0,completed,,,FALLBACK_FULL_DATA,0,0,0,[],1,computed,14.582,0,[],computed,,,,none,objective_matched,confirmed,,False,full_v9/columns/100pct-S3/attempts/100pct-S3%2FOR-003,False
full,v9,columns/100pct-S3,100pct-S3/OR-004,AP,AP,AP,True,True,True,1577.6,1577.6,completed,,,PLANNED,0,0,0,[],0,computed,12.881,0,[],computed,,,,none,objective_matched,confirmed,,False,full_v9/columns/100pct-S3/attempts/100pct-S3%2FOR-004,False
full,v9,columns/100pct-S3,100pct-S3/OR-005,RA,RA,RA,True,True,True,150660.0,150660.0,completed,,,PLANNED,0,0,0,[],0,computed,13.65,0,[],computed,,,,none,objective_matched,confirmed,,False,full_v9/columns/100pct-S3/attempts/100pct-S3%2FOR-005,False
full,v9,columns/100pct-S3,100pct-S3/OR-006,RA,RA,RA,True,True,True,509925.0,509925.0,completed,,,PLANNED,0,0,0,[],0,computed,12.339,0,[],computed,,,,none,objective_matched,confirmed,,False,full_v9/columns/100pct-S3/attempts/100pct-S3%2FOR-006,False
full,v9,columns/100pct-S3,100pct-S3/OR-007,RA,RA,RA,True,True,True,722376.0,722376.0,completed,,,PLANNED,0,0,0,[],0,computed,13.625,0,[],computed,,,,none,objective_matched,confirmed,,False,full_v9/columns/100pct-S3/attempts/100pct-S3%2FOR-007,False
full,v9,columns/100pct-S3,100pct-S3/OR-008,RA,RA,RA,True,True,True,1314500.0,1314500.0,completed,,,PLANNED,0,0,0,[],0,computed,13.923,0,[],computed,,,,none,objective_matched,confirmed,,False,full_v9/columns/100pct-S3/attempts/100pct-S3%2FOR-008,False
full,v9,columns/100pct-S3,100pct-S3/OR-009,RA,RA,RA,True,True,True,3912.0,3912.0,completed,,,PLANNED,0,0,0,[],0,computed,16.187,0,[],computed,,,,none,objective_matched,confirmed,,False,full_v9/columns/100pct-S3/attempts/100pct-S3%2FOR-009,False
full,v9,columns/100pct-S3,100pct-S3/OR-010,RA,RA,RA,True,True,True,8000.0,8000.0,completed,,,FALLBACK_FULL_DATA,0,0,0,[],1,computed,18.927,0,[],computed,,,,none,objective_matched,confirmed,,False,full_v9/columns/100pct-S3/attempts/100pct-S3%2FOR-010,False
full,v9,columns/100pct-S3,100pct-S3/OR-011,RA,RA,RA,True,True,True,212.0,212.0,completed,,,PLANNED,0,0,0,[],0,computed,11.941,0,[],computed,,,,none,objective_matched,confirmed,,False,full_v9/columns/100pct-S3/attempts/100pct-S3%2FOR-011,False
full,v9,columns/100pct-S3,100pct-S3/OR-012,RA,RA,RA,True,True,True,5433.0,5433.0,completed,,,PLANNED,0,0,0,[],0,computed,13.85,0,[],computed,,,,none,objective_matched,confirmed,,False,full_v9/columns/100pct-S3/attempts/100pct-S3%2FOR-012,False
full,v9,columns/100pct-S3,100pct-S3/OR-013,RA,RA,RA,True,True,True,635052.0,635052.0,completed,,,FALLBACK_FULL_DATA,0,0,0,[],1,computed,14.233,0,[],computed,,,,none,objective_matched,confirmed,,False,full_v9/columns/100pct-S3/attempts/100pct-S3%2FOR-013,False
full,v9,columns/100pct-S3,100pct-S3/OR-014,RA,RA,RA,True,True,True,85500.0,85500.0,completed,,,FALLBACK_FULL_DATA,0,0,0,[],1,computed,14.469,0,[],computed,,,,none,objective_matched,confirmed,,False,full_v9/columns/100pct-S3/attempts/100pct-S3%2FOR-014,False
full,v9,columns/100pct-S3,100pct-S3/OR-015,RA,RA,RA,True,True,True,41040.0,41040.0,completed,,,FALLBACK_FULL_DATA,0,0,0,[],1,computed,14.643,0,[],computed,,,,none,objective_matched,confirmed,,False,full_v9/columns/100pct-S3/attempts/100pct-S3%2FOR-015,False
full,v9,columns/100pct-S3,100pct-S3/OR-016,TP,TP,TP,True,True,True,172752.82458839755,172752.8246,completed,,,PLANNED,0,0,0,[],0,computed,24.699,0,[],computed,,,,none,objective_matched,confirmed,,False,full_v9/columns/100pct-S3/attempts/100pct-S3%2FOR-016,False
full,v9,columns/100pct-S3,100pct-S3/OR-017,TP,TP,TP,True,True,True,36778.5109458,36778.51094,completed,,,PLANNED,0,0,0,[],0,computed,16.628,0,[],computed,,,,none,objective_matched,confirmed,,False,full_v9/columns/100pct-S3/attempts/100pct-S3%2FOR-017,False
full,v9,columns/100pct-S3,100pct-S3/OR-018,TP,TP,TP,True,True,True,913520.1122932937,913520.1123,completed,,,PLANNED,0,0,0,[],0,computed,19.483,0,[],computed,,,,none,objective_matched,confirmed,,False,full_v9/columns/100pct-S3/attempts/100pct-S3%2FOR-018,False
full,v9,columns/100pct-S3,100pct-S3/OR-019,TP,TP,TP,True,True,True,2710.9341837593297,2710.934184,completed,,,PLANNED,0,0,0,[],0,computed,19.207,0,[],computed,,,,none,objective_matched,confirmed,,False,full_v9/columns/100pct-S3/attempts/100pct-S3%2FOR-019,False
full,v9,columns/100pct-S3,100pct-S3/OR-020,TP,TP,TP,True,True,True,10291.277006657501,10291.27701,completed,,,PLANNED,0,0,0,[],0,computed,16.055,0,[],computed,,,,none,objective_matched,confirmed,,False,full_v9/columns/100pct-S3/attempts/100pct-S3%2FOR-020,False
full,v9,columns/100pct-S3,100pct-S3/OR-021,TP,TP,TP,True,True,True,238781.5119254966,238781.5119,completed,,,PLANNED,0,0,0,[],0,computed,17.708,0,[],computed,,,,none,objective_matched,confirmed,,False,full_v9/columns/100pct-S3/attempts/100pct-S3%2FOR-021,False
full,v9,columns/100pct-S3,100pct-S3/OR-022,FLP,FLP,FLP,True,True,True,10199.960000000001,10199.96,completed,,,PLANNED,0,0,0,[],0,computed,19.646,0,[],computed,,,,none,objective_matched,confirmed,,False,full_v9/columns/100pct-S3/attempts/100pct-S3%2FOR-022,False
full,v9,columns/100pct-S3,100pct-S3/OR-023,FLP,FLP,FLP,True,True,False,172341.15,172612.46,completed,,,FALLBACK_FULL_DATA,0,0,0,[],1,computed,16.89,0,[],computed,,,,mathematical_modeling_or_code_generation,objective_mismatch,unresolved; solver optimality does not prove formulation correctness,,False,full_v9/columns/100pct-S3/attempts/100pct-S3%2FOR-023,False
full,v9,columns/100pct-S3,100pct-S3/OR-024,FLP,FLP,FLP,True,True,True,317318.5,317318.5,completed,,,PLANNED,0,0,0,[],0,computed,18.043,0,[],computed,,,,none,objective_matched,confirmed,,False,full_v9/columns/100pct-S3/attempts/100pct-S3%2FOR-024,False
full,v9,columns/100pct-S3,100pct-S3/OR-025,FLP,FLP,FLP,True,True,False,11311.2,11396.51,completed,,,PLANNED,0,0,0,[],0,computed,15.036,0,[],computed,,,,mathematical_modeling_or_code_generation,objective_mismatch,unresolved; solver optimality does not prove formulation correctness,,False,full_v9/columns/100pct-S3/attempts/100pct-S3%2FOR-025,False
full,v9,columns/100pct-S3,100pct-S3/OR-026,FLP,FLP,FLP,True,True,True,150992.5,150992.5,completed,,,FALLBACK_FULL_DATA,0,0,0,[],1,computed,18.657,0,[],computed,,,,none,objective_matched,confirmed,,False,full_v9/columns/100pct-S3/attempts/100pct-S3%2FOR-026,False
full,v9,columns/100pct-S3,100pct-S3/OR-027,FLP,FLP,FLP,True,True,True,1555.4999999999993,1555.5,completed,,,PLANNED,0,0,0,[],0,computed,16.212,0,[],computed,,,,none,objective_matched,confirmed,,False,full_v9/columns/100pct-S3/attempts/100pct-S3%2FOR-027,False
full,v9,columns/100pct-S3,100pct-S3/OR-028,FLP,FLP,FLP,True,True,False,10188.0,10419.0,completed,,,PLANNED,0,0,0,[],0,computed,18.952,0,[],computed,,,,mathematical_modeling_or_code_generation,objective_mismatch,unresolved; solver optimality does not prove formulation correctness,,False,full_v9/columns/100pct-S3/attempts/100pct-S3%2FOR-028,False
full,v9,columns/100pct-S3,100pct-S3/OR-029,Mixture,RA,RA,False,True,True,80250.0,80250.0,completed,,,FALLBACK_FULL_DATA,0,0,0,[],1,computed,16.085,0,[],computed,,,,none,objective_matched,confirmed,,False,full_v9/columns/100pct-S3/attempts/100pct-S3%2FOR-029,False
full,v9,columns/100pct-S3,100pct-S3/OR-030,Mixture,Mixture,Others,True,True,True,1514.0,1514.0,completed,,,PLANNED,0,0,0,[],0,computed,15.883,0,[],computed,,,,none,objective_matched,confirmed,,False,full_v9/columns/100pct-S3/attempts/100pct-S3%2FOR-030,False
full,v9,columns/100pct-S3,100pct-S3/OR-031,Mixture,Mixture,Others,True,True,True,152.76,152.76,completed,,,PLANNED,0,0,0,[],0,computed,15.883,0,[],computed,,,,none,objective_matched,confirmed,,False,full_v9/columns/100pct-S3/attempts/100pct-S3%2FOR-031,False
full,v9,columns/100pct-S3,100pct-S3/OR-032,Mixture,Others,Others,False,True,True,421.0,421.0,completed,,,PLANNED,0,0,0,[],0,computed,13.098,0,[],computed,,,,none,objective_matched,confirmed,,False,full_v9/columns/100pct-S3/attempts/100pct-S3%2FOR-032,False
full,v9,columns/100pct-S3,100pct-S3/OR-033,Others,Others,Others,True,True,True,25.0,25.0,completed,,,PLANNED,0,0,0,[],0,computed,16.056,0,[],computed,,,,none,objective_matched,confirmed,,False,full_v9/columns/100pct-S3/attempts/100pct-S3%2FOR-033,False
full,v9,columns/100pct-S3,100pct-S3/OR-034,Others,Others,Others,True,True,True,133.0,133.0,completed,,,PLANNED,0,0,0,[],0,computed,14.484,0,[],computed,,,,none,objective_matched,confirmed,,False,full_v9/columns/100pct-S3/attempts/100pct-S3%2FOR-034,False
full,v9,columns/100pct-S3,100pct-S3/OR-035,Others,Others,Others,True,True,True,3.910164341169253,3.91,completed,,,PLANNED,0,0,0,[],0,computed,16.358,0,[],computed,,,,none,objective_matched,confirmed,,False,full_v9/columns/100pct-S3/attempts/100pct-S3%2FOR-035,False
full,v9,columns/200pct-S1,200pct-S1/OR-001,AP,AP,AP,True,True,True,9000.0,9000.0,completed,,,FALLBACK_FULL_DATA,0,0,0,[],1,computed,13.143,0,[],computed,,,,none,objective_matched,confirmed,,False,full_v9/columns/200pct-S1/attempts/200pct-S1%2FOR-001,False
full,v9,columns/200pct-S1,200pct-S1/OR-002,AP,AP,AP,True,True,True,9089.0,9089.0,completed,,,FALLBACK_FULL_DATA,0,0,0,[],1,computed,11.319,0,[],computed,,,,none,objective_matched,confirmed,,False,full_v9/columns/200pct-S1/attempts/200pct-S1%2FOR-002,False
full,v9,columns/200pct-S1,200pct-S1/OR-003,AP,AP,AP,True,True,True,8809.0,8809.0,completed,,,FALLBACK_FULL_DATA,0,0,0,[],1,computed,16.948,0,[],computed,,,,none,objective_matched,confirmed,,False,full_v9/columns/200pct-S1/attempts/200pct-S1%2FOR-003,False
full,v9,columns/200pct-S1,200pct-S1/OR-004,AP,AP,AP,True,True,True,1577.6,1577.6,completed,,,FALLBACK_FULL_DATA,0,0,0,[],1,computed,14.615,0,[],computed,,,,none,objective_matched,confirmed,,False,full_v9/columns/200pct-S1/attempts/200pct-S1%2FOR-004,False
full,v9,columns/200pct-S1,200pct-S1/OR-005,RA,RA,RA,True,True,True,150660.0,150660.0,completed,,,PLANNED,0,0,0,[],0,computed,14.316,0,[],computed,,,,none,objective_matched,confirmed,,False,full_v9/columns/200pct-S1/attempts/200pct-S1%2FOR-005,False
full,v9,columns/200pct-S1,200pct-S1/OR-006,RA,RA,RA,True,True,True,509925.0,509925.0,completed,,,PLANNED,0,0,0,[],0,computed,12.468,0,[],computed,,,,none,objective_matched,confirmed,,False,full_v9/columns/200pct-S1/attempts/200pct-S1%2FOR-006,False
full,v9,columns/200pct-S1,200pct-S1/OR-007,RA,RA,RA,True,True,True,722376.0,722376.0,completed,,,PLANNED,0,0,0,[],0,computed,16.468,0,[],computed,,,,none,objective_matched,confirmed,,False,full_v9/columns/200pct-S1/attempts/200pct-S1%2FOR-007,False
full,v9,columns/200pct-S1,200pct-S1/OR-008,RA,RA,RA,True,True,True,1314500.0,1314500.0,completed,,,PLANNED,0,0,0,[],0,computed,14.672,0,[],computed,,,,none,objective_matched,confirmed,,False,full_v9/columns/200pct-S1/attempts/200pct-S1%2FOR-008,False
full,v9,columns/200pct-S1,200pct-S1/OR-009,RA,RA,RA,True,True,False,4408.523076923077,3912.0,completed,,,FALLBACK_FULL_DATA,0,0,0,[],1,computed,14.393,0,[],computed,,,,mathematical_modeling,continuous_instead_of_count_domain,"Confirmed continuous domain from saved formulation; query describes counts and also scale, so intended semantics are not independently settled by numeric mismatch.",,False,full_v9/columns/200pct-S1/attempts/200pct-S1%2FOR-009,False
full,v9,columns/200pct-S1,200pct-S1/OR-010,RA,RA,RA,True,True,True,8000.0,8000.0,completed,,,FALLBACK_FULL_DATA,0,0,0,[],1,computed,14.602,0,[],computed,,,,none,objective_matched,confirmed,,False,full_v9/columns/200pct-S1/attempts/200pct-S1%2FOR-010,False
full,v9,columns/200pct-S1,200pct-S1/OR-011,RA,RA,RA,True,True,True,212.0,212.0,completed,,,PLANNED,0,0,0,[],0,computed,14.482,0,[],computed,,,,none,objective_matched,confirmed,,False,full_v9/columns/200pct-S1/attempts/200pct-S1%2FOR-011,False
full,v9,columns/200pct-S1,200pct-S1/OR-012,RA,RA,RA,True,True,True,5433.0,5433.0,completed,,,PLANNED,0,0,0,[],0,computed,14.154,0,[],computed,,,,none,objective_matched,confirmed,,False,full_v9/columns/200pct-S1/attempts/200pct-S1%2FOR-012,False
full,v9,columns/200pct-S1,200pct-S1/OR-013,RA,RA,RA,True,True,True,635052.0,635052.0,completed,,,PLANNED,0,0,0,[],0,computed,19.71,0,[],computed,,,,none,objective_matched,confirmed,,False,full_v9/columns/200pct-S1/attempts/200pct-S1%2FOR-013,False
full,v9,columns/200pct-S1,200pct-S1/OR-014,RA,RA,RA,True,True,True,85500.0,85500.0,completed,,,FALLBACK_FULL_DATA,0,0,0,[],1,computed,15.624,0,[],computed,,,,none,objective_matched,confirmed,,False,full_v9/columns/200pct-S1/attempts/200pct-S1%2FOR-014,False
full,v9,columns/200pct-S1,200pct-S1/OR-015,RA,RA,RA,True,True,True,41040.0,41040.0,completed,,,FALLBACK_FULL_DATA,0,0,0,[],1,computed,14.335,0,[],computed,,,,none,objective_matched,confirmed,,False,full_v9/columns/200pct-S1/attempts/200pct-S1%2FOR-015,False
full,v9,columns/200pct-S1,200pct-S1/OR-016,TP,TP,TP,True,True,True,172752.82458839755,172752.8246,completed,,,PLANNED,0,0,0,[],0,computed,18.33,0,[],computed,,,,none,objective_matched,confirmed,,False,full_v9/columns/200pct-S1/attempts/200pct-S1%2FOR-016,False
full,v9,columns/200pct-S1,200pct-S1/OR-017,TP,TP,TP,True,True,True,36778.5109458,36778.51094,completed,,,PLANNED,0,0,0,[],0,computed,18.944,0,[],computed,,,,none,objective_matched,confirmed,,False,full_v9/columns/200pct-S1/attempts/200pct-S1%2FOR-017,False
full,v9,columns/200pct-S1,200pct-S1/OR-018,TP,TP,TP,True,True,True,913520.1122932937,913520.1123,completed,,,PLANNED,0,0,0,[],0,computed,17.782,0,[],computed,,,,none,objective_matched,confirmed,,False,full_v9/columns/200pct-S1/attempts/200pct-S1%2FOR-018,False
full,v9,columns/200pct-S1,200pct-S1/OR-019,TP,TP,TP,True,True,True,2710.9341837593297,2710.934184,completed,,,PLANNED,0,0,0,[],0,computed,19.388,0,[],computed,,,,none,objective_matched,confirmed,,False,full_v9/columns/200pct-S1/attempts/200pct-S1%2FOR-019,False
full,v9,columns/200pct-S1,200pct-S1/OR-020,TP,TP,TP,True,True,True,10291.277006657501,10291.27701,completed,,,PLANNED,0,0,0,[],0,computed,17.694,0,[],computed,,,,none,objective_matched,confirmed,,False,full_v9/columns/200pct-S1/attempts/200pct-S1%2FOR-020,False
full,v9,columns/200pct-S1,200pct-S1/OR-021,TP,TP,TP,True,True,True,238781.5119254966,238781.5119,completed,,,PLANNED,0,0,0,[],0,computed,20.265,0,[],computed,,,,none,objective_matched,confirmed,,False,full_v9/columns/200pct-S1/attempts/200pct-S1%2FOR-021,False
full,v9,columns/200pct-S1,200pct-S1/OR-022,FLP,FLP,FLP,True,True,True,10199.960000000001,10199.96,completed,,,PLANNED,0,0,0,[],0,computed,18.034,0,[],computed,,,,none,objective_matched,confirmed,,False,full_v9/columns/200pct-S1/attempts/200pct-S1%2FOR-022,False
full,v9,columns/200pct-S1,200pct-S1/OR-023,FLP,FLP,FLP,True,True,False,156931.96,172612.46,completed,,,FALLBACK_FULL_DATA,0,0,0,[],1,computed,18.602,0,[],computed,,,,mathematical_modeling_or_code_generation,objective_mismatch,unresolved; solver optimality does not prove formulation correctness,,False,full_v9/columns/200pct-S1/attempts/200pct-S1%2FOR-023,False
full,v9,columns/200pct-S1,200pct-S1/OR-024,FLP,FLP,FLP,True,True,True,317318.5,317318.5,completed,,,PLANNED,0,0,0,[],0,computed,20.396,0,[],computed,,,,none,objective_matched,confirmed,,False,full_v9/columns/200pct-S1/attempts/200pct-S1%2FOR-024,False
full,v9,columns/200pct-S1,200pct-S1/OR-025,FLP,FLP,FLP,True,True,True,11396.51,11396.51,completed,,,PLANNED,0,0,0,[],0,computed,15.504,0,[],computed,,,,none,objective_matched,confirmed,,False,full_v9/columns/200pct-S1/attempts/200pct-S1%2FOR-025,False
full,v9,columns/200pct-S1,200pct-S1/OR-026,FLP,FLP,FLP,True,True,True,150992.5,150992.5,completed,,,FALLBACK_FULL_DATA,0,0,0,[],1,computed,18.291,0,[],computed,,,,none,objective_matched,confirmed,,False,full_v9/columns/200pct-S1/attempts/200pct-S1%2FOR-026,False
full,v9,columns/200pct-S1,200pct-S1/OR-027,FLP,FLP,FLP,True,True,True,1555.4999999999993,1555.5,completed,,,PLANNED,0,0,0,[],0,computed,18.204,0,[],computed,,,,none,objective_matched,confirmed,,False,full_v9/columns/200pct-S1/attempts/200pct-S1%2FOR-027,False
full,v9,columns/200pct-S1,200pct-S1/OR-028,FLP,FLP,FLP,True,True,True,10419.0,10419.0,completed,,,FALLBACK_FULL_DATA,0,0,0,[],1,computed,18.976,0,[],computed,,,,none,objective_matched,confirmed,,False,full_v9/columns/200pct-S1/attempts/200pct-S1%2FOR-028,False
full,v9,columns/200pct-S1,200pct-S1/OR-029,Mixture,RA,RA,False,True,True,80250.0,80250.0,completed,,,FALLBACK_FULL_DATA,0,0,0,[],1,computed,17.242,0,[],computed,,,,none,objective_matched,confirmed,,False,full_v9/columns/200pct-S1/attempts/200pct-S1%2FOR-029,False
full,v9,columns/200pct-S1,200pct-S1/OR-030,Mixture,Mixture,Others,True,True,True,1514.0,1514.0,completed,,,PLANNED,0,0,0,[],0,computed,16.549,0,[],computed,,,,none,objective_matched,confirmed,,False,full_v9/columns/200pct-S1/attempts/200pct-S1%2FOR-030,False
full,v9,columns/200pct-S1,200pct-S1/OR-031,Mixture,Mixture,Others,True,True,True,152.76,152.76,completed,,,PLANNED,0,0,0,[],0,computed,16.46,0,[],computed,,,,none,objective_matched,confirmed,,False,full_v9/columns/200pct-S1/attempts/200pct-S1%2FOR-031,False
full,v9,columns/200pct-S1,200pct-S1/OR-032,Mixture,Others,Others,False,True,True,421.0,421.0,completed,,,PLANNED,0,0,0,[],0,computed,14.012,0,[],computed,,,,none,objective_matched,confirmed,,False,full_v9/columns/200pct-S1/attempts/200pct-S1%2FOR-032,False
full,v9,columns/200pct-S1,200pct-S1/OR-033,Others,Others,Others,True,True,True,25.0,25.0,completed,,,PLANNED,0,0,0,[],0,computed,16.271,0,[],computed,,,,none,objective_matched,confirmed,,False,full_v9/columns/200pct-S1/attempts/200pct-S1%2FOR-033,False
full,v9,columns/200pct-S1,200pct-S1/OR-034,Others,Others,Others,True,True,True,133.0,133.0,completed,,,PLANNED,0,0,0,[],0,computed,20.685,0,[],computed,,,,none,objective_matched,confirmed,,False,full_v9/columns/200pct-S1/attempts/200pct-S1%2FOR-034,False
full,v9,columns/200pct-S1,200pct-S1/OR-035,Others,Others,Others,True,True,True,3.910164341169253,3.91,completed,,,PLANNED,0,0,0,[],0,computed,14.524,0,[],computed,,,,none,objective_matched,confirmed,,False,full_v9/columns/200pct-S1/attempts/200pct-S1%2FOR-035,False
full,v9,columns/200pct-S2,200pct-S2/OR-001,AP,AP,AP,True,True,True,9000.0,9000.0,completed,,,FALLBACK_FULL_DATA,0,0,0,[],1,computed,13.028,0,[],computed,,,,none,objective_matched,confirmed,,False,full_v9/columns/200pct-S2/attempts/200pct-S2%2FOR-001,False
full,v9,columns/200pct-S2,200pct-S2/OR-002,AP,AP,AP,True,True,True,9089.0,9089.0,completed,,,FALLBACK_FULL_DATA,0,0,0,[],1,computed,12.302,0,[],computed,,,,none,objective_matched,confirmed,,False,full_v9/columns/200pct-S2/attempts/200pct-S2%2FOR-002,False
full,v9,columns/200pct-S2,200pct-S2/OR-003,AP,AP,AP,True,True,True,8809.0,8809.0,completed,,,FALLBACK_FULL_DATA,0,0,0,[],1,computed,13.218,0,[],computed,,,,none,objective_matched,confirmed,,False,full_v9/columns/200pct-S2/attempts/200pct-S2%2FOR-003,False
full,v9,columns/200pct-S2,200pct-S2/OR-004,AP,AP,AP,True,True,True,1577.6,1577.6,completed,,,FALLBACK_FULL_DATA,0,0,0,[],1,computed,13.012,0,[],computed,,,,none,objective_matched,confirmed,,False,full_v9/columns/200pct-S2/attempts/200pct-S2%2FOR-004,False
full,v9,columns/200pct-S2,200pct-S2/OR-005,RA,RA,RA,True,True,True,150660.0,150660.0,completed,,,PLANNED,0,0,0,[],0,computed,14.189,0,[],computed,,,,none,objective_matched,confirmed,,False,full_v9/columns/200pct-S2/attempts/200pct-S2%2FOR-005,False
full,v9,columns/200pct-S2,200pct-S2/OR-006,RA,RA,RA,True,True,True,509925.0,509925.0,completed,,,PLANNED,0,0,0,[],0,computed,12.241,0,[],computed,,,,none,objective_matched,confirmed,,False,full_v9/columns/200pct-S2/attempts/200pct-S2%2FOR-006,False
full,v9,columns/200pct-S2,200pct-S2/OR-007,RA,RA,RA,True,True,True,722376.0,722376.0,completed,,,PLANNED,0,0,0,[],0,computed,20.371,0,[],computed,,,,none,objective_matched,confirmed,,False,full_v9/columns/200pct-S2/attempts/200pct-S2%2FOR-007,False
full,v9,columns/200pct-S2,200pct-S2/OR-008,RA,RA,RA,True,True,True,1314500.0,1314500.0,completed,,,PLANNED,0,0,0,[],0,computed,15.741,0,[],computed,,,,none,objective_matched,confirmed,,False,full_v9/columns/200pct-S2/attempts/200pct-S2%2FOR-008,False
full,v9,columns/200pct-S2,200pct-S2/OR-009,RA,RA,RA,True,True,True,3912.0,3912.0,completed,,,FALLBACK_FULL_DATA,0,0,0,[],1,computed,14.308,0,[],computed,,,,none,objective_matched,confirmed,,False,full_v9/columns/200pct-S2/attempts/200pct-S2%2FOR-009,False
full,v9,columns/200pct-S2,200pct-S2/OR-010,RA,RA,RA,True,True,True,8000.0,8000.0,completed,,,FALLBACK_FULL_DATA,0,0,0,[],1,computed,15.013,0,[],computed,,,,none,objective_matched,confirmed,,False,full_v9/columns/200pct-S2/attempts/200pct-S2%2FOR-010,False
full,v9,columns/200pct-S2,200pct-S2/OR-011,RA,RA,RA,True,True,True,212.0,212.0,completed,,,PLANNED,0,0,0,[],0,computed,13.369,0,[],computed,,,,none,objective_matched,confirmed,,False,full_v9/columns/200pct-S2/attempts/200pct-S2%2FOR-011,False
full,v9,columns/200pct-S2,200pct-S2/OR-012,RA,RA,RA,True,True,True,5433.0,5433.0,completed,,,PLANNED,0,0,0,[],0,computed,13.825,0,[],computed,,,,none,objective_matched,confirmed,,False,full_v9/columns/200pct-S2/attempts/200pct-S2%2FOR-012,False
full,v9,columns/200pct-S2,200pct-S2/OR-013,RA,RA,RA,True,True,True,635052.0,635052.0,completed,,,FALLBACK_FULL_DATA,0,0,0,[],1,computed,16.087,0,[],computed,,,,none,objective_matched,confirmed,,False,full_v9/columns/200pct-S2/attempts/200pct-S2%2FOR-013,False
full,v9,columns/200pct-S2,200pct-S2/OR-014,RA,RA,RA,True,True,True,85500.0,85500.0,completed,,,FALLBACK_FULL_DATA,0,0,0,[],1,computed,15.327,0,[],computed,,,,none,objective_matched,confirmed,,False,full_v9/columns/200pct-S2/attempts/200pct-S2%2FOR-014,False
full,v9,columns/200pct-S2,200pct-S2/OR-015,RA,RA,RA,True,True,True,41040.0,41040.0,completed,,,FALLBACK_FULL_DATA,0,0,0,[],1,computed,16.132,0,[],computed,,,,none,objective_matched,confirmed,,False,full_v9/columns/200pct-S2/attempts/200pct-S2%2FOR-015,False
full,v9,columns/200pct-S2,200pct-S2/OR-016,TP,TP,TP,True,True,True,172752.82458839755,172752.8246,completed,,,PLANNED,0,0,0,[],0,computed,19.31,0,[],computed,,,,none,objective_matched,confirmed,,False,full_v9/columns/200pct-S2/attempts/200pct-S2%2FOR-016,False
full,v9,columns/200pct-S2,200pct-S2/OR-017,TP,TP,TP,True,True,True,36778.5109458,36778.51094,completed,,,PLANNED,0,0,0,[],0,computed,16.908,0,[],computed,,,,none,objective_matched,confirmed,,False,full_v9/columns/200pct-S2/attempts/200pct-S2%2FOR-017,False
full,v9,columns/200pct-S2,200pct-S2/OR-018,TP,TP,TP,True,True,True,913520.1122932937,913520.1123,completed,,,PLANNED,0,0,0,[],0,computed,17.031,0,[],computed,,,,none,objective_matched,confirmed,,False,full_v9/columns/200pct-S2/attempts/200pct-S2%2FOR-018,False
full,v9,columns/200pct-S2,200pct-S2/OR-019,TP,TP,TP,True,True,True,2710.9341837593297,2710.934184,completed,,,PLANNED,0,0,0,[],0,computed,17.784,0,[],computed,,,,none,objective_matched,confirmed,,False,full_v9/columns/200pct-S2/attempts/200pct-S2%2FOR-019,False
full,v9,columns/200pct-S2,200pct-S2/OR-020,TP,TP,TP,True,True,True,10291.277006657501,10291.27701,completed,,,FALLBACK_FULL_DATA,0,0,0,[],1,computed,16.704,0,[],computed,,,,none,objective_matched,confirmed,,False,full_v9/columns/200pct-S2/attempts/200pct-S2%2FOR-020,False
full,v9,columns/200pct-S2,200pct-S2/OR-021,TP,TP,TP,True,True,True,238781.5119254966,238781.5119,completed,,,PLANNED,0,0,0,[],0,computed,16.136,0,[],computed,,,,none,objective_matched,confirmed,,False,full_v9/columns/200pct-S2/attempts/200pct-S2%2FOR-021,False
full,v9,columns/200pct-S2,200pct-S2/OR-022,FLP,FLP,FLP,True,True,True,10199.960000000001,10199.96,completed,,,PLANNED,0,0,0,[],0,computed,20.695,0,[],computed,,,,none,objective_matched,confirmed,,False,full_v9/columns/200pct-S2/attempts/200pct-S2%2FOR-022,False
full,v9,columns/200pct-S2,200pct-S2/OR-023,FLP,FLP,FLP,True,False,False,,172612.46,solve,KeyError,"KeyError: ('DES MOINES', 'Customer_5')",FALLBACK_FULL_DATA,0,0,0,[],1,computed,18.828,0,[],computed,,,,execution,KeyError,confirmed; upstream semantic cause may be unresolved,,False,full_v9/columns/200pct-S2/attempts/200pct-S2%2FOR-023,False
full,v9,columns/200pct-S2,200pct-S2/OR-024,FLP,FLP,FLP,True,True,True,317318.5,317318.5,completed,,,PLANNED,0,0,0,[],0,computed,19.143,0,[],computed,,,,none,objective_matched,confirmed,,False,full_v9/columns/200pct-S2/attempts/200pct-S2%2FOR-024,False
full,v9,columns/200pct-S2,200pct-S2/OR-025,FLP,FLP,FLP,True,True,True,11396.51,11396.51,completed,,,PLANNED,0,0,0,[],0,computed,15.75,0,[],computed,,,,none,objective_matched,confirmed,,False,full_v9/columns/200pct-S2/attempts/200pct-S2%2FOR-025,False
full,v9,columns/200pct-S2,200pct-S2/OR-026,FLP,FLP,FLP,True,True,True,150992.5,150992.5,completed,,,PLANNED,0,0,0,[],0,computed,16.43,0,[],computed,,,,none,objective_matched,confirmed,,False,full_v9/columns/200pct-S2/attempts/200pct-S2%2FOR-026,False
full,v9,columns/200pct-S2,200pct-S2/OR-027,FLP,FLP,FLP,True,True,True,1555.4999999999993,1555.5,completed,,,PLANNED,0,0,0,[],0,computed,17.722,0,[],computed,,,,none,objective_matched,confirmed,,False,full_v9/columns/200pct-S2/attempts/200pct-S2%2FOR-027,False
full,v9,columns/200pct-S2,200pct-S2/OR-028,FLP,FLP,FLP,True,True,False,10188.0,10419.0,completed,,,PLANNED,0,0,0,[],0,computed,23.632,0,[],computed,,,,mathematical_modeling_or_code_generation,objective_mismatch,unresolved; solver optimality does not prove formulation correctness,,False,full_v9/columns/200pct-S2/attempts/200pct-S2%2FOR-028,False
full,v9,columns/200pct-S2,200pct-S2/OR-029,Mixture,RA,RA,False,True,True,80250.0,80250.0,completed,,,PLANNED,0,0,0,[],0,computed,14.813,0,[],computed,,,,none,objective_matched,confirmed,,False,full_v9/columns/200pct-S2/attempts/200pct-S2%2FOR-029,False
full,v9,columns/200pct-S2,200pct-S2/OR-030,Mixture,Mixture,Others,True,True,True,1514.0,1514.0,completed,,,PLANNED,0,0,0,[],0,computed,15.245,0,[],computed,,,,none,objective_matched,confirmed,,False,full_v9/columns/200pct-S2/attempts/200pct-S2%2FOR-030,False
full,v9,columns/200pct-S2,200pct-S2/OR-031,Mixture,Mixture,Others,True,True,True,152.76,152.76,completed,,,PLANNED,0,0,0,[],0,computed,15.201,0,[],computed,,,,none,objective_matched,confirmed,,False,full_v9/columns/200pct-S2/attempts/200pct-S2%2FOR-031,False
full,v9,columns/200pct-S2,200pct-S2/OR-032,Mixture,Others,Others,False,True,True,421.0,421.0,completed,,,PLANNED,0,0,0,[],0,computed,20.466,0,[],computed,,,,none,objective_matched,confirmed,,False,full_v9/columns/200pct-S2/attempts/200pct-S2%2FOR-032,False
full,v9,columns/200pct-S2,200pct-S2/OR-033,Others,Others,Others,True,True,True,25.0,25.0,completed,,,PLANNED,0,0,0,[],0,computed,15.983,0,[],computed,,,,none,objective_matched,confirmed,,False,full_v9/columns/200pct-S2/attempts/200pct-S2%2FOR-033,False
full,v9,columns/200pct-S2,200pct-S2/OR-034,Others,Others,Others,True,True,True,133.0,133.0,completed,,,PLANNED,0,0,0,[],0,computed,13.833,0,[],computed,,,,none,objective_matched,confirmed,,False,full_v9/columns/200pct-S2/attempts/200pct-S2%2FOR-034,False
full,v9,columns/200pct-S2,200pct-S2/OR-035,Others,Others,Others,True,True,True,3.910164341169253,3.91,completed,,,PLANNED,0,0,0,[],0,computed,14.684,0,[],computed,,,,none,objective_matched,confirmed,,False,full_v9/columns/200pct-S2/attempts/200pct-S2%2FOR-035,False
full,v9,columns/200pct-S3,200pct-S3/OR-001,AP,AP,AP,True,True,True,9000.0,9000.0,completed,,,FALLBACK_FULL_DATA,0,0,0,[],1,computed,11.731,0,[],computed,,,,none,objective_matched,confirmed,,False,full_v9/columns/200pct-S3/attempts/200pct-S3%2FOR-001,False
full,v9,columns/200pct-S3,200pct-S3/OR-002,AP,AP,AP,True,True,True,9089.0,9089.0,completed,,,FALLBACK_FULL_DATA,0,0,0,[],1,computed,14.382,0,[],computed,,,,none,objective_matched,confirmed,,False,full_v9/columns/200pct-S3/attempts/200pct-S3%2FOR-002,False
full,v9,columns/200pct-S3,200pct-S3/OR-003,AP,AP,AP,True,True,True,8809.0,8809.0,completed,,,FALLBACK_FULL_DATA,0,0,0,[],1,computed,12.189,0,[],computed,,,,none,objective_matched,confirmed,,False,full_v9/columns/200pct-S3/attempts/200pct-S3%2FOR-003,False
full,v9,columns/200pct-S3,200pct-S3/OR-004,AP,AP,AP,True,True,True,1577.6,1577.6,completed,,,PLANNED,0,0,0,[],0,computed,12.358,0,[],computed,,,,none,objective_matched,confirmed,,False,full_v9/columns/200pct-S3/attempts/200pct-S3%2FOR-004,False
full,v9,columns/200pct-S3,200pct-S3/OR-005,RA,RA,RA,True,True,True,150660.0,150660.0,completed,,,PLANNED,0,0,0,[],0,computed,14.317,0,[],computed,,,,none,objective_matched,confirmed,,False,full_v9/columns/200pct-S3/attempts/200pct-S3%2FOR-005,False
full,v9,columns/200pct-S3,200pct-S3/OR-006,RA,RA,RA,True,True,True,509925.0,509925.0,completed,,,PLANNED,0,0,0,[],0,computed,14.272,0,[],computed,,,,none,objective_matched,confirmed,,False,full_v9/columns/200pct-S3/attempts/200pct-S3%2FOR-006,False
full,v9,columns/200pct-S3,200pct-S3/OR-007,RA,RA,RA,True,True,True,722376.0,722376.0,completed,,,PLANNED,0,0,0,[],0,computed,12.263,0,[],computed,,,,none,objective_matched,confirmed,,False,full_v9/columns/200pct-S3/attempts/200pct-S3%2FOR-007,False
full,v9,columns/200pct-S3,200pct-S3/OR-008,RA,RA,RA,True,True,True,1314500.0,1314500.0,completed,,,PLANNED,0,0,0,[],0,computed,13.511,0,[],computed,,,,none,objective_matched,confirmed,,False,full_v9/columns/200pct-S3/attempts/200pct-S3%2FOR-008,False
full,v9,columns/200pct-S3,200pct-S3/OR-009,RA,RA,RA,True,True,True,3912.0,3912.0,completed,,,PLANNED,0,0,0,[],0,computed,18.633,0,[],computed,,,,none,objective_matched,confirmed,,False,full_v9/columns/200pct-S3/attempts/200pct-S3%2FOR-009,False
full,v9,columns/200pct-S3,200pct-S3/OR-010,RA,RA,RA,True,True,True,8000.0,8000.0,completed,,,FALLBACK_FULL_DATA,0,0,0,[],1,computed,14.539,0,[],computed,,,,none,objective_matched,confirmed,,False,full_v9/columns/200pct-S3/attempts/200pct-S3%2FOR-010,False
full,v9,columns/200pct-S3,200pct-S3/OR-011,RA,RA,RA,True,True,True,212.0,212.0,completed,,,PLANNED,0,0,0,[],0,computed,13.388,0,[],computed,,,,none,objective_matched,confirmed,,False,full_v9/columns/200pct-S3/attempts/200pct-S3%2FOR-011,False
full,v9,columns/200pct-S3,200pct-S3/OR-012,RA,RA,RA,True,True,True,5433.0,5433.0,completed,,,PLANNED,0,0,0,[],0,computed,13.469,0,[],computed,,,,none,objective_matched,confirmed,,False,full_v9/columns/200pct-S3/attempts/200pct-S3%2FOR-012,False
full,v9,columns/200pct-S3,200pct-S3/OR-013,RA,RA,RA,True,True,True,635052.0,635052.0,completed,,,FALLBACK_FULL_DATA,0,0,0,[],1,computed,13.935,0,[],computed,,,,none,objective_matched,confirmed,,False,full_v9/columns/200pct-S3/attempts/200pct-S3%2FOR-013,False
full,v9,columns/200pct-S3,200pct-S3/OR-014,RA,RA,RA,True,True,True,85500.0,85500.0,completed,,,FALLBACK_FULL_DATA,0,0,0,[],1,computed,14.571,0,[],computed,,,,none,objective_matched,confirmed,,False,full_v9/columns/200pct-S3/attempts/200pct-S3%2FOR-014,False
full,v9,columns/200pct-S3,200pct-S3/OR-015,RA,RA,RA,True,True,True,41040.0,41040.0,completed,,,FALLBACK_FULL_DATA,0,0,0,[],1,computed,19.479,0,[],computed,,,,none,objective_matched,confirmed,,False,full_v9/columns/200pct-S3/attempts/200pct-S3%2FOR-015,False
full,v9,columns/200pct-S3,200pct-S3/OR-016,TP,TP,TP,True,True,True,172752.82458839755,172752.8246,completed,,,PLANNED,0,0,0,[],0,computed,19.81,0,[],computed,,,,none,objective_matched,confirmed,,False,full_v9/columns/200pct-S3/attempts/200pct-S3%2FOR-016,False
full,v9,columns/200pct-S3,200pct-S3/OR-017,TP,TP,TP,True,True,True,36778.5109458,36778.51094,completed,,,PLANNED,0,0,0,[],0,computed,17.353,0,[],computed,,,,none,objective_matched,confirmed,,False,full_v9/columns/200pct-S3/attempts/200pct-S3%2FOR-017,False
full,v9,columns/200pct-S3,200pct-S3/OR-018,TP,TP,TP,True,True,True,913520.1122932937,913520.1123,completed,,,PLANNED,0,0,0,[],0,computed,16.929,0,[],computed,,,,none,objective_matched,confirmed,,False,full_v9/columns/200pct-S3/attempts/200pct-S3%2FOR-018,False
full,v9,columns/200pct-S3,200pct-S3/OR-019,TP,TP,TP,True,True,True,2710.9341837593297,2710.934184,completed,,,PLANNED,0,0,0,[],0,computed,19.83,0,[],computed,,,,none,objective_matched,confirmed,,False,full_v9/columns/200pct-S3/attempts/200pct-S3%2FOR-019,False
full,v9,columns/200pct-S3,200pct-S3/OR-020,TP,TP,TP,True,True,True,10291.277006657501,10291.27701,completed,,,PLANNED,0,0,0,[],0,computed,17.234,0,[],computed,,,,none,objective_matched,confirmed,,False,full_v9/columns/200pct-S3/attempts/200pct-S3%2FOR-020,False
full,v9,columns/200pct-S3,200pct-S3/OR-021,TP,TP,TP,True,True,True,238781.5119254966,238781.5119,completed,,,PLANNED,0,0,0,[],0,computed,18.871,0,[],computed,,,,none,objective_matched,confirmed,,False,full_v9/columns/200pct-S3/attempts/200pct-S3%2FOR-021,False
full,v9,columns/200pct-S3,200pct-S3/OR-022,FLP,FLP,FLP,True,True,True,10199.960000000001,10199.96,completed,,,PLANNED,0,0,0,[],0,computed,21.461,0,[],computed,,,,none,objective_matched,confirmed,,False,full_v9/columns/200pct-S3/attempts/200pct-S3%2FOR-022,False
full,v9,columns/200pct-S3,200pct-S3/OR-023,FLP,FLP,FLP,True,False,False,,172612.46,solve,KeyError,KeyError: 'Customer_1',FALLBACK_FULL_DATA,0,0,0,[],1,computed,20.398,0,[],computed,,,,execution,KeyError,confirmed; upstream semantic cause may be unresolved,,False,full_v9/columns/200pct-S3/attempts/200pct-S3%2FOR-023,False
full,v9,columns/200pct-S3,200pct-S3/OR-024,FLP,FLP,FLP,True,True,True,317318.5,317318.5,completed,,,PLANNED,0,0,0,[],0,computed,18.016,0,[],computed,,,,none,objective_matched,confirmed,,False,full_v9/columns/200pct-S3/attempts/200pct-S3%2FOR-024,False
full,v9,columns/200pct-S3,200pct-S3/OR-025,FLP,FLP,FLP,True,True,True,11396.51,11396.51,completed,,,PLANNED,0,0,0,[],0,computed,16.436,0,[],computed,,,,none,objective_matched,confirmed,,False,full_v9/columns/200pct-S3/attempts/200pct-S3%2FOR-025,False
full,v9,columns/200pct-S3,200pct-S3/OR-026,FLP,FLP,FLP,True,True,True,150992.5,150992.5,completed,,,PLANNED,0,0,0,[],0,computed,18.466,0,[],computed,,,,none,objective_matched,confirmed,,False,full_v9/columns/200pct-S3/attempts/200pct-S3%2FOR-026,False
full,v9,columns/200pct-S3,200pct-S3/OR-027,FLP,FLP,FLP,True,True,True,1555.4999999999993,1555.5,completed,,,PLANNED,0,0,0,[],0,computed,14.713,0,[],computed,,,,none,objective_matched,confirmed,,False,full_v9/columns/200pct-S3/attempts/200pct-S3%2FOR-027,False
full,v9,columns/200pct-S3,200pct-S3/OR-028,FLP,FLP,FLP,True,True,False,10188.0,10419.0,completed,,,PLANNED,0,0,0,[],0,computed,19.551,0,[],computed,,,,mathematical_modeling_or_code_generation,objective_mismatch,unresolved; solver optimality does not prove formulation correctness,,False,full_v9/columns/200pct-S3/attempts/200pct-S3%2FOR-028,False
full,v9,columns/200pct-S3,200pct-S3/OR-029,Mixture,RA,RA,False,True,True,80250.0,80250.0,completed,,,PLANNED,0,0,0,[],0,computed,15.962,0,[],computed,,,,none,objective_matched,confirmed,,False,full_v9/columns/200pct-S3/attempts/200pct-S3%2FOR-029,False
full,v9,columns/200pct-S3,200pct-S3/OR-030,Mixture,Mixture,Others,True,True,True,1514.0,1514.0,completed,,,PLANNED,0,0,0,[],0,computed,16.548,0,[],computed,,,,none,objective_matched,confirmed,,False,full_v9/columns/200pct-S3/attempts/200pct-S3%2FOR-030,False
full,v9,columns/200pct-S3,200pct-S3/OR-031,Mixture,Mixture,Others,True,True,True,152.76,152.76,completed,,,PLANNED,0,0,0,[],0,computed,14.819,0,[],computed,,,,none,objective_matched,confirmed,,False,full_v9/columns/200pct-S3/attempts/200pct-S3%2FOR-031,False
full,v9,columns/200pct-S3,200pct-S3/OR-032,Mixture,Others,Others,False,True,True,421.0,421.0,completed,,,PLANNED,0,0,0,[],0,computed,14.532,0,[],computed,,,,none,objective_matched,confirmed,,False,full_v9/columns/200pct-S3/attempts/200pct-S3%2FOR-032,False
full,v9,columns/200pct-S3,200pct-S3/OR-033,Others,Others,Others,True,True,True,25.0,25.0,completed,,,PLANNED,0,0,0,[],0,computed,14.471,0,[],computed,,,,none,objective_matched,confirmed,,False,full_v9/columns/200pct-S3/attempts/200pct-S3%2FOR-033,False
full,v9,columns/200pct-S3,200pct-S3/OR-034,Others,Others,Others,True,True,True,133.0,133.0,completed,,,PLANNED,0,0,0,[],0,computed,13.252,0,[],computed,,,,none,objective_matched,confirmed,,False,full_v9/columns/200pct-S3/attempts/200pct-S3%2FOR-034,False
full,v9,columns/200pct-S3,200pct-S3/OR-035,Others,Others,Others,True,True,True,3.910164341169253,3.91,completed,,,FALLBACK_FULL_DATA,0,0,0,[],1,computed,17.456,0,[],computed,,,,none,objective_matched,confirmed,,False,full_v9/columns/200pct-S3/attempts/200pct-S3%2FOR-035,False
full,v9,columns/50pct-S1,50pct-S1/OR-001,AP,AP,AP,True,True,True,9000.0,9000.0,completed,,,FALLBACK_FULL_DATA,0,0,0,[],1,computed,13.34,0,[],computed,,,,none,objective_matched,confirmed,,False,full_v9/columns/50pct-S1/attempts/50pct-S1%2FOR-001,False
full,v9,columns/50pct-S1,50pct-S1/OR-002,AP,AP,AP,True,True,True,9089.0,9089.0,completed,,,FALLBACK_FULL_DATA,0,0,0,[],1,computed,12.685,0,[],computed,,,,none,objective_matched,confirmed,,False,full_v9/columns/50pct-S1/attempts/50pct-S1%2FOR-002,False
full,v9,columns/50pct-S1,50pct-S1/OR-003,AP,AP,AP,True,True,True,8809.0,8809.0,completed,,,FALLBACK_FULL_DATA,0,0,0,[],1,computed,14.983,0,[],computed,,,,none,objective_matched,confirmed,,False,full_v9/columns/50pct-S1/attempts/50pct-S1%2FOR-003,False
full,v9,columns/50pct-S1,50pct-S1/OR-004,AP,AP,AP,True,True,True,1577.6,1577.6,completed,,,FALLBACK_FULL_DATA,0,0,0,[],1,computed,12.895,0,[],computed,,,,none,objective_matched,confirmed,,False,full_v9/columns/50pct-S1/attempts/50pct-S1%2FOR-004,False
full,v9,columns/50pct-S1,50pct-S1/OR-005,RA,RA,RA,True,True,True,150660.0,150660.0,completed,,,PLANNED,0,0,0,[],0,computed,14.819,0,[],computed,,,,none,objective_matched,confirmed,,False,full_v9/columns/50pct-S1/attempts/50pct-S1%2FOR-005,False
full,v9,columns/50pct-S1,50pct-S1/OR-006,RA,RA,RA,True,True,True,509925.0,509925.0,completed,,,PLANNED,0,0,0,[],0,computed,13.602,0,[],computed,,,,none,objective_matched,confirmed,,False,full_v9/columns/50pct-S1/attempts/50pct-S1%2FOR-006,False
full,v9,columns/50pct-S1,50pct-S1/OR-007,RA,RA,RA,True,True,True,722376.0,722376.0,completed,,,PLANNED,0,0,0,[],0,computed,15.41,0,[],computed,,,,none,objective_matched,confirmed,,False,full_v9/columns/50pct-S1/attempts/50pct-S1%2FOR-007,False
full,v9,columns/50pct-S1,50pct-S1/OR-008,RA,RA,RA,True,True,True,1314500.0,1314500.0,completed,,,PLANNED,0,0,0,[],0,computed,15.831,0,[],computed,,,,none,objective_matched,confirmed,,False,full_v9/columns/50pct-S1/attempts/50pct-S1%2FOR-008,False
full,v9,columns/50pct-S1,50pct-S1/OR-009,RA,RA,RA,True,True,True,3912.0,3912.0,completed,,,PLANNED,0,0,0,[],0,computed,14.509,0,[],computed,,,,none,objective_matched,confirmed,,False,full_v9/columns/50pct-S1/attempts/50pct-S1%2FOR-009,False
full,v9,columns/50pct-S1,50pct-S1/OR-010,RA,RA,RA,True,True,True,8000.0,8000.0,completed,,,FALLBACK_FULL_DATA,0,0,0,[],1,computed,16.144,0,[],computed,,,,none,objective_matched,confirmed,,False,full_v9/columns/50pct-S1/attempts/50pct-S1%2FOR-010,False
full,v9,columns/50pct-S1,50pct-S1/OR-011,RA,RA,RA,True,True,True,212.0,212.0,completed,,,PLANNED,0,0,0,[],0,computed,13.737,0,[],computed,,,,none,objective_matched,confirmed,,False,full_v9/columns/50pct-S1/attempts/50pct-S1%2FOR-011,False
full,v9,columns/50pct-S1,50pct-S1/OR-012,RA,RA,RA,True,True,True,5433.0,5433.0,completed,,,PLANNED,0,0,0,[],0,computed,15.194,0,[],computed,,,,none,objective_matched,confirmed,,False,full_v9/columns/50pct-S1/attempts/50pct-S1%2FOR-012,False
full,v9,columns/50pct-S1,50pct-S1/OR-013,RA,RA,RA,True,True,True,635052.0,635052.0,completed,,,FALLBACK_FULL_DATA,0,0,0,[],1,computed,17.026,0,[],computed,,,,none,objective_matched,confirmed,,False,full_v9/columns/50pct-S1/attempts/50pct-S1%2FOR-013,False
full,v9,columns/50pct-S1,50pct-S1/OR-014,RA,RA,RA,True,True,True,85500.0,85500.0,completed,,,FALLBACK_FULL_DATA,0,0,0,[],1,computed,15.651,0,[],computed,,,,none,objective_matched,confirmed,,False,full_v9/columns/50pct-S1/attempts/50pct-S1%2FOR-014,False
full,v9,columns/50pct-S1,50pct-S1/OR-015,RA,RA,RA,True,True,True,41040.0,41040.0,completed,,,FALLBACK_FULL_DATA,0,0,0,[],1,computed,15.564,0,[],computed,,,,none,objective_matched,confirmed,,False,full_v9/columns/50pct-S1/attempts/50pct-S1%2FOR-015,False
full,v9,columns/50pct-S1,50pct-S1/OR-016,TP,TP,TP,True,True,True,172752.82458839755,172752.8246,completed,,,PLANNED,0,0,0,[],0,computed,21.043,0,[],computed,,,,none,objective_matched,confirmed,,False,full_v9/columns/50pct-S1/attempts/50pct-S1%2FOR-016,False
full,v9,columns/50pct-S1,50pct-S1/OR-017,TP,TP,TP,True,True,True,36778.5109458,36778.51094,completed,,,PLANNED,0,0,0,[],0,computed,18.209,0,[],computed,,,,none,objective_matched,confirmed,,False,full_v9/columns/50pct-S1/attempts/50pct-S1%2FOR-017,False
full,v9,columns/50pct-S1,50pct-S1/OR-018,TP,TP,TP,True,True,True,913520.1122932937,913520.1123,completed,,,PLANNED,0,0,0,[],0,computed,18.99,0,[],computed,,,,none,objective_matched,confirmed,,False,full_v9/columns/50pct-S1/attempts/50pct-S1%2FOR-018,False
full,v9,columns/50pct-S1,50pct-S1/OR-019,TP,TP,TP,True,True,True,2710.9341837593297,2710.934184,completed,,,PLANNED,0,0,0,[],0,computed,18.856,0,[],computed,,,,none,objective_matched,confirmed,,False,full_v9/columns/50pct-S1/attempts/50pct-S1%2FOR-019,False
full,v9,columns/50pct-S1,50pct-S1/OR-020,TP,TP,TP,True,True,True,10291.277006657501,10291.27701,completed,,,PLANNED,0,0,0,[],0,computed,20.064,0,[],computed,,,,none,objective_matched,confirmed,,False,full_v9/columns/50pct-S1/attempts/50pct-S1%2FOR-020,False
full,v9,columns/50pct-S1,50pct-S1/OR-021,TP,TP,TP,True,True,True,238781.5119254966,238781.5119,completed,,,PLANNED,0,0,0,[],0,computed,21.938,0,[],computed,,,,none,objective_matched,confirmed,,False,full_v9/columns/50pct-S1/attempts/50pct-S1%2FOR-021,False
full,v9,columns/50pct-S1,50pct-S1/OR-022,FLP,FLP,FLP,True,True,True,10199.960000000001,10199.96,completed,,,PLANNED,0,0,0,[],0,computed,20.829,0,[],computed,,,,none,objective_matched,confirmed,,False,full_v9/columns/50pct-S1/attempts/50pct-S1%2FOR-022,False
full,v9,columns/50pct-S1,50pct-S1/OR-023,FLP,FLP,FLP,True,True,True,172612.46,172612.46,completed,,,FALLBACK_FULL_DATA,0,0,0,[],1,computed,17.17,0,[],computed,,,,none,objective_matched,confirmed,,False,full_v9/columns/50pct-S1/attempts/50pct-S1%2FOR-023,False
full,v9,columns/50pct-S1,50pct-S1/OR-024,FLP,FLP,FLP,True,True,True,317318.5,317318.5,completed,,,PLANNED,0,0,0,[],0,computed,15.972,0,[],computed,,,,none,objective_matched,confirmed,,False,full_v9/columns/50pct-S1/attempts/50pct-S1%2FOR-024,False
full,v9,columns/50pct-S1,50pct-S1/OR-025,FLP,FLP,FLP,True,True,True,11396.51,11396.51,completed,,,PLANNED,0,0,0,[],0,computed,15.676,0,[],computed,,,,none,objective_matched,confirmed,,False,full_v9/columns/50pct-S1/attempts/50pct-S1%2FOR-025,False
full,v9,columns/50pct-S1,50pct-S1/OR-026,FLP,FLP,FLP,True,True,True,150992.5,150992.5,completed,,,FALLBACK_FULL_DATA,0,0,0,[],1,computed,19.053,0,[],computed,,,,none,objective_matched,confirmed,,False,full_v9/columns/50pct-S1/attempts/50pct-S1%2FOR-026,False
full,v9,columns/50pct-S1,50pct-S1/OR-027,FLP,FLP,FLP,True,True,True,1555.4999999999993,1555.5,completed,,,PLANNED,0,0,0,[],0,computed,16.638,0,[],computed,,,,none,objective_matched,confirmed,,False,full_v9/columns/50pct-S1/attempts/50pct-S1%2FOR-027,False
full,v9,columns/50pct-S1,50pct-S1/OR-028,FLP,FLP,FLP,True,True,True,10419.0,10419.0,completed,,,FALLBACK_FULL_DATA,0,0,0,[],1,computed,15.789,0,[],computed,,,,none,objective_matched,confirmed,,False,full_v9/columns/50pct-S1/attempts/50pct-S1%2FOR-028,False
full,v9,columns/50pct-S1,50pct-S1/OR-029,Mixture,RA,RA,False,True,True,80250.0,80250.0,completed,,,FALLBACK_FULL_DATA,0,0,0,[],1,computed,14.982,0,[],computed,,,,none,objective_matched,confirmed,,False,full_v9/columns/50pct-S1/attempts/50pct-S1%2FOR-029,False
full,v9,columns/50pct-S1,50pct-S1/OR-030,Mixture,Mixture,Others,True,True,True,1514.0,1514.0,completed,,,PLANNED,0,0,0,[],0,computed,16.075,0,[],computed,,,,none,objective_matched,confirmed,,False,full_v9/columns/50pct-S1/attempts/50pct-S1%2FOR-030,False
full,v9,columns/50pct-S1,50pct-S1/OR-031,Mixture,Mixture,Others,True,True,True,152.76,152.76,completed,,,PLANNED,0,0,0,[],0,computed,14.236,0,[],computed,,,,none,objective_matched,confirmed,,False,full_v9/columns/50pct-S1/attempts/50pct-S1%2FOR-031,False
full,v9,columns/50pct-S1,50pct-S1/OR-032,Mixture,Others,Others,False,True,True,421.0,421.0,completed,,,PLANNED,0,0,0,[],0,computed,14.094,0,[],computed,,,,none,objective_matched,confirmed,,False,full_v9/columns/50pct-S1/attempts/50pct-S1%2FOR-032,False
full,v9,columns/50pct-S1,50pct-S1/OR-033,Others,Others,Others,True,True,False,43.0,25.0,completed,,,PLANNED,0,0,0,[],0,computed,14.773,0,[],computed,,,,mathematical_modeling,shift_duration_interval_unit_mismatch,confirmed from saved response/code; 8 hours incorrectly represented by 8 half-hour intervals,,False,full_v9/columns/50pct-S1/attempts/50pct-S1%2FOR-033,False
full,v9,columns/50pct-S1,50pct-S1/OR-034,Others,Others,Others,True,True,True,133.0,133.0,completed,,,PLANNED,0,0,0,[],0,computed,11.583,0,[],computed,,,,none,objective_matched,confirmed,,False,full_v9/columns/50pct-S1/attempts/50pct-S1%2FOR-034,False
full,v9,columns/50pct-S1,50pct-S1/OR-035,Others,Others,Others,True,True,True,3.910164341169253,3.91,completed,,,PLANNED,0,0,0,[],0,computed,17.618,0,[],computed,,,,none,objective_matched,confirmed,,False,full_v9/columns/50pct-S1/attempts/50pct-S1%2FOR-035,False
full,v9,columns/50pct-S2,50pct-S2/OR-001,AP,AP,AP,True,True,True,9000.0,9000.0,completed,,,FALLBACK_FULL_DATA,0,0,0,[],1,computed,12.478,0,[],computed,,,,none,objective_matched,confirmed,,False,full_v9/columns/50pct-S2/attempts/50pct-S2%2FOR-001,False
full,v9,columns/50pct-S2,50pct-S2/OR-002,AP,AP,AP,True,True,True,9089.0,9089.0,completed,,,FALLBACK_FULL_DATA,0,0,0,[],1,computed,12.545,0,[],computed,,,,none,objective_matched,confirmed,,False,full_v9/columns/50pct-S2/attempts/50pct-S2%2FOR-002,False
full,v9,columns/50pct-S2,50pct-S2/OR-003,AP,AP,AP,True,True,True,8809.0,8809.0,completed,,,FALLBACK_FULL_DATA,0,0,0,[],1,computed,15.212,0,[],computed,,,,none,objective_matched,confirmed,,False,full_v9/columns/50pct-S2/attempts/50pct-S2%2FOR-003,False
full,v9,columns/50pct-S2,50pct-S2/OR-004,AP,AP,AP,True,True,True,1577.6,1577.6,completed,,,FALLBACK_FULL_DATA,0,0,0,[],1,computed,13.214,0,[],computed,,,,none,objective_matched,confirmed,,False,full_v9/columns/50pct-S2/attempts/50pct-S2%2FOR-004,False
full,v9,columns/50pct-S2,50pct-S2/OR-005,RA,RA,RA,True,True,True,150660.0,150660.0,completed,,,PLANNED,0,0,0,[],0,computed,16.725,0,[],computed,,,,none,objective_matched,confirmed,,False,full_v9/columns/50pct-S2/attempts/50pct-S2%2FOR-005,False
full,v9,columns/50pct-S2,50pct-S2/OR-006,RA,RA,RA,True,True,True,509925.0,509925.0,completed,,,PLANNED,0,0,0,[],0,computed,16.229,0,[],computed,,,,none,objective_matched,confirmed,,False,full_v9/columns/50pct-S2/attempts/50pct-S2%2FOR-006,False
full,v9,columns/50pct-S2,50pct-S2/OR-007,RA,RA,RA,True,True,True,722376.0,722376.0,completed,,,PLANNED,0,0,0,[],0,computed,16.481,0,[],computed,,,,none,objective_matched,confirmed,,False,full_v9/columns/50pct-S2/attempts/50pct-S2%2FOR-007,False
full,v9,columns/50pct-S2,50pct-S2/OR-008,RA,RA,RA,True,True,True,1314500.0,1314500.0,completed,,,PLANNED,0,0,0,[],0,computed,16.569,0,[],computed,,,,none,objective_matched,confirmed,,False,full_v9/columns/50pct-S2/attempts/50pct-S2%2FOR-008,False
full,v9,columns/50pct-S2,50pct-S2/OR-009,RA,RA,RA,True,True,True,3912.0,3912.0,completed,,,PLANNED,0,0,0,[],0,computed,15.637,0,[],computed,,,,none,objective_matched,confirmed,,False,full_v9/columns/50pct-S2/attempts/50pct-S2%2FOR-009,False
full,v9,columns/50pct-S2,50pct-S2/OR-010,RA,RA,RA,True,True,True,8000.0,8000.0,completed,,,FALLBACK_FULL_DATA,0,0,0,[],1,computed,15.39,0,[],computed,,,,none,objective_matched,confirmed,,False,full_v9/columns/50pct-S2/attempts/50pct-S2%2FOR-010,False
full,v9,columns/50pct-S2,50pct-S2/OR-011,RA,RA,RA,True,True,True,212.0,212.0,completed,,,PLANNED,0,0,0,[],0,computed,13.766,0,[],computed,,,,none,objective_matched,confirmed,,False,full_v9/columns/50pct-S2/attempts/50pct-S2%2FOR-011,False
full,v9,columns/50pct-S2,50pct-S2/OR-012,RA,RA,RA,True,True,True,5433.0,5433.0,completed,,,PLANNED,0,0,0,[],0,computed,14.321,0,[],computed,,,,none,objective_matched,confirmed,,False,full_v9/columns/50pct-S2/attempts/50pct-S2%2FOR-012,False
full,v9,columns/50pct-S2,50pct-S2/OR-013,RA,RA,RA,True,True,True,635052.0,635052.0,completed,,,FALLBACK_FULL_DATA,0,0,0,[],1,computed,15.781,0,[],computed,,,,none,objective_matched,confirmed,,False,full_v9/columns/50pct-S2/attempts/50pct-S2%2FOR-013,False
full,v9,columns/50pct-S2,50pct-S2/OR-014,RA,RA,RA,True,True,True,85500.0,85500.0,completed,,,FALLBACK_FULL_DATA,0,0,0,[],1,computed,14.231,0,[],computed,,,,none,objective_matched,confirmed,,False,full_v9/columns/50pct-S2/attempts/50pct-S2%2FOR-014,False
full,v9,columns/50pct-S2,50pct-S2/OR-015,RA,RA,RA,True,True,True,41040.0,41040.0,completed,,,FALLBACK_FULL_DATA,0,0,0,[],1,computed,14.21,0,[],computed,,,,none,objective_matched,confirmed,,False,full_v9/columns/50pct-S2/attempts/50pct-S2%2FOR-015,False
full,v9,columns/50pct-S2,50pct-S2/OR-016,TP,TP,TP,True,True,True,172752.82458839755,172752.8246,completed,,,PLANNED,0,0,0,[],0,computed,21.522,0,[],computed,,,,none,objective_matched,confirmed,,False,full_v9/columns/50pct-S2/attempts/50pct-S2%2FOR-016,False
full,v9,columns/50pct-S2,50pct-S2/OR-017,TP,TP,TP,True,True,True,36778.5109458,36778.51094,completed,,,PLANNED,0,0,0,[],0,computed,19.052,0,[],computed,,,,none,objective_matched,confirmed,,False,full_v9/columns/50pct-S2/attempts/50pct-S2%2FOR-017,False
full,v9,columns/50pct-S2,50pct-S2/OR-018,TP,TP,TP,True,True,True,913520.1122932937,913520.1123,completed,,,PLANNED,0,0,0,[],0,computed,16.409,0,[],computed,,,,none,objective_matched,confirmed,,False,full_v9/columns/50pct-S2/attempts/50pct-S2%2FOR-018,False
full,v9,columns/50pct-S2,50pct-S2/OR-019,TP,TP,TP,True,True,True,2710.9341837593297,2710.934184,completed,,,PLANNED,0,0,0,[],0,computed,18.325,0,[],computed,,,,none,objective_matched,confirmed,,False,full_v9/columns/50pct-S2/attempts/50pct-S2%2FOR-019,False
full,v9,columns/50pct-S2,50pct-S2/OR-020,TP,TP,TP,True,False,False,,10291.27701,formulation,ModelOutputTruncated,ModelOutputTruncated: Model output is incomplete: finish_reason=length,PLANNED,0,0,0,[],0,computed,137.538,0,[],computed,,,,mathematical_modeling,unicode_space_output_degeneration,confirmed from saved response/code; valid CSVQA preceded >32000 padding characters and finish_reason=length,,False,full_v9/columns/50pct-S2/attempts/50pct-S2%2FOR-020,False
full,v9,columns/50pct-S2,50pct-S2/OR-021,TP,TP,TP,True,True,True,238781.5119254966,238781.5119,completed,,,PLANNED,0,0,0,[],0,computed,18.528,0,[],computed,,,,none,objective_matched,confirmed,,False,full_v9/columns/50pct-S2/attempts/50pct-S2%2FOR-021,False
full,v9,columns/50pct-S2,50pct-S2/OR-022,FLP,FLP,FLP,True,True,True,10199.960000000001,10199.96,completed,,,PLANNED,0,0,0,[],0,computed,18.994,0,[],computed,,,,none,objective_matched,confirmed,,False,full_v9/columns/50pct-S2/attempts/50pct-S2%2FOR-022,False
full,v9,columns/50pct-S2,50pct-S2/OR-023,FLP,FLP,FLP,True,False,False,,172612.46,solve,RuntimeError,RuntimeError: No optimal solution; solver status: 3,FALLBACK_FULL_DATA,0,0,0,[],1,computed,23.115,0,[],computed,,,,execution,RuntimeError,confirmed; upstream semantic cause may be unresolved,,False,full_v9/columns/50pct-S2/attempts/50pct-S2%2FOR-023,False
full,v9,columns/50pct-S2,50pct-S2/OR-024,FLP,FLP,FLP,True,True,True,317318.5,317318.5,completed,,,PLANNED,0,0,0,[],0,computed,16.814,0,[],computed,,,,none,objective_matched,confirmed,,False,full_v9/columns/50pct-S2/attempts/50pct-S2%2FOR-024,False
full,v9,columns/50pct-S2,50pct-S2/OR-025,FLP,FLP,FLP,True,True,False,11311.2,11396.51,completed,,,PLANNED,0,0,0,[],0,computed,15.025,0,[],computed,,,,mathematical_modeling,supplier_activation_links_omitted,confirmed from saved response/code; all shipment-to-opening links omitted because physical supplier capacity is unspecified,,False,full_v9/columns/50pct-S2/attempts/50pct-S2%2FOR-025,False
full,v9,columns/50pct-S2,50pct-S2/OR-026,FLP,FLP,FLP,True,True,True,150992.5,150992.5,completed,,,FALLBACK_FULL_DATA,0,0,0,[],1,computed,19.759,0,[],computed,,,,none,objective_matched,confirmed,,False,full_v9/columns/50pct-S2/attempts/50pct-S2%2FOR-026,False
full,v9,columns/50pct-S2,50pct-S2/OR-027,FLP,FLP,FLP,True,True,True,1555.4999999999993,1555.5,completed,,,PLANNED,0,0,0,[],0,computed,17.15,0,[],computed,,,,none,objective_matched,confirmed,,False,full_v9/columns/50pct-S2/attempts/50pct-S2%2FOR-027,False
full,v9,columns/50pct-S2,50pct-S2/OR-028,FLP,FLP,FLP,True,True,True,10419.0,10419.0,completed,,,FALLBACK_FULL_DATA,0,0,0,[],1,computed,16.047,0,[],computed,,,,none,objective_matched,confirmed,,False,full_v9/columns/50pct-S2/attempts/50pct-S2%2FOR-028,False
full,v9,columns/50pct-S2,50pct-S2/OR-029,Mixture,RA,RA,False,True,True,80250.0,80250.0,completed,,,FALLBACK_FULL_DATA,0,0,0,[],1,computed,18.064,0,[],computed,,,,none,objective_matched,confirmed,,False,full_v9/columns/50pct-S2/attempts/50pct-S2%2FOR-029,False
full,v9,columns/50pct-S2,50pct-S2/OR-030,Mixture,Mixture,Others,True,True,True,1514.0,1514.0,completed,,,PLANNED,0,0,0,[],0,computed,15.262,0,[],computed,,,,none,objective_matched,confirmed,,False,full_v9/columns/50pct-S2/attempts/50pct-S2%2FOR-030,False
full,v9,columns/50pct-S2,50pct-S2/OR-031,Mixture,Mixture,Others,True,True,True,152.76,152.76,completed,,,PLANNED,0,0,0,[],0,computed,15.05,0,[],computed,,,,none,objective_matched,confirmed,,False,full_v9/columns/50pct-S2/attempts/50pct-S2%2FOR-031,False
full,v9,columns/50pct-S2,50pct-S2/OR-032,Mixture,Others,Others,False,False,False,,421.0,formulation,ModelOutputTruncated,ModelOutputTruncated: Model output is incomplete: finish_reason=length,PLANNED,0,0,0,[],0,computed,142.289,0,[],computed,,,,mathematical_modeling,unicode_space_output_degeneration,confirmed from saved response/code; valid CSVQA preceded >32000 padding characters and finish_reason=length,,False,full_v9/columns/50pct-S2/attempts/50pct-S2%2FOR-032,False
full,v9,columns/50pct-S2,50pct-S2/OR-033,Others,Others,Others,True,True,True,25.0,25.0,completed,,,PLANNED,0,0,0,[],0,computed,16.379,0,[],computed,,,,none,objective_matched,confirmed,,False,full_v9/columns/50pct-S2/attempts/50pct-S2%2FOR-033,False
full,v9,columns/50pct-S2,50pct-S2/OR-034,Others,Others,Others,True,True,True,133.0,133.0,completed,,,PLANNED,0,0,0,[],0,computed,13.532,0,[],computed,,,,none,objective_matched,confirmed,,False,full_v9/columns/50pct-S2/attempts/50pct-S2%2FOR-034,False
full,v9,columns/50pct-S2,50pct-S2/OR-035,Others,Others,Others,True,True,True,3.910164341169253,3.91,completed,,,PLANNED,0,0,0,[],0,computed,15.971,0,[],computed,,,,none,objective_matched,confirmed,,False,full_v9/columns/50pct-S2/attempts/50pct-S2%2FOR-035,False
full,v9,columns/50pct-S3,50pct-S3/OR-001,AP,AP,AP,True,True,True,9000.0,9000.0,completed,,,FALLBACK_FULL_DATA,0,0,0,[],1,computed,12.543,0,[],computed,,,,none,objective_matched,confirmed,,False,full_v9/columns/50pct-S3/attempts/50pct-S3%2FOR-001,False
full,v9,columns/50pct-S3,50pct-S3/OR-002,AP,AP,AP,True,True,True,9089.0,9089.0,completed,,,FALLBACK_FULL_DATA,0,0,0,[],1,computed,11.806,0,[],computed,,,,none,objective_matched,confirmed,,False,full_v9/columns/50pct-S3/attempts/50pct-S3%2FOR-002,False
full,v9,columns/50pct-S3,50pct-S3/OR-003,AP,AP,AP,True,True,True,8809.0,8809.0,completed,,,FALLBACK_FULL_DATA,0,0,0,[],1,computed,14.426,0,[],computed,,,,none,objective_matched,confirmed,,False,full_v9/columns/50pct-S3/attempts/50pct-S3%2FOR-003,False
full,v9,columns/50pct-S3,50pct-S3/OR-004,AP,AP,AP,True,True,True,1577.6,1577.6,completed,,,FALLBACK_FULL_DATA,0,0,0,[],1,computed,14.483,0,[],computed,,,,none,objective_matched,confirmed,,False,full_v9/columns/50pct-S3/attempts/50pct-S3%2FOR-004,False
full,v9,columns/50pct-S3,50pct-S3/OR-005,RA,RA,RA,True,True,True,150660.0,150660.0,completed,,,PLANNED,0,0,0,[],0,computed,13.474,0,[],computed,,,,none,objective_matched,confirmed,,False,full_v9/columns/50pct-S3/attempts/50pct-S3%2FOR-005,False
full,v9,columns/50pct-S3,50pct-S3/OR-006,RA,RA,RA,True,True,True,509925.0,509925.0,completed,,,PLANNED,0,0,0,[],0,computed,13.673,0,[],computed,,,,none,objective_matched,confirmed,,False,full_v9/columns/50pct-S3/attempts/50pct-S3%2FOR-006,False
full,v9,columns/50pct-S3,50pct-S3/OR-007,RA,RA,RA,True,True,True,722376.0,722376.0,completed,,,PLANNED,0,0,0,[],0,computed,13.496,0,[],computed,,,,none,objective_matched,confirmed,,False,full_v9/columns/50pct-S3/attempts/50pct-S3%2FOR-007,False
full,v9,columns/50pct-S3,50pct-S3/OR-008,RA,RA,RA,True,True,True,1314500.0,1314500.0,completed,,,PLANNED,0,0,0,[],0,computed,17.611,0,[],computed,,,,none,objective_matched,confirmed,,False,full_v9/columns/50pct-S3/attempts/50pct-S3%2FOR-008,False
full,v9,columns/50pct-S3,50pct-S3/OR-009,RA,RA,RA,True,True,True,3912.0,3912.0,completed,,,PLANNED,0,0,0,[],0,computed,14.637,0,[],computed,,,,none,objective_matched,confirmed,,False,full_v9/columns/50pct-S3/attempts/50pct-S3%2FOR-009,False
full,v9,columns/50pct-S3,50pct-S3/OR-010,RA,RA,RA,True,True,True,8000.0,8000.0,completed,,,FALLBACK_FULL_DATA,0,0,0,[],1,computed,13.935,0,[],computed,,,,none,objective_matched,confirmed,,False,full_v9/columns/50pct-S3/attempts/50pct-S3%2FOR-010,False
full,v9,columns/50pct-S3,50pct-S3/OR-011,RA,RA,RA,True,True,True,212.0,212.0,completed,,,PLANNED,0,0,0,[],0,computed,12.465,0,[],computed,,,,none,objective_matched,confirmed,,False,full_v9/columns/50pct-S3/attempts/50pct-S3%2FOR-011,False
full,v9,columns/50pct-S3,50pct-S3/OR-012,RA,RA,RA,True,True,True,5433.0,5433.0,completed,,,PLANNED,0,0,0,[],0,computed,14.791,0,[],computed,,,,none,objective_matched,confirmed,,False,full_v9/columns/50pct-S3/attempts/50pct-S3%2FOR-012,False
full,v9,columns/50pct-S3,50pct-S3/OR-013,RA,RA,RA,True,True,True,635052.0,635052.0,completed,,,FALLBACK_FULL_DATA,0,0,0,[],1,computed,16.683,0,[],computed,,,,none,objective_matched,confirmed,,False,full_v9/columns/50pct-S3/attempts/50pct-S3%2FOR-013,False
full,v9,columns/50pct-S3,50pct-S3/OR-014,RA,RA,RA,True,True,True,85500.0,85500.0,completed,,,FALLBACK_FULL_DATA,0,0,0,[],1,computed,14.309,0,[],computed,,,,none,objective_matched,confirmed,,False,full_v9/columns/50pct-S3/attempts/50pct-S3%2FOR-014,False
full,v9,columns/50pct-S3,50pct-S3/OR-015,RA,RA,RA,True,True,True,41040.0,41040.0,completed,,,FALLBACK_FULL_DATA,0,0,0,[],1,computed,14.313,0,[],computed,,,,none,objective_matched,confirmed,,False,full_v9/columns/50pct-S3/attempts/50pct-S3%2FOR-015,False
full,v9,columns/50pct-S3,50pct-S3/OR-016,TP,TP,TP,True,True,True,172752.82458839755,172752.8246,completed,,,PLANNED,0,0,0,[],0,computed,17.981,0,[],computed,,,,none,objective_matched,confirmed,,False,full_v9/columns/50pct-S3/attempts/50pct-S3%2FOR-016,False
full,v9,columns/50pct-S3,50pct-S3/OR-017,TP,TP,TP,True,True,True,36778.5109458,36778.51094,completed,,,PLANNED,0,0,0,[],0,computed,18.238,0,[],computed,,,,none,objective_matched,confirmed,,False,full_v9/columns/50pct-S3/attempts/50pct-S3%2FOR-017,False
full,v9,columns/50pct-S3,50pct-S3/OR-018,TP,TP,TP,True,True,True,913520.1122932937,913520.1123,completed,,,PLANNED,0,0,0,[],0,computed,18.509,0,[],computed,,,,none,objective_matched,confirmed,,False,full_v9/columns/50pct-S3/attempts/50pct-S3%2FOR-018,False
full,v9,columns/50pct-S3,50pct-S3/OR-019,TP,TP,TP,True,True,True,2710.9341837593297,2710.934184,completed,,,PLANNED,0,0,0,[],0,computed,19.627,0,[],computed,,,,none,objective_matched,confirmed,,False,full_v9/columns/50pct-S3/attempts/50pct-S3%2FOR-019,False
full,v9,columns/50pct-S3,50pct-S3/OR-020,TP,TP,TP,True,True,True,10291.277006657501,10291.27701,completed,,,PLANNED,0,0,0,[],0,computed,18.482,0,[],computed,,,,none,objective_matched,confirmed,,False,full_v9/columns/50pct-S3/attempts/50pct-S3%2FOR-020,False
full,v9,columns/50pct-S3,50pct-S3/OR-021,TP,TP,TP,True,True,True,238781.5119254966,238781.5119,completed,,,PLANNED,0,0,0,[],0,computed,15.887,0,[],computed,,,,none,objective_matched,confirmed,,False,full_v9/columns/50pct-S3/attempts/50pct-S3%2FOR-021,False
full,v9,columns/50pct-S3,50pct-S3/OR-022,FLP,FLP,FLP,True,True,True,10199.960000000001,10199.96,completed,,,PLANNED,0,0,0,[],0,computed,17.945,0,[],computed,,,,none,objective_matched,confirmed,,False,full_v9/columns/50pct-S3/attempts/50pct-S3%2FOR-022,False
full,v9,columns/50pct-S3,50pct-S3/OR-023,FLP,FLP,FLP,True,False,False,,172612.46,solve,ValueError,"ValueError: Missing transportation cost for supplier MOUNT AYR, store Customer_1",FALLBACK_FULL_DATA,0,0,0,[],1,computed,19.025,0,[],computed,,,,execution,ValueError,confirmed; upstream semantic cause may be unresolved,,False,full_v9/columns/50pct-S3/attempts/50pct-S3%2FOR-023,False
full,v9,columns/50pct-S3,50pct-S3/OR-024,FLP,FLP,FLP,True,True,True,317318.50000000006,317318.5,completed,,,PLANNED,0,0,0,[],0,computed,18.463,0,[],computed,,,,none,objective_matched,confirmed,,False,full_v9/columns/50pct-S3/attempts/50pct-S3%2FOR-024,False
full,v9,columns/50pct-S3,50pct-S3/OR-025,FLP,FLP,FLP,True,True,True,11396.51,11396.51,completed,,,PLANNED,0,0,0,[],0,computed,14.774,0,[],computed,,,,none,objective_matched,confirmed,,False,full_v9/columns/50pct-S3/attempts/50pct-S3%2FOR-025,False
full,v9,columns/50pct-S3,50pct-S3/OR-026,FLP,FLP,FLP,True,True,True,150992.5,150992.5,completed,,,FALLBACK_FULL_DATA,0,0,0,[],1,computed,18.457,0,[],computed,,,,none,objective_matched,confirmed,,False,full_v9/columns/50pct-S3/attempts/50pct-S3%2FOR-026,False
full,v9,columns/50pct-S3,50pct-S3/OR-027,FLP,FLP,FLP,True,True,True,1555.4999999999993,1555.5,completed,,,PLANNED,0,0,0,[],0,computed,19.403,0,[],computed,,,,none,objective_matched,confirmed,,False,full_v9/columns/50pct-S3/attempts/50pct-S3%2FOR-027,False
full,v9,columns/50pct-S3,50pct-S3/OR-028,FLP,FLP,FLP,True,True,True,10419.0,10419.0,completed,,,FALLBACK_FULL_DATA,0,0,0,[],1,computed,17.639,0,[],computed,,,,none,objective_matched,confirmed,,False,full_v9/columns/50pct-S3/attempts/50pct-S3%2FOR-028,False
full,v9,columns/50pct-S3,50pct-S3/OR-029,Mixture,RA,RA,False,True,True,80250.0,80250.0,completed,,,PLANNED,0,0,0,[],0,computed,15.511,0,[],computed,,,,none,objective_matched,confirmed,,False,full_v9/columns/50pct-S3/attempts/50pct-S3%2FOR-029,False
full,v9,columns/50pct-S3,50pct-S3/OR-030,Mixture,Mixture,Others,True,True,True,1514.0,1514.0,completed,,,PLANNED,0,0,0,[],0,computed,14.315,0,[],computed,,,,none,objective_matched,confirmed,,False,full_v9/columns/50pct-S3/attempts/50pct-S3%2FOR-030,False
full,v9,columns/50pct-S3,50pct-S3/OR-031,Mixture,Mixture,Others,True,True,True,152.76,152.76,completed,,,PLANNED,0,0,0,[],0,computed,13.6,0,[],computed,,,,none,objective_matched,confirmed,,False,full_v9/columns/50pct-S3/attempts/50pct-S3%2FOR-031,False
full,v9,columns/50pct-S3,50pct-S3/OR-032,Mixture,Others,Others,False,True,True,421.0,421.0,completed,,,PLANNED,0,0,0,[],0,computed,15.288,0,[],computed,,,,none,objective_matched,confirmed,,False,full_v9/columns/50pct-S3/attempts/50pct-S3%2FOR-032,False
full,v9,columns/50pct-S3,50pct-S3/OR-033,Others,Others,Others,True,True,True,25.0,25.0,completed,,,PLANNED,0,0,0,[],0,computed,19.205,0,[],computed,,,,none,objective_matched,confirmed,,False,full_v9/columns/50pct-S3/attempts/50pct-S3%2FOR-033,False
full,v9,columns/50pct-S3,50pct-S3/OR-034,Others,Others,Others,True,True,True,133.0,133.0,completed,,,PLANNED,0,0,0,[],0,computed,12.277,0,[],computed,,,,none,objective_matched,confirmed,,False,full_v9/columns/50pct-S3/attempts/50pct-S3%2FOR-034,False
full,v9,columns/50pct-S3,50pct-S3/OR-035,Others,Others,Others,True,True,True,3.910164341169253,3.91,completed,,,PLANNED,0,0,0,[],0,computed,14.407,0,[],computed,,,,none,objective_matched,confirmed,,False,full_v9/columns/50pct-S3/attempts/50pct-S3%2FOR-035,False
full,v9,variants,Variant1,Mixture,Mixture,Others,True,False,False,,60345.0,formulation,ModelOutputTruncated,ModelOutputTruncated: Model output is incomplete: finish_reason=length,PLANNED,0,0,0,[],0,computed,154.076,0,[],computed,,,,mathematical_modeling,unicode_space_output_degeneration,confirmed from saved response/code; valid CSVQA preceded >32000 padding characters and finish_reason=length,,False,full_v9/variants/attempts/Variant1,False
full,v9,variants,Variant2,Mixture,Mixture,Others,True,True,True,10770.0,10770.0,completed,,,PLANNED,0,0,0,[],0,computed,21.523,0,[],computed,,,,none,objective_matched,confirmed,,False,full_v9/variants/attempts/Variant2,False
full,v9,variants,Variant3,Others,Others,Others,True,False,False,,1020.0,formulation,ModelOutputTruncated,ModelOutputTruncated: Model output is incomplete: finish_reason=length,PLANNED,0,0,0,[],0,computed,147.976,0,[],computed,,,,mathematical_modeling,unicode_space_output_degeneration,confirmed from saved response/code; valid CSVQA preceded >32000 padding characters and finish_reason=length,,False,full_v9/variants/attempts/Variant3,False
full,v9,variants,Variant4,Others,FLP,FLP,False,True,True,52.0,52.0,completed,,,PLANNED,0,0,0,[],0,computed,14.535,0,[],computed,,,,none,objective_matched,confirmed,,False,full_v9/variants/attempts/Variant4,False
full,v9,variants,Variant5,Mixture,Mixture,Others,True,True,True,56.0,56.0,completed,,,FALLBACK_FULL_DATA,0,0,0,[],1,computed,20.278,0,[],computed,,,,none,objective_matched,confirmed,,False,full_v9/variants/attempts/Variant5,False
full,v9,variants,Variant6,Others,Others,Others,True,True,True,186.0,186.0,completed,,,PLANNED,0,0,0,[],0,computed,16.033,0,[],computed,,,,none,objective_matched,confirmed,,False,full_v9/variants/attempts/Variant6,False
full,v9,variants,Variant7,Mixture,TP,TP,False,True,True,1790.0,1790.0,completed,,,PLANNED,0,0,0,[],0,computed,22.547,0,[],computed,,,,none,objective_matched,confirmed,,False,full_v9/variants/attempts/Variant7,False
full,v9,variants,Variant8,FLP,FLP,FLP,True,True,True,1095.0,1095.0,completed,,,FALLBACK_FULL_DATA,0,0,0,[],1,computed,20.694,0,[],computed,,,,none,objective_matched,confirmed,,False,full_v9/variants/attempts/Variant8,False
full,v9,variants,Variant9,Others,Others,Others,True,True,True,22.0,22.0,completed,,,PLANNED,0,0,0,[],0,computed,15.077,0,[],computed,,,,none,objective_matched,confirmed,,False,full_v9/variants/attempts/Variant9,False
full,v9,variants,Variant10,Others,Others,Others,True,False,False,,25.0,solve,RuntimeError,RuntimeError: No optimal solution; solver status: 3,PLANNED,0,0,0,[],0,computed,21.143,0,[],computed,,,,mathematical_modeling,inconsistent_flow_conservation,confirmed from saved response/code; root RHS has wrong sign; total closed-network balance is nonzero,,False,full_v9/variants/attempts/Variant10,False
full,v9,variants,Variant11,Mixture,Mixture,Others,True,True,True,29446.5,29446.5,completed,,,PLANNED,0,0,0,[],0,computed,17.434,0,[],computed,,,,none,objective_matched,confirmed,,False,full_v9/variants/attempts/Variant11,False
full,v9,variants,Variant12,Mixture,Mixture,Others,True,True,True,4505.0,4505.0,completed,,,PLANNED,0,0,0,[],0,computed,21.562,0,[],computed,,,,none,objective_matched,confirmed,,False,full_v9/variants/attempts/Variant12,False
full,v9,variants,Variant13,Others,Others,Others,True,False,False,,670.0,solve,TypeError,"TypeError: must be real number, not NoneType",PLANNED,0,0,1,"[{""endpoint"": ""/v1/chat/completions"", ""retry_index"": 1}]",0,computed,200.139,0,[],computed,,,,code_generation,none_variable_upper_bound,confirmed from saved response/code; addVars receives ub=None,,False,full_v9/variants/attempts/Variant13,False
full,v9,variants,Variant14,Others,FLP,FLP,False,True,True,46.0,46.0,completed,,,PLANNED,0,0,0,[],0,computed,12.613,0,[],computed,,,,none,objective_matched,confirmed,,False,full_v9/variants/attempts/Variant14,False
full,v9,variants,Variant15,Mixture,AP,AP,False,True,True,60.0,60.0,completed,,,FALLBACK_FULL_DATA,0,0,0,[],1,computed,16.856,0,[],computed,,,,none,objective_matched,confirmed,,False,full_v9/variants/attempts/Variant15,False
full,v9,variants,Variant16,Others,Others,Others,True,True,True,156.0,156.0,completed,,,PLANNED,0,0,0,[],0,computed,17.401,0,[],computed,,,,none,objective_matched,confirmed,,False,full_v9/variants/attempts/Variant16,False
full,v9,variants,Variant17,FLP,FLP,FLP,True,True,True,1487.0,1487.0,completed,,,PLANNED,0,0,0,[],0,computed,19.756,0,[],computed,,,,none,objective_matched,confirmed,,False,full_v9/variants/attempts/Variant17,False
full,v9,variants,Variant18,Others,RA,RA,False,True,True,21.0,21.0,completed,,,PLANNED,0,0,0,[],0,computed,14.918,0,[],computed,,,,none,objective_matched,confirmed,,False,full_v9/variants/attempts/Variant18,False
full,v9,variants,Variant19,Others,Others,Others,True,True,True,36.0,36.0,completed,,,PLANNED,0,0,0,[],0,computed,21.826,0,[],computed,,,,none,objective_matched,confirmed,,False,full_v9/variants/attempts/Variant19,False
full,v9,variants,Variant20,Others,Others,Others,True,True,True,37.0,37.0,completed,,,PLANNED,0,0,0,[],0,computed,16.226,0,[],computed,,,,none,objective_matched,confirmed,,False,full_v9/variants/attempts/Variant20,False
full,v9,variants,Variant21,Others,Others,Others,True,False,False,,660.0,formulation,ModelOutputTruncated,ModelOutputTruncated: Model output is incomplete: finish_reason=length,PLANNED,0,0,0,[],0,computed,153.753,0,[],computed,,,,mathematical_modeling,unicode_space_output_degeneration,confirmed from saved response/code; valid CSVQA preceded >32000 padding characters and finish_reason=length,,False,full_v9/variants/attempts/Variant21,False
full,v9,variants,Variant22,Others,Others,Others,True,True,True,174.0,174.0,completed,,,PLANNED,0,0,0,[],0,computed,15.969,0,[],computed,,,,none,objective_matched,confirmed,,False,full_v9/variants/attempts/Variant22,False
full,v9,variants,Variant23,Mixture,Mixture,Others,True,True,True,3375.0,3375.0,completed,,,PLANNED,0,0,0,[],0,computed,19.674,0,[],computed,,,,none,objective_matched,confirmed,,False,full_v9/variants/attempts/Variant23,False
full,v9,variants,Variant24,FLP,FLP,FLP,True,True,True,1619.0,1619.0,completed,,,PLANNED,0,0,0,[],0,computed,20.318,0,[],computed,,,,none,objective_matched,confirmed,,False,full_v9/variants/attempts/Variant24,False
full,v9,variants,Variant25,AP,AP,AP,True,True,True,1392.0,1392.0,completed,,,FALLBACK_FULL_DATA,0,0,0,[],1,computed,22.901,0,[],computed,,,,none,objective_matched,confirmed,,False,full_v9/variants/attempts/Variant25,False
full,v9,variants,Variant26,AP,AP,AP,True,True,True,1720.0,1720.0,completed,,,FALLBACK_FULL_DATA,0,0,0,[],1,computed,19.69,0,[],computed,,,,none,objective_matched,confirmed,,False,full_v9/variants/attempts/Variant26,False
full,v9,variants,Variant27,AP,AP,AP,True,True,True,1679.0,1679.0,completed,,,FALLBACK_FULL_DATA,0,0,0,[],1,computed,19.942,0,[],computed,,,,none,objective_matched,confirmed,,False,full_v9/variants/attempts/Variant27,False
full,v9,variants,Variant28,Mixture,Mixture,Others,True,True,True,45493.0,45493.0,completed,,,PLANNED,0,0,0,[],0,computed,36.93,0,[],computed,,,,none,objective_matched,confirmed,,False,full_v9/variants/attempts/Variant28,False
full,v9,variants,Variant29,Mixture,Mixture,Others,True,True,True,75637.0,75637.0,completed,,,PLANNED,0,0,0,[],0,computed,32.862,0,[],computed,,,,none,objective_matched,confirmed,,False,full_v9/variants/attempts/Variant29,False
full,v9,variants,Variant30,Mixture,Mixture,Others,True,False,False,,62408.0,solve,GurobiError,GurobiError: General expressions can only be equal to a single var,PLANNED,0,0,0,[],0,computed,54.397,0,[],computed,,,,code_generation,invalid_gurobi_general_expression,confirmed from saved response/code; gp.min_ appears in an inequality rather than an auxiliary equality,,False,full_v9/variants/attempts/Variant30,False
full,v9,variants,Variant31,Mixture,Mixture,Others,True,True,True,71822.0,71822.0,completed,,,PLANNED,0,0,0,[],0,computed,34.064,0,[],computed,,,,none,objective_matched,confirmed,,False,full_v9/variants/attempts/Variant31,False
full,v9,variants,Variant32,Mixture,Mixture,Others,True,True,False,60153.0,58405.0,completed,,,PLANNED,0,0,0,[],0,computed,68.86,0,[],computed,,,,mathematical_modeling_and_code_generation,conditional_bound_and_fragment_version_selection,confirmed from saved response/code; unconditional category bounds multiplied by activation; latest revisions selected per file before concatenating fragments; relative contributions unresolved,,False,full_v9/variants/attempts/Variant32,False
full,v9,variants,Variant33,Mixture,Mixture,Others,True,True,True,63831.0,63831.0,completed,,,FALLBACK_FULL_DATA,0,0,0,[],1,computed,36.94,0,[],computed,,,,none,objective_matched,confirmed,,False,full_v9/variants/attempts/Variant33,False
full,v9,variants,Variant34,Mixture,Mixture,Others,True,False,False,,98866.0,solve,RuntimeError,RuntimeError: No optimal solution; solver status: 3,PLANNED,0,0,0,[],0,computed,36.337,0,[],computed,,,,code_generation,nonbinary_indicator_trigger,confirmed from saved response/code; integer quantity used as indicator; saved linear constraints admit the v7 generated solution; tiny independent test changes objective from 2 to 7,,False,full_v9/variants/attempts/Variant34,False
full,v9,variants,Variant35,Mixture,Mixture,Others,True,True,True,101796.0,101796.0,completed,,,PLANNED,0,0,0,[],0,computed,37.534,0,[],computed,,,,none,objective_matched,confirmed,,False,full_v9/variants/attempts/Variant35,False
full,v9,variants,Variant36,Mixture,Mixture,Others,True,True,True,89823.0,89823.0,completed,,,PLANNED,0,0,0,[],0,computed,30.871,0,[],computed,,,,none,objective_matched,confirmed,,False,full_v9/variants/attempts/Variant36,False
