dataset,instance,row,variable,coefficient,original_sense,rhs,normalized_sense,normalized_value
reference,Ref03,inventory[Nike_x_Olivia_Kim_Air_Footscape],x[Nike_x_Olivia_Kim_Air_Footscape],1.0,<,240.0,<,240.0
reference,Ref03,inventory[Nike_x_Olivia_Kim_Air_Force_1_'07],x[Nike_x_Olivia_Kim_Air_Force_1_'07],1.0,<,281.0,<,281.0
reference,Ref03,inventory[Nike_x_Olivia_Kim_Air_Max_98],x[Nike_x_Olivia_Kim_Air_Max_98],1.0,<,322.0,<,322.0
reference,Ref03,inventory[Nike_x_Olivia_Kim_Air_Mowabb],x[Nike_x_Olivia_Kim_Air_Mowabb],1.0,<,97.0,<,97.0
reference,Ref03,demand[Nike_x_Olivia_Kim_Air_Footscape],x[Nike_x_Olivia_Kim_Air_Footscape],1.0,<,26.0,<,26.0
reference,Ref03,demand[Nike_x_Olivia_Kim_Air_Force_1_'07],x[Nike_x_Olivia_Kim_Air_Force_1_'07],1.0,<,53.0,<,53.0
reference,Ref03,demand[Nike_x_Olivia_Kim_Air_Max_98],x[Nike_x_Olivia_Kim_Air_Max_98],1.0,<,50.0,<,50.0
reference,Ref03,demand[Nike_x_Olivia_Kim_Air_Mowabb],x[Nike_x_Olivia_Kim_Air_Mowabb],1.0,<,17.0,<,17.0
reference,Ref04,demand[1],x[1],1.0,<,5732.0,<,5732.0
reference,Ref04,demand[2],x[2],1.0,<,5607.0,<,5607.0
reference,Ref04,demand[3],x[3],1.0,<,4653.0,<,4653.0
reference,Ref04,quota[1],x[1],1.0,<,12892.0,<,12892.0
reference,Ref04,quota[2],x[2],1.0,<,7238.0,<,7238.0
reference,Ref04,quota[3],x[3],1.0,<,11902.0,<,11902.0
reference,Ref07,Assumption,OutputValue_Steel,1.0,=,10000.0,=,10000.0
large_scale_101,NRM/NRM1,R0,x_1,1.0,<,80.0,<,80.0
large_scale_101,NRM/NRM1,R1,x_2,1.0,<,40.0,<,40.0
large_scale_101,NRM/NRM1,R2,x_3,1.0,<,560.0,<,560.0
large_scale_101,NRM/NRM1,R3,x_4,1.0,<,820.0,<,820.0
large_scale_101,NRM/NRM1,R4,x_5,1.0,<,960.0,<,960.0
large_scale_101,NRM/NRM1,R5,x_6,1.0,<,850.0,<,850.0
large_scale_101,NRM/NRM1,R6,x_7,1.0,<,950.0,<,950.0
large_scale_101,NRM/NRM1,R7,x_8,1.0,<,360.0,<,360.0
large_scale_101,NRM/NRM1,R8,x_9,1.0,<,580.0,<,580.0
large_scale_101,NRM/NRM1,R9,x_10,1.0,<,800.0,<,800.0
large_scale_101,NRM/NRM1,R10,x_11,1.0,<,340.0,<,340.0
large_scale_101,NRM/NRM1,R11,x_12,1.0,<,30.0,<,30.0
large_scale_101,NRM/NRM1,R12,x_13,1.0,<,990.0,<,990.0
large_scale_101,NRM/NRM1,R13,x_14,1.0,<,70.0,<,70.0
large_scale_101,NRM/NRM1,R14,x_15,1.0,<,890.0,<,890.0
large_scale_101,NRM/NRM1,R15,x_16,1.0,<,240.0,<,240.0
large_scale_101,NRM/NRM1,R16,x_17,1.0,<,290.0,<,290.0
large_scale_101,NRM/NRM1,R17,x_18,1.0,<,40.0,<,40.0
large_scale_101,NRM/NRM1,R18,x_19,1.0,<,300.0,<,300.0
large_scale_101,NRM/NRM1,R19,x_20,1.0,<,350.0,<,350.0
large_scale_101,NRM/NRM1,R20,x_21,1.0,<,600.0,<,600.0
large_scale_101,NRM/NRM1,R21,x_22,1.0,<,610.0,<,610.0
large_scale_101,NRM/NRM1,R22,x_23,1.0,<,160.0,<,160.0
large_scale_101,NRM/NRM1,R23,x_24,1.0,<,260.0,<,260.0
large_scale_101,NRM/NRM1,R24,x_25,1.0,<,480.0,<,480.0
large_scale_101,NRM/NRM1,R25,x_26,1.0,<,200.0,<,200.0
large_scale_101,NRM/NRM1,R26,x_27,1.0,<,290.0,<,290.0
large_scale_101,NRM/NRM1,R27,x_28,1.0,<,350.0,<,350.0
large_scale_101,NRM/NRM1,R28,x_29,1.0,<,900.0,<,900.0
large_scale_101,NRM/NRM1,R29,x_30,1.0,<,760.0,<,760.0
large_scale_101,NRM/NRM1,R30,x_31,1.0,<,440.0,<,440.0
large_scale_101,NRM/NRM1,R31,x_32,1.0,<,170.0,<,170.0
large_scale_101,NRM/NRM1,R32,x_33,1.0,<,600.0,<,600.0
large_scale_101,NRM/NRM1,R33,x_34,1.0,<,920.0,<,920.0
large_scale_101,NRM/NRM1,R34,x_35,1.0,<,240.0,<,240.0
large_scale_101,NRM/NRM1,R35,x_36,1.0,<,190.0,<,190.0
large_scale_101,NRM/NRM1,R36,x_37,1.0,<,600.0,<,600.0
large_scale_101,NRM/NRM1,R37,x_38,1.0,<,760.0,<,760.0
large_scale_101,NRM/NRM1,R38,x_39,1.0,<,850.0,<,850.0
large_scale_101,NRM/NRM1,R39,x_40,1.0,<,50.0,<,50.0
large_scale_101,NRM/NRM1,R40,x_41,1.0,<,470.0,<,470.0
large_scale_101,NRM/NRM1,R41,x_42,1.0,<,790.0,<,790.0
large_scale_101,NRM/NRM1,R42,x_43,1.0,<,580.0,<,580.0
large_scale_101,NRM/NRM1,R43,x_44,1.0,<,880.0,<,880.0
large_scale_101,NRM/NRM1,R44,x_45,1.0,<,170.0,<,170.0
large_scale_101,NRM/NRM1,R45,x_46,1.0,<,790.0,<,790.0
large_scale_101,NRM/NRM1,R46,x_47,1.0,<,500.0,<,500.0
large_scale_101,NRM/NRM1,R47,x_48,1.0,<,890.0,<,890.0
large_scale_101,NRM/NRM1,R48,x_49,1.0,<,680.0,<,680.0
large_scale_101,NRM/NRM1,R49,x_50,1.0,<,250.0,<,250.0
large_scale_101,NRM/NRM1,R50,x_51,1.0,<,170.0,<,170.0
large_scale_101,NRM/NRM1,R51,x_52,1.0,<,830.0,<,830.0
large_scale_101,NRM/NRM1,R52,x_53,1.0,<,680.0,<,680.0
large_scale_101,NRM/NRM1,R53,x_54,1.0,<,590.0,<,590.0
large_scale_101,NRM/NRM1,R54,x_55,1.0,<,700.0,<,700.0
large_scale_101,NRM/NRM1,R55,x_56,1.0,<,830.0,<,830.0
large_scale_101,NRM/NRM1,R56,x_57,1.0,<,360.0,<,360.0
large_scale_101,NRM/NRM1,R57,x_58,1.0,<,570.0,<,570.0
large_scale_101,NRM/NRM1,R58,x_59,1.0,<,510.0,<,510.0
large_scale_101,NRM/NRM1,R59,x_60,1.0,<,690.0,<,690.0
large_scale_101,NRM/NRM1,R60,x_61,1.0,<,760.0,<,760.0
large_scale_101,NRM/NRM1,R61,x_62,1.0,<,270.0,<,270.0
large_scale_101,NRM/NRM1,R62,x_63,1.0,<,880.0,<,880.0
large_scale_101,NRM/NRM1,R63,x_64,1.0,<,470.0,<,470.0
large_scale_101,NRM/NRM1,R64,x_65,1.0,<,670.0,<,670.0
large_scale_101,NRM/NRM1,R65,x_66,1.0,<,620.0,<,620.0
large_scale_101,NRM/NRM1,R66,x_67,1.0,<,310.0,<,310.0
large_scale_101,NRM/NRM1,R67,x_68,1.0,<,670.0,<,670.0
large_scale_101,NRM/NRM1,R68,x_69,1.0,<,150.0,<,150.0
large_scale_101,NRM/NRM1,R69,x_70,1.0,<,440.0,<,440.0
large_scale_101,NRM/NRM1,R70,x_71,1.0,<,210.0,<,210.0
large_scale_101,NRM/NRM1,R71,x_1,1.0,<,10.0,<,10.0
large_scale_101,NRM/NRM1,R72,x_2,1.0,<,6.0,<,6.0
large_scale_101,NRM/NRM1,R73,x_3,1.0,<,75.0,<,75.0
large_scale_101,NRM/NRM1,R74,x_4,1.0,<,121.0,<,121.0
large_scale_101,NRM/NRM1,R75,x_5,1.0,<,130.0,<,130.0
large_scale_101,NRM/NRM1,R76,x_6,1.0,<,112.0,<,112.0
large_scale_101,NRM/NRM1,R77,x_7,1.0,<,125.0,<,125.0
large_scale_101,NRM/NRM1,R78,x_8,1.0,<,54.0,<,54.0
large_scale_101,NRM/NRM1,R79,x_9,1.0,<,75.0,<,75.0
large_scale_101,NRM/NRM1,R80,x_10,1.0,<,102.0,<,102.0
large_scale_101,NRM/NRM1,R81,x_11,1.0,<,48.0,<,48.0
large_scale_101,NRM/NRM1,R82,x_12,1.0,<,4.0,<,4.0
large_scale_101,NRM/NRM1,R83,x_13,1.0,<,125.0,<,125.0
large_scale_101,NRM/NRM1,R84,x_14,1.0,<,9.0,<,9.0
large_scale_101,NRM/NRM1,R85,x_15,1.0,<,132.0,<,132.0
large_scale_101,NRM/NRM1,R86,x_16,1.0,<,29.0,<,29.0
large_scale_101,NRM/NRM1,R87,x_17,1.0,<,43.0,<,43.0
large_scale_101,NRM/NRM1,R88,x_18,1.0,<,5.0,<,5.0
large_scale_101,NRM/NRM1,R89,x_19,1.0,<,40.0,<,40.0
large_scale_101,NRM/NRM1,R90,x_20,1.0,<,48.0,<,48.0
large_scale_101,NRM/NRM1,R91,x_21,1.0,<,87.0,<,87.0
large_scale_101,NRM/NRM1,R92,x_22,1.0,<,79.0,<,79.0
large_scale_101,NRM/NRM1,R93,x_23,1.0,<,20.0,<,20.0
large_scale_101,NRM/NRM1,R94,x_24,1.0,<,33.0,<,33.0
large_scale_101,NRM/NRM1,R95,x_25,1.0,<,60.0,<,60.0
large_scale_101,NRM/NRM1,R96,x_26,1.0,<,25.0,<,25.0
large_scale_101,NRM/NRM1,R97,x_27,1.0,<,42.0,<,42.0
large_scale_101,NRM/NRM1,R98,x_28,1.0,<,52.0,<,52.0
large_scale_101,NRM/NRM1,R99,x_29,1.0,<,116.0,<,116.0
large_scale_101,NRM/NRM1,R100,x_30,1.0,<,95.0,<,95.0
large_scale_101,NRM/NRM1,R101,x_31,1.0,<,66.0,<,66.0
large_scale_101,NRM/NRM1,R102,x_32,1.0,<,25.0,<,25.0
large_scale_101,NRM/NRM1,R103,x_33,1.0,<,78.0,<,78.0
large_scale_101,NRM/NRM1,R104,x_34,1.0,<,138.0,<,138.0
large_scale_101,NRM/NRM1,R105,x_35,1.0,<,32.0,<,32.0
large_scale_101,NRM/NRM1,R106,x_36,1.0,<,28.0,<,28.0
large_scale_101,NRM/NRM1,R107,x_37,1.0,<,84.0,<,84.0
large_scale_101,NRM/NRM1,R108,x_38,1.0,<,102.0,<,102.0
large_scale_101,NRM/NRM1,R109,x_39,1.0,<,112.0,<,112.0
large_scale_101,NRM/NRM1,R110,x_40,1.0,<,7.0,<,7.0
large_scale_101,NRM/NRM1,R111,x_41,1.0,<,62.0,<,62.0
large_scale_101,NRM/NRM1,R112,x_42,1.0,<,109.0,<,109.0
large_scale_101,NRM/NRM1,R113,x_43,1.0,<,81.0,<,81.0
large_scale_101,NRM/NRM1,R114,x_44,1.0,<,131.0,<,131.0
large_scale_101,NRM/NRM1,R115,x_45,1.0,<,26.0,<,26.0
large_scale_101,NRM/NRM1,R116,x_46,1.0,<,109.0,<,109.0
large_scale_101,NRM/NRM1,R117,x_47,1.0,<,65.0,<,65.0
large_scale_101,NRM/NRM1,R118,x_48,1.0,<,121.0,<,121.0
large_scale_101,NRM/NRM1,R119,x_49,1.0,<,90.0,<,90.0
large_scale_101,NRM/NRM1,R120,x_50,1.0,<,31.0,<,31.0
large_scale_101,NRM/NRM1,R121,x_51,1.0,<,24.0,<,24.0
large_scale_101,NRM/NRM1,R122,x_52,1.0,<,122.0,<,122.0
large_scale_101,NRM/NRM1,R123,x_53,1.0,<,101.0,<,101.0
large_scale_101,NRM/NRM1,R124,x_54,1.0,<,76.0,<,76.0
large_scale_101,NRM/NRM1,R125,x_55,1.0,<,100.0,<,100.0
large_scale_101,NRM/NRM1,R126,x_56,1.0,<,125.0,<,125.0
large_scale_101,NRM/NRM1,R127,x_57,1.0,<,45.0,<,45.0
large_scale_101,NRM/NRM1,R128,x_58,1.0,<,80.0,<,80.0
large_scale_101,NRM/NRM1,R129,x_59,1.0,<,64.0,<,64.0
large_scale_101,NRM/NRM1,R130,x_60,1.0,<,98.0,<,98.0
large_scale_101,NRM/NRM1,R131,x_61,1.0,<,102.0,<,102.0
large_scale_101,NRM/NRM1,R132,x_62,1.0,<,40.0,<,40.0
large_scale_101,NRM/NRM1,R133,x_63,1.0,<,110.0,<,110.0
large_scale_101,NRM/NRM1,R134,x_64,1.0,<,59.0,<,59.0
large_scale_101,NRM/NRM1,R135,x_65,1.0,<,97.0,<,97.0
large_scale_101,NRM/NRM1,R136,x_66,1.0,<,90.0,<,90.0
large_scale_101,NRM/NRM1,R137,x_67,1.0,<,43.0,<,43.0
large_scale_101,NRM/NRM1,R138,x_68,1.0,<,96.0,<,96.0
large_scale_101,NRM/NRM1,R139,x_69,1.0,<,21.0,<,21.0
large_scale_101,NRM/NRM1,R140,x_70,1.0,<,55.0,<,55.0
large_scale_101,NRM/NRM1,R141,x_71,1.0,<,30.0,<,30.0
large_scale_101,NRM/NRM2,R0,x_1,1.0,<,56450.0,<,56450.0
large_scale_101,NRM/NRM2,R1,x_1,1.0,<,8171.0,<,8171.0
large_scale_101,NRM/NRM3,R0,x_1,1.0,<,20.0,<,20.0
large_scale_101,NRM/NRM3,R1,x_2,1.0,<,30.0,<,30.0
large_scale_101,NRM/NRM3,R2,x_3,1.0,<,20.0,<,20.0
large_scale_101,NRM/NRM3,R3,x_4,1.0,<,20.0,<,20.0
large_scale_101,NRM/NRM3,R4,x_5,1.0,<,20.0,<,20.0
large_scale_101,NRM/NRM3,R5,x_6,1.0,<,20.0,<,20.0
large_scale_101,NRM/NRM3,R6,x_7,1.0,<,10.0,<,10.0
large_scale_101,NRM/NRM3,R7,x_8,1.0,<,10.0,<,10.0
large_scale_101,NRM/NRM3,R8,x_9,1.0,<,20.0,<,20.0
large_scale_101,NRM/NRM3,R9,x_10,1.0,<,10.0,<,10.0
large_scale_101,NRM/NRM3,R10,x_11,1.0,<,20.0,<,20.0
large_scale_101,NRM/NRM3,R11,x_12,1.0,<,10.0,<,10.0
large_scale_101,NRM/NRM3,R12,x_13,1.0,<,20.0,<,20.0
large_scale_101,NRM/NRM3,R13,x_14,1.0,<,10.0,<,10.0
large_scale_101,NRM/NRM3,R14,x_15,1.0,<,10.0,<,10.0
large_scale_101,NRM/NRM3,R15,x_16,1.0,<,10.0,<,10.0
large_scale_101,NRM/NRM3,R16,x_17,1.0,<,10.0,<,10.0
large_scale_101,NRM/NRM3,R17,x_18,1.0,<,10.0,<,10.0
large_scale_101,NRM/NRM3,R18,x_19,1.0,<,10.0,<,10.0
large_scale_101,NRM/NRM3,R19,x_20,1.0,<,10.0,<,10.0
large_scale_101,NRM/NRM3,R20,x_21,1.0,<,20.0,<,20.0
large_scale_101,NRM/NRM3,R21,x_22,1.0,<,10.0,<,10.0
large_scale_101,NRM/NRM3,R22,x_23,1.0,<,20.0,<,20.0
large_scale_101,NRM/NRM3,R23,x_24,1.0,<,20.0,<,20.0
large_scale_101,NRM/NRM3,R24,x_25,1.0,<,20.0,<,20.0
large_scale_101,NRM/NRM3,R25,x_26,1.0,<,10.0,<,10.0
large_scale_101,NRM/NRM3,R26,x_27,1.0,<,10.0,<,10.0
large_scale_101,NRM/NRM3,R27,x_28,1.0,<,10.0,<,10.0
large_scale_101,NRM/NRM3,R28,x_29,1.0,<,10.0,<,10.0
large_scale_101,NRM/NRM3,R29,x_30,1.0,<,10.0,<,10.0
large_scale_101,NRM/NRM3,R30,x_31,1.0,<,20.0,<,20.0
large_scale_101,NRM/NRM3,R31,x_32,1.0,<,10.0,<,10.0
large_scale_101,NRM/NRM3,R32,x_33,1.0,<,10.0,<,10.0
large_scale_101,NRM/NRM3,R33,x_34,1.0,<,10.0,<,10.0
large_scale_101,NRM/NRM3,R34,x_35,1.0,<,10.0,<,10.0
large_scale_101,NRM/NRM3,R35,x_36,1.0,<,10.0,<,10.0
large_scale_101,NRM/NRM3,R36,x_37,1.0,<,10.0,<,10.0
large_scale_101,NRM/NRM3,R37,x_38,1.0,<,10.0,<,10.0
large_scale_101,NRM/NRM3,R38,x_39,1.0,<,30.0,<,30.0
large_scale_101,NRM/NRM3,R39,x_40,1.0,<,10.0,<,10.0
large_scale_101,NRM/NRM3,R40,x_41,1.0,<,10.0,<,10.0
large_scale_101,NRM/NRM3,R41,x_42,1.0,<,10.0,<,10.0
large_scale_101,NRM/NRM3,R42,x_43,1.0,<,10.0,<,10.0
large_scale_101,NRM/NRM3,R43,x_44,1.0,<,20.0,<,20.0
large_scale_101,NRM/NRM3,R44,x_45,1.0,<,10.0,<,10.0
large_scale_101,NRM/NRM3,R45,x_46,1.0,<,10.0,<,10.0
large_scale_101,NRM/NRM3,R46,x_47,1.0,<,10.0,<,10.0
large_scale_101,NRM/NRM3,R47,x_48,1.0,<,10.0,<,10.0
large_scale_101,NRM/NRM3,R48,x_49,1.0,<,20.0,<,20.0
large_scale_101,NRM/NRM3,R49,x_50,1.0,<,10.0,<,10.0
large_scale_101,NRM/NRM3,R50,x_51,1.0,<,10.0,<,10.0
large_scale_101,NRM/NRM3,R51,x_52,1.0,<,10.0,<,10.0
large_scale_101,NRM/NRM3,R52,x_53,1.0,<,10.0,<,10.0
large_scale_101,NRM/NRM3,R53,x_54,1.0,<,10.0,<,10.0
large_scale_101,NRM/NRM3,R54,x_55,1.0,<,10.0,<,10.0
large_scale_101,NRM/NRM3,R55,x_56,1.0,<,10.0,<,10.0
large_scale_101,NRM/NRM3,R56,x_57,1.0,<,20.0,<,20.0
large_scale_101,NRM/NRM3,R57,x_58,1.0,<,10.0,<,10.0
large_scale_101,NRM/NRM3,R58,x_59,1.0,<,20.0,<,20.0
large_scale_101,NRM/NRM3,R59,x_60,1.0,<,10.0,<,10.0
large_scale_101,NRM/NRM3,R60,x_61,1.0,<,10.0,<,10.0
large_scale_101,NRM/NRM3,R61,x_62,1.0,<,20.0,<,20.0
large_scale_101,NRM/NRM3,R62,x_63,1.0,<,10.0,<,10.0
large_scale_101,NRM/NRM3,R63,x_64,1.0,<,20.0,<,20.0
large_scale_101,NRM/NRM3,R64,x_65,1.0,<,10.0,<,10.0
large_scale_101,NRM/NRM3,R65,x_66,1.0,<,10.0,<,10.0
large_scale_101,NRM/NRM3,R66,x_67,1.0,<,10.0,<,10.0
large_scale_101,NRM/NRM3,R67,x_68,1.0,<,10.0,<,10.0
large_scale_101,NRM/NRM3,R68,x_69,1.0,<,10.0,<,10.0
large_scale_101,NRM/NRM3,R69,x_70,1.0,<,20.0,<,20.0
large_scale_101,NRM/NRM3,R70,x_71,1.0,<,30.0,<,30.0
large_scale_101,NRM/NRM3,R71,x_72,1.0,<,10.0,<,10.0
large_scale_101,NRM/NRM3,R72,x_73,1.0,<,20.0,<,20.0
large_scale_101,NRM/NRM3,R73,x_74,1.0,<,20.0,<,20.0
large_scale_101,NRM/NRM3,R74,x_75,1.0,<,30.0,<,30.0
large_scale_101,NRM/NRM3,R75,x_76,1.0,<,20.0,<,20.0
large_scale_101,NRM/NRM3,R76,x_77,1.0,<,10.0,<,10.0
large_scale_101,NRM/NRM3,R77,x_78,1.0,<,10.0,<,10.0
large_scale_101,NRM/NRM3,R78,x_79,1.0,<,10.0,<,10.0
large_scale_101,NRM/NRM3,R79,x_80,1.0,<,20.0,<,20.0
large_scale_101,NRM/NRM3,R80,x_81,1.0,<,10.0,<,10.0
large_scale_101,NRM/NRM3,R81,x_82,1.0,<,10.0,<,10.0
large_scale_101,NRM/NRM3,R82,x_83,1.0,<,10.0,<,10.0
large_scale_101,NRM/NRM3,R83,x_84,1.0,<,20.0,<,20.0
large_scale_101,NRM/NRM3,R84,x_85,1.0,<,10.0,<,10.0
large_scale_101,NRM/NRM3,R85,x_86,1.0,<,10.0,<,10.0
large_scale_101,NRM/NRM3,R86,x_87,1.0,<,10.0,<,10.0
large_scale_101,NRM/NRM3,R87,x_88,1.0,<,10.0,<,10.0
large_scale_101,NRM/NRM3,R88,x_89,1.0,<,10.0,<,10.0
large_scale_101,NRM/NRM3,R89,x_90,1.0,<,10.0,<,10.0
large_scale_101,NRM/NRM3,R90,x_91,1.0,<,20.0,<,20.0
large_scale_101,NRM/NRM3,R91,x_92,1.0,<,10.0,<,10.0
large_scale_101,NRM/NRM3,R92,x_93,1.0,<,10.0,<,10.0
large_scale_101,NRM/NRM3,R93,x_94,1.0,<,50.0,<,50.0
large_scale_101,NRM/NRM3,R94,x_95,1.0,<,20.0,<,20.0
large_scale_101,NRM/NRM3,R95,x_96,1.0,<,20.0,<,20.0
large_scale_101,NRM/NRM3,R96,x_97,1.0,<,20.0,<,20.0
large_scale_101,NRM/NRM3,R97,x_98,1.0,<,10.0,<,10.0
large_scale_101,NRM/NRM3,R98,x_99,1.0,<,20.0,<,20.0
large_scale_101,NRM/NRM3,R99,x_100,1.0,<,10.0,<,10.0
large_scale_101,NRM/NRM3,R100,x_101,1.0,<,10.0,<,10.0
large_scale_101,NRM/NRM3,R101,x_102,1.0,<,10.0,<,10.0
large_scale_101,NRM/NRM3,R102,x_103,1.0,<,10.0,<,10.0
large_scale_101,NRM/NRM3,R103,x_104,1.0,<,20.0,<,20.0
large_scale_101,NRM/NRM3,R104,x_105,1.0,<,10.0,<,10.0
large_scale_101,NRM/NRM3,R105,x_106,1.0,<,10.0,<,10.0
large_scale_101,NRM/NRM3,R106,x_107,1.0,<,10.0,<,10.0
large_scale_101,NRM/NRM3,R107,x_108,1.0,<,10.0,<,10.0
large_scale_101,NRM/NRM3,R108,x_109,1.0,<,10.0,<,10.0
large_scale_101,NRM/NRM3,R109,x_110,1.0,<,10.0,<,10.0
large_scale_101,NRM/NRM3,R110,x_111,1.0,<,10.0,<,10.0
large_scale_101,NRM/NRM3,R111,x_112,1.0,<,10.0,<,10.0
large_scale_101,NRM/NRM3,R112,x_113,1.0,<,10.0,<,10.0
large_scale_101,NRM/NRM3,R113,x_114,1.0,<,10.0,<,10.0
large_scale_101,NRM/NRM3,R114,x_115,1.0,<,10.0,<,10.0
large_scale_101,NRM/NRM3,R115,x_116,1.0,<,20.0,<,20.0
large_scale_101,NRM/NRM3,R116,x_117,1.0,<,20.0,<,20.0
large_scale_101,NRM/NRM3,R117,x_118,1.0,<,10.0,<,10.0
large_scale_101,NRM/NRM3,R118,x_119,1.0,<,10.0,<,10.0
large_scale_101,NRM/NRM3,R119,x_1,1.0,<,6.0,<,6.0
large_scale_101,NRM/NRM3,R120,x_2,1.0,<,7.0,<,7.0
large_scale_101,NRM/NRM3,R121,x_3,1.0,<,5.0,<,5.0
large_scale_101,NRM/NRM3,R122,x_4,1.0,<,4.0,<,4.0
large_scale_101,NRM/NRM3,R123,x_5,1.0,<,6.0,<,6.0
large_scale_101,NRM/NRM3,R124,x_6,1.0,<,6.0,<,6.0
large_scale_101,NRM/NRM3,R125,x_7,1.0,<,3.0,<,3.0
large_scale_101,NRM/NRM3,R126,x_8,1.0,<,3.0,<,3.0
large_scale_101,NRM/NRM3,R127,x_9,1.0,<,5.0,<,5.0
large_scale_101,NRM/NRM3,R128,x_10,1.0,<,2.0,<,2.0
large_scale_101,NRM/NRM3,R129,x_11,1.0,<,5.0,<,5.0
large_scale_101,NRM/NRM3,R130,x_12,1.0,<,3.0,<,3.0
large_scale_101,NRM/NRM3,R131,x_13,1.0,<,6.0,<,6.0
large_scale_101,NRM/NRM3,R132,x_14,1.0,<,3.0,<,3.0
large_scale_101,NRM/NRM3,R133,x_15,1.0,<,2.0,<,2.0
large_scale_101,NRM/NRM3,R134,x_16,1.0,<,2.0,<,2.0
large_scale_101,NRM/NRM3,R135,x_17,1.0,<,3.0,<,3.0
large_scale_101,NRM/NRM3,R136,x_18,1.0,<,2.0,<,2.0
large_scale_101,NRM/NRM3,R137,x_19,1.0,<,2.0,<,2.0
large_scale_101,NRM/NRM3,R138,x_20,1.0,<,3.0,<,3.0
large_scale_101,NRM/NRM3,R139,x_21,1.0,<,4.0,<,4.0
large_scale_101,NRM/NRM3,R140,x_22,1.0,<,3.0,<,3.0
large_scale_101,NRM/NRM3,R141,x_23,1.0,<,6.0,<,6.0
large_scale_101,NRM/NRM3,R142,x_24,1.0,<,5.0,<,5.0
large_scale_101,NRM/NRM3,R143,x_25,1.0,<,6.0,<,6.0
large_scale_101,NRM/NRM3,R144,x_26,1.0,<,2.0,<,2.0
large_scale_101,NRM/NRM3,R145,x_27,1.0,<,3.0,<,3.0
large_scale_101,NRM/NRM3,R146,x_28,1.0,<,2.0,<,2.0
large_scale_101,NRM/NRM3,R147,x_29,1.0,<,2.0,<,2.0
large_scale_101,NRM/NRM3,R148,x_30,1.0,<,2.0,<,2.0
large_scale_101,NRM/NRM3,R149,x_31,1.0,<,5.0,<,5.0
large_scale_101,NRM/NRM3,R150,x_32,1.0,<,3.0,<,3.0
large_scale_101,NRM/NRM3,R151,x_33,1.0,<,2.0,<,2.0
large_scale_101,NRM/NRM3,R152,x_34,1.0,<,2.0,<,2.0
large_scale_101,NRM/NRM3,R153,x_35,1.0,<,2.0,<,2.0
large_scale_101,NRM/NRM3,R154,x_36,1.0,<,2.0,<,2.0
large_scale_101,NRM/NRM3,R155,x_37,1.0,<,3.0,<,3.0
large_scale_101,NRM/NRM3,R156,x_38,1.0,<,2.0,<,2.0
large_scale_101,NRM/NRM3,R157,x_39,1.0,<,7.0,<,7.0
large_scale_101,NRM/NRM3,R158,x_40,1.0,<,2.0,<,2.0
large_scale_101,NRM/NRM3,R159,x_41,1.0,<,2.0,<,2.0
large_scale_101,NRM/NRM3,R160,x_42,1.0,<,2.0,<,2.0
large_scale_101,NRM/NRM3,R161,x_43,1.0,<,3.0,<,3.0
large_scale_101,NRM/NRM3,R162,x_44,1.0,<,5.0,<,5.0
large_scale_101,NRM/NRM3,R163,x_45,1.0,<,2.0,<,2.0
large_scale_101,NRM/NRM3,R164,x_46,1.0,<,2.0,<,2.0
large_scale_101,NRM/NRM3,R165,x_47,1.0,<,2.0,<,2.0
large_scale_101,NRM/NRM3,R166,x_48,1.0,<,2.0,<,2.0
large_scale_101,NRM/NRM3,R167,x_49,1.0,<,6.0,<,6.0
large_scale_101,NRM/NRM3,R168,x_50,1.0,<,3.0,<,3.0
large_scale_101,NRM/NRM3,R169,x_51,1.0,<,3.0,<,3.0
large_scale_101,NRM/NRM3,R170,x_52,1.0,<,2.0,<,2.0
large_scale_101,NRM/NRM3,R171,x_53,1.0,<,2.0,<,2.0
large_scale_101,NRM/NRM3,R172,x_54,1.0,<,2.0,<,2.0
large_scale_101,NRM/NRM3,R173,x_55,1.0,<,2.0,<,2.0
large_scale_101,NRM/NRM3,R174,x_56,1.0,<,2.0,<,2.0
large_scale_101,NRM/NRM3,R175,x_57,1.0,<,6.0,<,6.0
large_scale_101,NRM/NRM3,R176,x_58,1.0,<,2.0,<,2.0
large_scale_101,NRM/NRM3,R177,x_59,1.0,<,5.0,<,5.0
large_scale_101,NRM/NRM3,R178,x_60,1.0,<,2.0,<,2.0
large_scale_101,NRM/NRM3,R179,x_61,1.0,<,2.0,<,2.0
large_scale_101,NRM/NRM3,R180,x_62,1.0,<,4.0,<,4.0
large_scale_101,NRM/NRM3,R181,x_63,1.0,<,2.0,<,2.0
large_scale_101,NRM/NRM3,R182,x_64,1.0,<,5.0,<,5.0
large_scale_101,NRM/NRM3,R183,x_65,1.0,<,2.0,<,2.0
large_scale_101,NRM/NRM3,R184,x_66,1.0,<,3.0,<,3.0
large_scale_101,NRM/NRM3,R185,x_67,1.0,<,3.0,<,3.0
large_scale_101,NRM/NRM3,R186,x_68,1.0,<,3.0,<,3.0
large_scale_101,NRM/NRM3,R187,x_69,1.0,<,3.0,<,3.0
large_scale_101,NRM/NRM3,R188,x_70,1.0,<,5.0,<,5.0
large_scale_101,NRM/NRM3,R189,x_71,1.0,<,7.0,<,7.0
large_scale_101,NRM/NRM3,R190,x_72,1.0,<,2.0,<,2.0
large_scale_101,NRM/NRM3,R191,x_73,1.0,<,5.0,<,5.0
large_scale_101,NRM/NRM3,R192,x_74,1.0,<,6.0,<,6.0
large_scale_101,NRM/NRM3,R193,x_75,1.0,<,8.0,<,8.0
large_scale_101,NRM/NRM3,R194,x_76,1.0,<,5.0,<,5.0
large_scale_101,NRM/NRM3,R195,x_77,1.0,<,3.0,<,3.0
large_scale_101,NRM/NRM3,R196,x_78,1.0,<,2.0,<,2.0
large_scale_101,NRM/NRM3,R197,x_79,1.0,<,2.0,<,2.0
large_scale_101,NRM/NRM3,R198,x_80,1.0,<,5.0,<,5.0
large_scale_101,NRM/NRM3,R199,x_81,1.0,<,2.0,<,2.0
large_scale_101,NRM/NRM3,R200,x_82,1.0,<,3.0,<,3.0
large_scale_101,NRM/NRM3,R201,x_83,1.0,<,2.0,<,2.0
large_scale_101,NRM/NRM3,R202,x_84,1.0,<,4.0,<,4.0
large_scale_101,NRM/NRM3,R203,x_85,1.0,<,2.0,<,2.0
large_scale_101,NRM/NRM3,R204,x_86,1.0,<,3.0,<,3.0
large_scale_101,NRM/NRM3,R205,x_87,1.0,<,3.0,<,3.0
large_scale_101,NRM/NRM3,R206,x_88,1.0,<,2.0,<,2.0
large_scale_101,NRM/NRM3,R207,x_89,1.0,<,2.0,<,2.0
large_scale_101,NRM/NRM3,R208,x_90,1.0,<,2.0,<,2.0
large_scale_101,NRM/NRM3,R209,x_91,1.0,<,5.0,<,5.0
large_scale_101,NRM/NRM3,R210,x_92,1.0,<,2.0,<,2.0
large_scale_101,NRM/NRM3,R211,x_93,1.0,<,2.0,<,2.0
large_scale_101,NRM/NRM3,R212,x_94,1.0,<,15.0,<,15.0
large_scale_101,NRM/NRM3,R213,x_95,1.0,<,4.0,<,4.0
large_scale_101,NRM/NRM3,R214,x_96,1.0,<,5.0,<,5.0
large_scale_101,NRM/NRM3,R215,x_97,1.0,<,6.0,<,6.0
large_scale_101,NRM/NRM3,R216,x_98,1.0,<,2.0,<,2.0
large_scale_101,NRM/NRM3,R217,x_99,1.0,<,4.0,<,4.0
large_scale_101,NRM/NRM3,R218,x_100,1.0,<,2.0,<,2.0
large_scale_101,NRM/NRM3,R219,x_101,1.0,<,3.0,<,3.0
large_scale_101,NRM/NRM3,R220,x_102,1.0,<,2.0,<,2.0
large_scale_101,NRM/NRM3,R221,x_103,1.0,<,2.0,<,2.0
large_scale_101,NRM/NRM3,R222,x_104,1.0,<,5.0,<,5.0
large_scale_101,NRM/NRM3,R223,x_105,1.0,<,3.0,<,3.0
large_scale_101,NRM/NRM3,R224,x_106,1.0,<,2.0,<,2.0
large_scale_101,NRM/NRM3,R225,x_107,1.0,<,3.0,<,3.0
large_scale_101,NRM/NRM3,R226,x_108,1.0,<,2.0,<,2.0
large_scale_101,NRM/NRM3,R227,x_109,1.0,<,2.0,<,2.0
large_scale_101,NRM/NRM3,R228,x_110,1.0,<,3.0,<,3.0
large_scale_101,NRM/NRM3,R229,x_111,1.0,<,3.0,<,3.0
large_scale_101,NRM/NRM3,R230,x_112,1.0,<,3.0,<,3.0
large_scale_101,NRM/NRM3,R231,x_113,1.0,<,2.0,<,2.0
large_scale_101,NRM/NRM3,R232,x_114,1.0,<,2.0,<,2.0
large_scale_101,NRM/NRM3,R233,x_115,1.0,<,2.0,<,2.0
large_scale_101,NRM/NRM3,R234,x_116,1.0,<,5.0,<,5.0
large_scale_101,NRM/NRM3,R235,x_117,1.0,<,5.0,<,5.0
large_scale_101,NRM/NRM3,R236,x_118,1.0,<,3.0,<,3.0
large_scale_101,NRM/NRM3,R237,x_119,1.0,<,3.0,<,3.0
large_scale_101,NRM/NRM4,R0,x_1,1.0,<,30.0,<,30.0
large_scale_101,NRM/NRM4,R1,x_2,1.0,<,20.0,<,20.0
large_scale_101,NRM/NRM4,R2,x_3,1.0,<,20.0,<,20.0
large_scale_101,NRM/NRM4,R3,x_1,1.0,<,5.0,<,5.0
large_scale_101,NRM/NRM4,R4,x_2,1.0,<,3.0,<,3.0
large_scale_101,NRM/NRM4,R5,x_3,1.0,<,3.0,<,3.0
large_scale_101,NRM/NRM5,R0,x_1,1.0,<,9920.0,<,9920.0
large_scale_101,NRM/NRM5,R1,x_2,1.0,<,9560.0,<,9560.0
large_scale_101,NRM/NRM5,R2,x_3,1.0,<,4840.0,<,4840.0
large_scale_101,NRM/NRM5,R3,x_4,1.0,<,19140.0,<,19140.0
large_scale_101,NRM/NRM5,R4,x_5,1.0,<,4900.0,<,4900.0
large_scale_101,NRM/NRM5,R5,x_6,1.0,<,2760.0,<,2760.0
large_scale_101,NRM/NRM5,R6,x_7,1.0,<,5620.0,<,5620.0
large_scale_101,NRM/NRM5,R7,x_8,1.0,<,990.0,<,990.0
large_scale_101,NRM/NRM5,R8,x_9,1.0,<,9270.0,<,9270.0
large_scale_101,NRM/NRM5,R9,x_10,1.0,<,9440.0,<,9440.0
large_scale_101,NRM/NRM5,R10,x_11,1.0,<,4990.0,<,4990.0
large_scale_101,NRM/NRM5,R11,x_12,1.0,<,1880.0,<,1880.0
large_scale_101,NRM/NRM5,R12,x_13,1.0,<,7030.0,<,7030.0
large_scale_101,NRM/NRM5,R13,x_14,1.0,<,960.0,<,960.0
large_scale_101,NRM/NRM5,R14,x_15,1.0,<,3990.0,<,3990.0
large_scale_101,NRM/NRM5,R15,x_16,1.0,<,2760.0,<,2760.0
large_scale_101,NRM/NRM5,R16,x_17,1.0,<,2980.0,<,2980.0
large_scale_101,NRM/NRM5,R17,x_18,1.0,<,4730.0,<,4730.0
large_scale_101,NRM/NRM5,R18,x_19,1.0,<,11810.0,<,11810.0
large_scale_101,NRM/NRM5,R19,x_20,1.0,<,7990.0,<,7990.0
large_scale_101,NRM/NRM5,R20,x_21,1.0,<,14090.0,<,14090.0
large_scale_101,NRM/NRM5,R21,x_22,1.0,<,13160.0,<,13160.0
large_scale_101,NRM/NRM5,R22,x_23,1.0,<,5860.0,<,5860.0
large_scale_101,NRM/NRM5,R23,x_24,1.0,<,950.0,<,950.0
large_scale_101,NRM/NRM5,R24,x_25,1.0,<,3020.0,<,3020.0
large_scale_101,NRM/NRM5,R25,x_26,1.0,<,6000.0,<,6000.0
large_scale_101,NRM/NRM5,R26,x_27,1.0,<,9190.0,<,9190.0
large_scale_101,NRM/NRM5,R27,x_28,1.0,<,4830.0,<,4830.0
large_scale_101,NRM/NRM5,R28,x_29,1.0,<,10200.0,<,10200.0
large_scale_101,NRM/NRM5,R29,x_30,1.0,<,7320.0,<,7320.0
large_scale_101,NRM/NRM5,R30,x_31,1.0,<,4040.0,<,4040.0
large_scale_101,NRM/NRM5,R31,x_32,1.0,<,3020.0,<,3020.0
large_scale_101,NRM/NRM5,R32,x_33,1.0,<,7470.0,<,7470.0
large_scale_101,NRM/NRM5,R33,x_34,1.0,<,9410.0,<,9410.0
large_scale_101,NRM/NRM5,R34,x_35,1.0,<,1960.0,<,1960.0
large_scale_101,NRM/NRM5,R35,x_36,1.0,<,1900.0,<,1900.0
large_scale_101,NRM/NRM5,R36,x_37,1.0,<,4860.0,<,4860.0
large_scale_101,NRM/NRM5,R37,x_38,1.0,<,3050.0,<,3050.0
large_scale_101,NRM/NRM5,R38,x_39,1.0,<,3700.0,<,3700.0
large_scale_101,NRM/NRM5,R39,x_40,1.0,<,2750.0,<,2750.0
large_scale_101,NRM/NRM5,R40,x_41,1.0,<,2890.0,<,2890.0
large_scale_101,NRM/NRM5,R41,x_42,1.0,<,8670.0,<,8670.0
large_scale_101,NRM/NRM5,R42,x_43,1.0,<,4550.0,<,4550.0
large_scale_101,NRM/NRM5,R43,x_44,1.0,<,1620.0,<,1620.0
large_scale_101,NRM/NRM5,R44,x_45,1.0,<,5660.0,<,5660.0
large_scale_101,NRM/NRM5,R45,x_46,1.0,<,4270.0,<,4270.0
large_scale_101,NRM/NRM5,R46,x_47,1.0,<,4710.0,<,4710.0
large_scale_101,NRM/NRM5,R47,x_48,1.0,<,3840.0,<,3840.0
large_scale_101,NRM/NRM5,R48,x_49,1.0,<,3970.0,<,3970.0
large_scale_101,NRM/NRM5,R49,x_50,1.0,<,5780.0,<,5780.0
large_scale_101,NRM/NRM5,R50,x_51,1.0,<,7280.0,<,7280.0
large_scale_101,NRM/NRM5,R51,x_52,1.0,<,9390.0,<,9390.0
large_scale_101,NRM/NRM5,R52,x_53,1.0,<,7510.0,<,7510.0
large_scale_101,NRM/NRM5,R53,x_54,1.0,<,6960.0,<,6960.0
large_scale_101,NRM/NRM5,R54,x_55,1.0,<,4280.0,<,4280.0
large_scale_101,NRM/NRM5,R55,x_56,1.0,<,3220.0,<,3220.0
large_scale_101,NRM/NRM5,R56,x_57,1.0,<,4350.0,<,4350.0
large_scale_101,NRM/NRM5,R57,x_58,1.0,<,5980.0,<,5980.0
large_scale_101,NRM/NRM5,R58,x_59,1.0,<,4240.0,<,4240.0
large_scale_101,NRM/NRM5,R59,x_60,1.0,<,6130.0,<,6130.0
large_scale_101,NRM/NRM5,R60,x_61,1.0,<,5740.0,<,5740.0
large_scale_101,NRM/NRM5,R61,x_62,1.0,<,7510.0,<,7510.0
large_scale_101,NRM/NRM5,R62,x_63,1.0,<,4050.0,<,4050.0
large_scale_101,NRM/NRM5,R63,x_64,1.0,<,2680.0,<,2680.0
large_scale_101,NRM/NRM5,R64,x_65,1.0,<,2880.0,<,2880.0
large_scale_101,NRM/NRM5,R65,x_66,1.0,<,10160.0,<,10160.0
large_scale_101,NRM/NRM5,R66,x_67,1.0,<,5340.0,<,5340.0
large_scale_101,NRM/NRM5,R67,x_68,1.0,<,3670.0,<,3670.0
large_scale_101,NRM/NRM5,R68,x_69,1.0,<,11090.0,<,11090.0
large_scale_101,NRM/NRM5,R69,x_70,1.0,<,4080.0,<,4080.0
large_scale_101,NRM/NRM5,R70,x_71,1.0,<,4070.0,<,4070.0
large_scale_101,NRM/NRM5,R71,x_72,1.0,<,2840.0,<,2840.0
large_scale_101,NRM/NRM5,R72,x_73,1.0,<,2820.0,<,2820.0
large_scale_101,NRM/NRM5,R73,x_74,1.0,<,4040.0,<,4040.0
large_scale_101,NRM/NRM5,R74,x_75,1.0,<,4450.0,<,4450.0
large_scale_101,NRM/NRM5,R75,x_76,1.0,<,5620.0,<,5620.0
large_scale_101,NRM/NRM5,R76,x_77,1.0,<,4390.0,<,4390.0
large_scale_101,NRM/NRM5,R77,x_78,1.0,<,2830.0,<,2830.0
large_scale_101,NRM/NRM5,R78,x_79,1.0,<,2670.0,<,2670.0
large_scale_101,NRM/NRM5,R79,x_80,1.0,<,4000.0,<,4000.0
large_scale_101,NRM/NRM5,R80,x_81,1.0,<,14100.0,<,14100.0
large_scale_101,NRM/NRM5,R81,x_82,1.0,<,4810.0,<,4810.0
large_scale_101,NRM/NRM5,R82,x_83,1.0,<,4800.0,<,4800.0
large_scale_101,NRM/NRM5,R83,x_84,1.0,<,2550.0,<,2550.0
large_scale_101,NRM/NRM5,R84,x_85,1.0,<,2810.0,<,2810.0
large_scale_101,NRM/NRM5,R85,x_86,1.0,<,3040.0,<,3040.0
large_scale_101,NRM/NRM5,R86,x_87,1.0,<,5520.0,<,5520.0
large_scale_101,NRM/NRM5,R87,x_88,1.0,<,280.0,<,280.0
large_scale_101,NRM/NRM5,R88,x_89,1.0,<,4270.0,<,4270.0
large_scale_101,NRM/NRM5,R89,x_90,1.0,<,6350.0,<,6350.0
large_scale_101,NRM/NRM5,R90,x_91,1.0,<,4640.0,<,4640.0
large_scale_101,NRM/NRM5,R91,x_92,1.0,<,2830.0,<,2830.0
large_scale_101,NRM/NRM5,R92,x_93,1.0,<,2670.0,<,2670.0
large_scale_101,NRM/NRM5,R93,x_94,1.0,<,4000.0,<,4000.0
large_scale_101,NRM/NRM5,R94,x_95,1.0,<,2680.0,<,2680.0
large_scale_101,NRM/NRM5,R95,x_96,1.0,<,2880.0,<,2880.0
large_scale_101,NRM/NRM5,R96,x_97,1.0,<,10160.0,<,10160.0
large_scale_101,NRM/NRM5,R97,x_98,1.0,<,2820.0,<,2820.0
large_scale_101,NRM/NRM5,R98,x_99,1.0,<,4040.0,<,4040.0
large_scale_101,NRM/NRM5,R99,x_100,1.0,<,4450.0,<,4450.0
large_scale_101,NRM/NRM5,R100,x_1,1.0,<,1960.0,<,1960.0
large_scale_101,NRM/NRM5,R101,x_2,1.0,<,1884.0,<,1884.0
large_scale_101,NRM/NRM5,R102,x_3,1.0,<,963.0,<,963.0
large_scale_101,NRM/NRM5,R103,x_4,1.0,<,3729.0,<,3729.0
large_scale_101,NRM/NRM5,R104,x_5,1.0,<,970.0,<,970.0
large_scale_101,NRM/NRM5,R105,x_6,1.0,<,550.0,<,550.0
large_scale_101,NRM/NRM5,R106,x_7,1.0,<,1116.0,<,1116.0
large_scale_101,NRM/NRM5,R107,x_8,1.0,<,198.0,<,198.0
large_scale_101,NRM/NRM5,R108,x_9,1.0,<,1823.0,<,1823.0
large_scale_101,NRM/NRM5,R109,x_10,1.0,<,1858.0,<,1858.0
large_scale_101,NRM/NRM5,R110,x_11,1.0,<,992.0,<,992.0
large_scale_101,NRM/NRM5,R111,x_12,1.0,<,375.0,<,375.0
large_scale_101,NRM/NRM5,R112,x_13,1.0,<,1400.0,<,1400.0
large_scale_101,NRM/NRM5,R113,x_14,1.0,<,192.0,<,192.0
large_scale_101,NRM/NRM5,R114,x_15,1.0,<,791.0,<,791.0
large_scale_101,NRM/NRM5,R115,x_16,1.0,<,550.0,<,550.0
large_scale_101,NRM/NRM5,R116,x_17,1.0,<,593.0,<,593.0
large_scale_101,NRM/NRM5,R117,x_18,1.0,<,944.0,<,944.0
large_scale_101,NRM/NRM5,R118,x_19,1.0,<,2340.0,<,2340.0
large_scale_101,NRM/NRM5,R119,x_20,1.0,<,1586.0,<,1586.0
large_scale_101,NRM/NRM5,R120,x_21,1.0,<,2769.0,<,2769.0
large_scale_101,NRM/NRM5,R121,x_22,1.0,<,2589.0,<,2589.0
large_scale_101,NRM/NRM5,R122,x_23,1.0,<,1163.0,<,1163.0
large_scale_101,NRM/NRM5,R123,x_24,1.0,<,189.0,<,189.0
large_scale_101,NRM/NRM5,R124,x_25,1.0,<,602.0,<,602.0
large_scale_101,NRM/NRM5,R125,x_26,1.0,<,1193.0,<,1193.0
large_scale_101,NRM/NRM5,R126,x_27,1.0,<,1815.0,<,1815.0
large_scale_101,NRM/NRM5,R127,x_28,1.0,<,956.0,<,956.0
large_scale_101,NRM/NRM5,R128,x_29,1.0,<,2021.0,<,2021.0
large_scale_101,NRM/NRM5,R129,x_30,1.0,<,1447.0,<,1447.0
large_scale_101,NRM/NRM5,R130,x_31,1.0,<,803.0,<,803.0
large_scale_101,NRM/NRM5,R131,x_32,1.0,<,602.0,<,602.0
large_scale_101,NRM/NRM5,R132,x_33,1.0,<,1482.0,<,1482.0
large_scale_101,NRM/NRM5,R133,x_34,1.0,<,1861.0,<,1861.0
large_scale_101,NRM/NRM5,R134,x_35,1.0,<,390.0,<,390.0
large_scale_101,NRM/NRM5,R135,x_36,1.0,<,380.0,<,380.0
large_scale_101,NRM/NRM5,R136,x_37,1.0,<,969.0,<,969.0
large_scale_101,NRM/NRM5,R137,x_38,1.0,<,607.0,<,607.0
large_scale_101,NRM/NRM5,R138,x_39,1.0,<,734.0,<,734.0
large_scale_101,NRM/NRM5,R139,x_40,1.0,<,546.0,<,546.0
large_scale_101,NRM/NRM5,R140,x_41,1.0,<,577.0,<,577.0
large_scale_101,NRM/NRM5,R141,x_42,1.0,<,1711.0,<,1711.0
large_scale_101,NRM/NRM5,R142,x_43,1.0,<,907.0,<,907.0
large_scale_101,NRM/NRM5,R143,x_44,1.0,<,322.0,<,322.0
large_scale_101,NRM/NRM5,R144,x_45,1.0,<,1123.0,<,1123.0
large_scale_101,NRM/NRM5,R145,x_46,1.0,<,853.0,<,853.0
large_scale_101,NRM/NRM5,R146,x_47,1.0,<,939.0,<,939.0
large_scale_101,NRM/NRM5,R147,x_48,1.0,<,765.0,<,765.0
large_scale_101,NRM/NRM5,R148,x_49,1.0,<,788.0,<,788.0
large_scale_101,NRM/NRM5,R149,x_50,1.0,<,1148.0,<,1148.0
large_scale_101,NRM/NRM5,R150,x_51,1.0,<,1440.0,<,1440.0
large_scale_101,NRM/NRM5,R151,x_52,1.0,<,1857.0,<,1857.0
large_scale_101,NRM/NRM5,R152,x_53,1.0,<,1490.0,<,1490.0
large_scale_101,NRM/NRM5,R153,x_54,1.0,<,1376.0,<,1376.0
large_scale_101,NRM/NRM5,R154,x_55,1.0,<,852.0,<,852.0
large_scale_101,NRM/NRM5,R155,x_56,1.0,<,640.0,<,640.0
large_scale_101,NRM/NRM5,R156,x_57,1.0,<,858.0,<,858.0
large_scale_101,NRM/NRM5,R157,x_58,1.0,<,1183.0,<,1183.0
large_scale_101,NRM/NRM5,R158,x_59,1.0,<,844.0,<,844.0
large_scale_101,NRM/NRM5,R159,x_60,1.0,<,1209.0,<,1209.0
large_scale_101,NRM/NRM5,R160,x_61,1.0,<,1135.0,<,1135.0
large_scale_101,NRM/NRM5,R161,x_62,1.0,<,1482.0,<,1482.0
large_scale_101,NRM/NRM5,R162,x_63,1.0,<,806.0,<,806.0
large_scale_101,NRM/NRM5,R163,x_64,1.0,<,536.0,<,536.0
large_scale_101,NRM/NRM5,R164,x_65,1.0,<,576.0,<,576.0
large_scale_101,NRM/NRM5,R165,x_66,1.0,<,2009.0,<,2009.0
large_scale_101,NRM/NRM5,R166,x_67,1.0,<,1060.0,<,1060.0
large_scale_101,NRM/NRM5,R167,x_68,1.0,<,733.0,<,733.0
large_scale_101,NRM/NRM5,R168,x_69,1.0,<,2198.0,<,2198.0
large_scale_101,NRM/NRM5,R169,x_70,1.0,<,808.0,<,808.0
large_scale_101,NRM/NRM5,R170,x_71,1.0,<,807.0,<,807.0
large_scale_101,NRM/NRM5,R171,x_72,1.0,<,563.0,<,563.0
large_scale_101,NRM/NRM5,R172,x_73,1.0,<,563.0,<,563.0
large_scale_101,NRM/NRM5,R173,x_74,1.0,<,801.0,<,801.0
large_scale_101,NRM/NRM5,R174,x_75,1.0,<,882.0,<,882.0
large_scale_101,NRM/NRM5,R175,x_76,1.0,<,1120.0,<,1120.0
large_scale_101,NRM/NRM5,R176,x_77,1.0,<,876.0,<,876.0
large_scale_101,NRM/NRM5,R177,x_78,1.0,<,563.0,<,563.0
large_scale_101,NRM/NRM5,R178,x_79,1.0,<,533.0,<,533.0
large_scale_101,NRM/NRM5,R179,x_80,1.0,<,794.0,<,794.0
large_scale_101,NRM/NRM5,R180,x_81,1.0,<,2776.0,<,2776.0
large_scale_101,NRM/NRM5,R181,x_82,1.0,<,955.0,<,955.0
large_scale_101,NRM/NRM5,R182,x_83,1.0,<,956.0,<,956.0
large_scale_101,NRM/NRM5,R183,x_84,1.0,<,510.0,<,510.0
large_scale_101,NRM/NRM5,R184,x_85,1.0,<,560.0,<,560.0
large_scale_101,NRM/NRM5,R185,x_86,1.0,<,604.0,<,604.0
large_scale_101,NRM/NRM5,R186,x_87,1.0,<,1096.0,<,1096.0
large_scale_101,NRM/NRM5,R187,x_88,1.0,<,56.0,<,56.0
large_scale_101,NRM/NRM5,R188,x_89,1.0,<,850.0,<,850.0
large_scale_101,NRM/NRM5,R189,x_90,1.0,<,1265.0,<,1265.0
large_scale_101,NRM/NRM5,R190,x_91,1.0,<,921.0,<,921.0
large_scale_101,NRM/NRM5,R191,x_92,1.0,<,733.0,<,733.0
large_scale_101,NRM/NRM5,R192,x_93,1.0,<,2198.0,<,2198.0
large_scale_101,NRM/NRM5,R193,x_94,1.0,<,808.0,<,808.0
large_scale_101,NRM/NRM5,R194,x_95,1.0,<,563.0,<,563.0
large_scale_101,NRM/NRM5,R195,x_96,1.0,<,801.0,<,801.0
large_scale_101,NRM/NRM5,R196,x_97,1.0,<,882.0,<,882.0
large_scale_101,NRM/NRM5,R197,x_98,1.0,<,1120.0,<,1120.0
large_scale_101,NRM/NRM5,R198,x_99,1.0,<,794.0,<,794.0
large_scale_101,NRM/NRM5,R199,x_100,1.0,<,2776.0,<,2776.0
large_scale_101,NRM/NRM6,R0,x_1,1.0,<,10440.0,<,10440.0
large_scale_101,NRM/NRM6,R1,x_1,1.0,<,1483.0,<,1483.0
large_scale_101,NRM/NRM7,R0,x_1,1.0,<,1570.0,<,1570.0
large_scale_101,NRM/NRM7,R1,x_2,1.0,<,1330.0,<,1330.0
large_scale_101,NRM/NRM7,R2,x_3,1.0,<,1420.0,<,1420.0
large_scale_101,NRM/NRM7,R3,x_4,1.0,<,1700.0,<,1700.0
large_scale_101,NRM/NRM7,R4,x_5,1.0,<,1690.0,<,1690.0
large_scale_101,NRM/NRM7,R5,x_6,1.0,<,1840.0,<,1840.0
large_scale_101,NRM/NRM7,R6,x_7,1.0,<,1710.0,<,1710.0
large_scale_101,NRM/NRM7,R7,x_8,1.0,<,1930.0,<,1930.0
large_scale_101,NRM/NRM7,R8,x_9,1.0,<,1890.0,<,1890.0
large_scale_101,NRM/NRM7,R9,x_10,1.0,<,1570.0,<,1570.0
large_scale_101,NRM/NRM7,R10,x_11,1.0,<,1810.0,<,1810.0
large_scale_101,NRM/NRM7,R11,x_12,1.0,<,1410.0,<,1410.0
large_scale_101,NRM/NRM7,R12,x_13,1.0,<,1830.0,<,1830.0
large_scale_101,NRM/NRM7,R13,x_14,1.0,<,1750.0,<,1750.0
large_scale_101,NRM/NRM7,R14,x_15,1.0,<,1690.0,<,1690.0
large_scale_101,NRM/NRM7,R15,x_16,1.0,<,1660.0,<,1660.0
large_scale_101,NRM/NRM7,R16,x_17,1.0,<,1417.0,<,1417.0
large_scale_101,NRM/NRM7,R17,x_18,1.0,<,1807.0,<,1807.0
large_scale_101,NRM/NRM7,R18,x_19,1.0,<,1268.0,<,1268.0
large_scale_101,NRM/NRM7,R19,x_20,1.0,<,1612.0,<,1612.0
large_scale_101,NRM/NRM7,R20,x_21,1.0,<,1749.0,<,1749.0
large_scale_101,NRM/NRM7,R21,x_22,1.0,<,1476.0,<,1476.0
large_scale_101,NRM/NRM7,R22,x_23,1.0,<,1853.0,<,1853.0
large_scale_101,NRM/NRM7,R23,x_24,1.0,<,1352.0,<,1352.0
large_scale_101,NRM/NRM7,R24,x_25,1.0,<,1684.0,<,1684.0
large_scale_101,NRM/NRM7,R25,x_26,1.0,<,1573.0,<,1573.0
large_scale_101,NRM/NRM7,R26,x_27,1.0,<,1385.0,<,1385.0
large_scale_101,NRM/NRM7,R27,x_28,1.0,<,1768.0,<,1768.0
large_scale_101,NRM/NRM7,R28,x_29,1.0,<,1456.0,<,1456.0
large_scale_101,NRM/NRM7,R29,x_30,1.0,<,1632.0,<,1632.0
large_scale_101,NRM/NRM7,R30,x_31,1.0,<,1671.0,<,1671.0
large_scale_101,NRM/NRM7,R31,x_32,1.0,<,1528.0,<,1528.0
large_scale_101,NRM/NRM7,R32,x_33,1.0,<,1892.0,<,1892.0
large_scale_101,NRM/NRM7,R33,x_34,1.0,<,1294.0,<,1294.0
large_scale_101,NRM/NRM7,R34,x_35,1.0,<,1716.0,<,1716.0
large_scale_101,NRM/NRM7,R35,x_1,1.0,<,240.0,<,240.0
large_scale_101,NRM/NRM7,R36,x_2,1.0,<,202.0,<,202.0
large_scale_101,NRM/NRM7,R37,x_3,1.0,<,216.0,<,216.0
large_scale_101,NRM/NRM7,R38,x_4,1.0,<,263.0,<,263.0
large_scale_101,NRM/NRM7,R39,x_5,1.0,<,256.0,<,256.0
large_scale_101,NRM/NRM7,R40,x_6,1.0,<,281.0,<,281.0
large_scale_101,NRM/NRM7,R41,x_7,1.0,<,261.0,<,261.0
large_scale_101,NRM/NRM7,R42,x_8,1.0,<,295.0,<,295.0
large_scale_101,NRM/NRM7,R43,x_9,1.0,<,290.0,<,290.0
large_scale_101,NRM/NRM7,R44,x_10,1.0,<,244.0,<,244.0
large_scale_101,NRM/NRM7,R45,x_11,1.0,<,273.0,<,273.0
large_scale_101,NRM/NRM7,R46,x_12,1.0,<,220.0,<,220.0
large_scale_101,NRM/NRM7,R47,x_13,1.0,<,286.0,<,286.0
large_scale_101,NRM/NRM7,R48,x_14,1.0,<,268.0,<,268.0
large_scale_101,NRM/NRM7,R49,x_15,1.0,<,262.0,<,262.0
large_scale_101,NRM/NRM7,R50,x_16,1.0,<,255.0,<,255.0
large_scale_101,NRM/NRM7,R51,x_17,1.0,<,218.0,<,218.0
large_scale_101,NRM/NRM7,R52,x_18,1.0,<,278.0,<,278.0
large_scale_101,NRM/NRM7,R53,x_19,1.0,<,195.0,<,195.0
large_scale_101,NRM/NRM7,R54,x_20,1.0,<,248.0,<,248.0
large_scale_101,NRM/NRM7,R55,x_21,1.0,<,269.0,<,269.0
large_scale_101,NRM/NRM7,R56,x_22,1.0,<,227.0,<,227.0
large_scale_101,NRM/NRM7,R57,x_23,1.0,<,285.0,<,285.0
large_scale_101,NRM/NRM7,R58,x_24,1.0,<,208.0,<,208.0
large_scale_101,NRM/NRM7,R59,x_25,1.0,<,259.0,<,259.0
large_scale_101,NRM/NRM7,R60,x_26,1.0,<,242.0,<,242.0
large_scale_101,NRM/NRM7,R61,x_27,1.0,<,213.0,<,213.0
large_scale_101,NRM/NRM7,R62,x_28,1.0,<,272.0,<,272.0
large_scale_101,NRM/NRM7,R63,x_29,1.0,<,224.0,<,224.0
large_scale_101,NRM/NRM7,R64,x_30,1.0,<,251.0,<,251.0
large_scale_101,NRM/NRM7,R65,x_31,1.0,<,257.0,<,257.0
large_scale_101,NRM/NRM7,R66,x_32,1.0,<,235.0,<,235.0
large_scale_101,NRM/NRM7,R67,x_33,1.0,<,291.0,<,291.0
large_scale_101,NRM/NRM7,R68,x_34,1.0,<,199.0,<,199.0
large_scale_101,NRM/NRM7,R69,x_35,1.0,<,264.0,<,264.0
large_scale_101,NRM/NRM8,R0,x_1,1.0,<,10.0,<,10.0
large_scale_101,NRM/NRM8,R1,x_2,1.0,<,20.0,<,20.0
large_scale_101,NRM/NRM8,R2,x_3,1.0,<,530.0,<,530.0
large_scale_101,NRM/NRM8,R3,x_4,1.0,<,10.0,<,10.0
large_scale_101,NRM/NRM8,R4,x_5,1.0,<,10.0,<,10.0
large_scale_101,NRM/NRM8,R5,x_1,1.0,<,2.0,<,2.0
large_scale_101,NRM/NRM8,R6,x_2,1.0,<,4.0,<,4.0
large_scale_101,NRM/NRM8,R7,x_3,1.0,<,82.0,<,82.0
large_scale_101,NRM/NRM8,R8,x_4,1.0,<,2.0,<,2.0
large_scale_101,NRM/NRM8,R9,x_5,1.0,<,2.0,<,2.0
large_scale_101,NRM/NRM9,R0,x_1,1.0,<,22749210.0,<,22749210.0
large_scale_101,NRM/NRM9,R1,x_1,1.0,<,3066513.0,<,3066513.0
large_scale_101,NRM/NRM10,R0,x_1,1.0,<,62440.0,<,62440.0
large_scale_101,NRM/NRM10,R1,x_2,1.0,<,75500.0,<,75500.0
large_scale_101,NRM/NRM10,R2,x_1,1.0,<,12474.0,<,12474.0
large_scale_101,NRM/NRM10,R3,x_2,1.0,<,15057.0,<,15057.0
large_scale_101,NRM/NRM11,R0,x_1,1.0,<,9440.0,<,9440.0
large_scale_101,NRM/NRM11,R1,x_2,1.0,<,9610.0,<,9610.0
large_scale_101,NRM/NRM11,R2,x_3,1.0,<,9280.0,<,9280.0
large_scale_101,NRM/NRM11,R3,x_4,1.0,<,9210.0,<,9210.0
large_scale_101,NRM/NRM11,R4,x_5,1.0,<,9520.0,<,9520.0
large_scale_101,NRM/NRM11,R5,x_6,1.0,<,9320.0,<,9320.0
large_scale_101,NRM/NRM11,R6,x_7,1.0,<,8380.0,<,8380.0
large_scale_101,NRM/NRM11,R7,x_8,1.0,<,9730.0,<,9730.0
large_scale_101,NRM/NRM11,R8,x_9,1.0,<,9720.0,<,9720.0
large_scale_101,NRM/NRM11,R9,x_10,1.0,<,9640.0,<,9640.0
large_scale_101,NRM/NRM11,R10,x_11,1.0,<,8980.0,<,8980.0
large_scale_101,NRM/NRM11,R11,x_12,1.0,<,8530.0,<,8530.0
large_scale_101,NRM/NRM11,R12,x_13,1.0,<,9210.0,<,9210.0
large_scale_101,NRM/NRM11,R13,x_14,1.0,<,8000.0,<,8000.0
large_scale_101,NRM/NRM11,R14,x_15,1.0,<,10240.0,<,10240.0
large_scale_101,NRM/NRM11,R15,x_16,1.0,<,9640.0,<,9640.0
large_scale_101,NRM/NRM11,R16,x_17,1.0,<,9990.0,<,9990.0
large_scale_101,NRM/NRM11,R17,x_18,1.0,<,9470.0,<,9470.0
large_scale_101,NRM/NRM11,R18,x_19,1.0,<,9970.0,<,9970.0
large_scale_101,NRM/NRM11,R19,x_20,1.0,<,8900.0,<,8900.0
large_scale_101,NRM/NRM11,R20,x_21,1.0,<,9140.0,<,9140.0
large_scale_101,NRM/NRM11,R21,x_22,1.0,<,9400.0,<,9400.0
large_scale_101,NRM/NRM11,R22,x_23,1.0,<,8020.0,<,8020.0
large_scale_101,NRM/NRM11,R23,x_24,1.0,<,9510.0,<,9510.0
large_scale_101,NRM/NRM11,R24,x_25,1.0,<,9170.0,<,9170.0
large_scale_101,NRM/NRM11,R25,x_26,1.0,<,9660.0,<,9660.0
large_scale_101,NRM/NRM11,R26,x_27,1.0,<,7430.0,<,7430.0
large_scale_101,NRM/NRM11,R27,x_28,1.0,<,9930.0,<,9930.0
large_scale_101,NRM/NRM11,R28,x_29,1.0,<,8280.0,<,8280.0
large_scale_101,NRM/NRM11,R29,x_30,1.0,<,9980.0,<,9980.0
large_scale_101,NRM/NRM11,R30,x_31,1.0,<,7460.0,<,7460.0
large_scale_101,NRM/NRM11,R31,x_32,1.0,<,8720.0,<,8720.0
large_scale_101,NRM/NRM11,R32,x_33,1.0,<,7890.0,<,7890.0
large_scale_101,NRM/NRM11,R33,x_34,1.0,<,8550.0,<,8550.0
large_scale_101,NRM/NRM11,R34,x_35,1.0,<,9910.0,<,9910.0
large_scale_101,NRM/NRM11,R35,x_36,1.0,<,9320.0,<,9320.0
large_scale_101,NRM/NRM11,R36,x_37,1.0,<,8720.0,<,8720.0
large_scale_101,NRM/NRM11,R37,x_38,1.0,<,8730.0,<,8730.0
large_scale_101,NRM/NRM11,R38,x_39,1.0,<,8220.0,<,8220.0
large_scale_101,NRM/NRM11,R39,x_40,1.0,<,17740.0,<,17740.0
large_scale_101,NRM/NRM11,R40,x_41,1.0,<,8600.0,<,8600.0
large_scale_101,NRM/NRM11,R41,x_42,1.0,<,8320.0,<,8320.0
large_scale_101,NRM/NRM11,R42,x_43,1.0,<,9090.0,<,9090.0
large_scale_101,NRM/NRM11,R43,x_44,1.0,<,8600.0,<,8600.0
large_scale_101,NRM/NRM11,R44,x_45,1.0,<,9480.0,<,9480.0
large_scale_101,NRM/NRM11,R45,x_46,1.0,<,8960.0,<,8960.0
large_scale_101,NRM/NRM11,R46,x_47,1.0,<,9970.0,<,9970.0
large_scale_101,NRM/NRM11,R47,x_48,1.0,<,9220.0,<,9220.0
large_scale_101,NRM/NRM11,R48,x_49,1.0,<,7500.0,<,7500.0
large_scale_101,NRM/NRM11,R49,x_50,1.0,<,9100.0,<,9100.0
large_scale_101,NRM/NRM11,R50,x_51,1.0,<,10310.0,<,10310.0
large_scale_101,NRM/NRM11,R51,x_52,1.0,<,9510.0,<,9510.0
large_scale_101,NRM/NRM11,R52,x_53,1.0,<,8940.0,<,8940.0
large_scale_101,NRM/NRM11,R53,x_54,1.0,<,7140.0,<,7140.0
large_scale_101,NRM/NRM11,R54,x_55,1.0,<,7240.0,<,7240.0
large_scale_101,NRM/NRM11,R55,x_56,1.0,<,9760.0,<,9760.0
large_scale_101,NRM/NRM11,R56,x_57,1.0,<,9310.0,<,9310.0
large_scale_101,NRM/NRM11,R57,x_58,1.0,<,8830.0,<,8830.0
large_scale_101,NRM/NRM11,R58,x_59,1.0,<,7840.0,<,7840.0
large_scale_101,NRM/NRM11,R59,x_60,1.0,<,8440.0,<,8440.0
large_scale_101,NRM/NRM11,R60,x_61,1.0,<,9290.0,<,9290.0
large_scale_101,NRM/NRM11,R61,x_62,1.0,<,9600.0,<,9600.0
large_scale_101,NRM/NRM11,R62,x_63,1.0,<,8510.0,<,8510.0
large_scale_101,NRM/NRM11,R63,x_64,1.0,<,9960.0,<,9960.0
large_scale_101,NRM/NRM11,R64,x_65,1.0,<,8450.0,<,8450.0
large_scale_101,NRM/NRM11,R65,x_66,1.0,<,8900.0,<,8900.0
large_scale_101,NRM/NRM11,R66,x_67,1.0,<,9830.0,<,9830.0
large_scale_101,NRM/NRM11,R67,x_68,1.0,<,8470.0,<,8470.0
large_scale_101,NRM/NRM11,R68,x_69,1.0,<,8100.0,<,8100.0
large_scale_101,NRM/NRM11,R69,x_70,1.0,<,9120.0,<,9120.0
large_scale_101,NRM/NRM11,R70,x_71,1.0,<,9550.0,<,9550.0
large_scale_101,NRM/NRM11,R71,x_72,1.0,<,7790.0,<,7790.0
large_scale_101,NRM/NRM11,R72,x_73,1.0,<,9200.0,<,9200.0
large_scale_101,NRM/NRM11,R73,x_74,1.0,<,8590.0,<,8590.0
large_scale_101,NRM/NRM11,R74,x_75,1.0,<,8240.0,<,8240.0
large_scale_101,NRM/NRM11,R75,x_76,1.0,<,8700.0,<,8700.0
large_scale_101,NRM/NRM11,R76,x_77,1.0,<,10520.0,<,10520.0
large_scale_101,NRM/NRM11,R77,x_78,1.0,<,10080.0,<,10080.0
large_scale_101,NRM/NRM11,R78,x_79,1.0,<,7450.0,<,7450.0
large_scale_101,NRM/NRM11,R79,x_80,1.0,<,8440.0,<,8440.0
large_scale_101,NRM/NRM11,R80,x_81,1.0,<,9000.0,<,9000.0
large_scale_101,NRM/NRM11,R81,x_82,1.0,<,8770.0,<,8770.0
large_scale_101,NRM/NRM11,R82,x_83,1.0,<,8330.0,<,8330.0
large_scale_101,NRM/NRM11,R83,x_84,1.0,<,8730.0,<,8730.0
large_scale_101,NRM/NRM11,R84,x_85,1.0,<,8680.0,<,8680.0
large_scale_101,NRM/NRM11,R85,x_86,1.0,<,8360.0,<,8360.0
large_scale_101,NRM/NRM11,R86,x_87,1.0,<,9550.0,<,9550.0
large_scale_101,NRM/NRM11,R87,x_88,1.0,<,9070.0,<,9070.0
large_scale_101,NRM/NRM11,R88,x_89,1.0,<,9570.0,<,9570.0
large_scale_101,NRM/NRM11,R89,x_90,1.0,<,8620.0,<,8620.0
large_scale_101,NRM/NRM11,R90,x_91,1.0,<,8170.0,<,8170.0
large_scale_101,NRM/NRM11,R91,x_92,1.0,<,9990.0,<,9990.0
large_scale_101,NRM/NRM11,R92,x_93,1.0,<,9790.0,<,9790.0
large_scale_101,NRM/NRM11,R93,x_94,1.0,<,9450.0,<,9450.0
large_scale_101,NRM/NRM11,R94,x_95,1.0,<,9120.0,<,9120.0
large_scale_101,NRM/NRM11,R95,x_96,1.0,<,9020.0,<,9020.0
large_scale_101,NRM/NRM11,R96,x_97,1.0,<,8370.0,<,8370.0
large_scale_101,NRM/NRM11,R97,x_98,1.0,<,8390.0,<,8390.0
large_scale_101,NRM/NRM11,R98,x_99,1.0,<,8680.0,<,8680.0
large_scale_101,NRM/NRM11,R99,x_100,1.0,<,9400.0,<,9400.0
large_scale_101,NRM/NRM11,R100,x_101,1.0,<,9900.0,<,9900.0
large_scale_101,NRM/NRM11,R101,x_102,1.0,<,9760.0,<,9760.0
large_scale_101,NRM/NRM11,R102,x_103,1.0,<,8610.0,<,8610.0
large_scale_101,NRM/NRM11,R103,x_104,1.0,<,9380.0,<,9380.0
large_scale_101,NRM/NRM11,R104,x_105,1.0,<,9170.0,<,9170.0
large_scale_101,NRM/NRM11,R105,x_106,1.0,<,8520.0,<,8520.0
large_scale_101,NRM/NRM11,R106,x_107,1.0,<,10290.0,<,10290.0
large_scale_101,NRM/NRM11,R107,x_108,1.0,<,9200.0,<,9200.0
large_scale_101,NRM/NRM11,R108,x_109,1.0,<,9270.0,<,9270.0
large_scale_101,NRM/NRM11,R109,x_1,1.0,<,1280.0,<,1280.0
large_scale_101,NRM/NRM11,R110,x_2,1.0,<,1316.0,<,1316.0
large_scale_101,NRM/NRM11,R111,x_3,1.0,<,1242.0,<,1242.0
large_scale_101,NRM/NRM11,R112,x_4,1.0,<,1258.0,<,1258.0
large_scale_101,NRM/NRM11,R113,x_5,1.0,<,1292.0,<,1292.0
large_scale_101,NRM/NRM11,R114,x_6,1.0,<,1262.0,<,1262.0
large_scale_101,NRM/NRM11,R115,x_7,1.0,<,1132.0,<,1132.0
large_scale_101,NRM/NRM11,R116,x_8,1.0,<,1334.0,<,1334.0
large_scale_101,NRM/NRM11,R117,x_9,1.0,<,1323.0,<,1323.0
large_scale_101,NRM/NRM11,R118,x_10,1.0,<,1340.0,<,1340.0
large_scale_101,NRM/NRM11,R119,x_11,1.0,<,1232.0,<,1232.0
large_scale_101,NRM/NRM11,R120,x_12,1.0,<,1157.0,<,1157.0
large_scale_101,NRM/NRM11,R121,x_13,1.0,<,1237.0,<,1237.0
large_scale_101,NRM/NRM11,R122,x_14,1.0,<,1091.0,<,1091.0
large_scale_101,NRM/NRM11,R123,x_15,1.0,<,1386.0,<,1386.0
large_scale_101,NRM/NRM11,R124,x_16,1.0,<,1331.0,<,1331.0
large_scale_101,NRM/NRM11,R125,x_17,1.0,<,1364.0,<,1364.0
large_scale_101,NRM/NRM11,R126,x_18,1.0,<,1287.0,<,1287.0
large_scale_101,NRM/NRM11,R127,x_19,1.0,<,1378.0,<,1378.0
large_scale_101,NRM/NRM11,R128,x_20,1.0,<,1244.0,<,1244.0
large_scale_101,NRM/NRM11,R129,x_21,1.0,<,1278.0,<,1278.0
large_scale_101,NRM/NRM11,R130,x_22,1.0,<,1277.0,<,1277.0
large_scale_101,NRM/NRM11,R131,x_23,1.0,<,1063.0,<,1063.0
large_scale_101,NRM/NRM11,R132,x_24,1.0,<,1267.0,<,1267.0
large_scale_101,NRM/NRM11,R133,x_25,1.0,<,1233.0,<,1233.0
large_scale_101,NRM/NRM11,R134,x_26,1.0,<,1293.0,<,1293.0
large_scale_101,NRM/NRM11,R135,x_27,1.0,<,994.0,<,994.0
large_scale_101,NRM/NRM11,R136,x_28,1.0,<,1363.0,<,1363.0
large_scale_101,NRM/NRM11,R137,x_29,1.0,<,1134.0,<,1134.0
large_scale_101,NRM/NRM11,R138,x_30,1.0,<,1362.0,<,1362.0
large_scale_101,NRM/NRM11,R139,x_31,1.0,<,1028.0,<,1028.0
large_scale_101,NRM/NRM11,R140,x_32,1.0,<,1200.0,<,1200.0
large_scale_101,NRM/NRM11,R141,x_33,1.0,<,1056.0,<,1056.0
large_scale_101,NRM/NRM11,R142,x_34,1.0,<,1139.0,<,1139.0
large_scale_101,NRM/NRM11,R143,x_35,1.0,<,1335.0,<,1335.0
large_scale_101,NRM/NRM11,R144,x_36,1.0,<,1267.0,<,1267.0
large_scale_101,NRM/NRM11,R145,x_37,1.0,<,1172.0,<,1172.0
large_scale_101,NRM/NRM11,R146,x_38,1.0,<,1175.0,<,1175.0
large_scale_101,NRM/NRM11,R147,x_39,1.0,<,1153.0,<,1153.0
large_scale_101,NRM/NRM11,R148,x_40,1.0,<,2457.0,<,2457.0
large_scale_101,NRM/NRM11,R149,x_41,1.0,<,1157.0,<,1157.0
large_scale_101,NRM/NRM11,R150,x_42,1.0,<,1139.0,<,1139.0
large_scale_101,NRM/NRM11,R151,x_43,1.0,<,1240.0,<,1240.0
large_scale_101,NRM/NRM11,R152,x_44,1.0,<,1206.0,<,1206.0
large_scale_101,NRM/NRM11,R153,x_45,1.0,<,1312.0,<,1312.0
large_scale_101,NRM/NRM11,R154,x_46,1.0,<,1224.0,<,1224.0
large_scale_101,NRM/NRM11,R155,x_47,1.0,<,1361.0,<,1361.0
large_scale_101,NRM/NRM11,R156,x_48,1.0,<,1241.0,<,1241.0
large_scale_101,NRM/NRM11,R157,x_49,1.0,<,1002.0,<,1002.0
large_scale_101,NRM/NRM11,R158,x_50,1.0,<,1246.0,<,1246.0
large_scale_101,NRM/NRM11,R159,x_51,1.0,<,1394.0,<,1394.0
large_scale_101,NRM/NRM11,R160,x_52,1.0,<,1327.0,<,1327.0
large_scale_101,NRM/NRM11,R161,x_53,1.0,<,1211.0,<,1211.0
large_scale_101,NRM/NRM11,R162,x_54,1.0,<,957.0,<,957.0
large_scale_101,NRM/NRM11,R163,x_55,1.0,<,988.0,<,988.0
large_scale_101,NRM/NRM11,R164,x_56,1.0,<,1347.0,<,1347.0
large_scale_101,NRM/NRM11,R165,x_57,1.0,<,1286.0,<,1286.0
large_scale_101,NRM/NRM11,R166,x_58,1.0,<,1193.0,<,1193.0
large_scale_101,NRM/NRM11,R167,x_59,1.0,<,1057.0,<,1057.0
large_scale_101,NRM/NRM11,R168,x_60,1.0,<,1165.0,<,1165.0
large_scale_101,NRM/NRM11,R169,x_61,1.0,<,1263.0,<,1263.0
large_scale_101,NRM/NRM11,R170,x_62,1.0,<,1288.0,<,1288.0
large_scale_101,NRM/NRM11,R171,x_63,1.0,<,1177.0,<,1177.0
large_scale_101,NRM/NRM11,R172,x_64,1.0,<,1358.0,<,1358.0
large_scale_101,NRM/NRM11,R173,x_65,1.0,<,1177.0,<,1177.0
large_scale_101,NRM/NRM11,R174,x_66,1.0,<,1191.0,<,1191.0
large_scale_101,NRM/NRM11,R175,x_67,1.0,<,1329.0,<,1329.0
large_scale_101,NRM/NRM11,R176,x_68,1.0,<,1135.0,<,1135.0
large_scale_101,NRM/NRM11,R177,x_69,1.0,<,1122.0,<,1122.0
large_scale_101,NRM/NRM11,R178,x_70,1.0,<,1223.0,<,1223.0
large_scale_101,NRM/NRM11,R179,x_71,1.0,<,1317.0,<,1317.0
large_scale_101,NRM/NRM11,R180,x_72,1.0,<,1086.0,<,1086.0
large_scale_101,NRM/NRM11,R181,x_73,1.0,<,1263.0,<,1263.0
large_scale_101,NRM/NRM11,R182,x_74,1.0,<,1183.0,<,1183.0
large_scale_101,NRM/NRM11,R183,x_75,1.0,<,1119.0,<,1119.0
large_scale_101,NRM/NRM11,R184,x_76,1.0,<,1182.0,<,1182.0
large_scale_101,NRM/NRM11,R185,x_77,1.0,<,1450.0,<,1450.0
large_scale_101,NRM/NRM11,R186,x_78,1.0,<,1357.0,<,1357.0
large_scale_101,NRM/NRM11,R187,x_79,1.0,<,1013.0,<,1013.0
large_scale_101,NRM/NRM11,R188,x_80,1.0,<,1145.0,<,1145.0
large_scale_101,NRM/NRM11,R189,x_81,1.0,<,1247.0,<,1247.0
large_scale_101,NRM/NRM11,R190,x_82,1.0,<,1205.0,<,1205.0
large_scale_101,NRM/NRM11,R191,x_83,1.0,<,1149.0,<,1149.0
large_scale_101,NRM/NRM11,R192,x_84,1.0,<,1185.0,<,1185.0
large_scale_101,NRM/NRM11,R193,x_85,1.0,<,1194.0,<,1194.0
large_scale_101,NRM/NRM11,R194,x_86,1.0,<,1160.0,<,1160.0
large_scale_101,NRM/NRM11,R195,x_87,1.0,<,1292.0,<,1292.0
large_scale_101,NRM/NRM11,R196,x_88,1.0,<,1253.0,<,1253.0
large_scale_101,NRM/NRM11,R197,x_89,1.0,<,1268.0,<,1268.0
large_scale_101,NRM/NRM11,R198,x_90,1.0,<,1193.0,<,1193.0
large_scale_101,NRM/NRM11,R199,x_91,1.0,<,1093.0,<,1093.0
large_scale_101,NRM/NRM11,R200,x_92,1.0,<,1351.0,<,1351.0
large_scale_101,NRM/NRM11,R201,x_93,1.0,<,1330.0,<,1330.0
large_scale_101,NRM/NRM11,R202,x_94,1.0,<,1278.0,<,1278.0
large_scale_101,NRM/NRM11,R203,x_95,1.0,<,1237.0,<,1237.0
large_scale_101,NRM/NRM11,R204,x_96,1.0,<,1254.0,<,1254.0
large_scale_101,NRM/NRM11,R205,x_97,1.0,<,1158.0,<,1158.0
large_scale_101,NRM/NRM11,R206,x_98,1.0,<,1144.0,<,1144.0
large_scale_101,NRM/NRM11,R207,x_99,1.0,<,1189.0,<,1189.0
large_scale_101,NRM/NRM11,R208,x_100,1.0,<,1274.0,<,1274.0
large_scale_101,NRM/NRM11,R209,x_101,1.0,<,1329.0,<,1329.0
large_scale_101,NRM/NRM11,R210,x_102,1.0,<,1342.0,<,1342.0
large_scale_101,NRM/NRM11,R211,x_103,1.0,<,1170.0,<,1170.0
large_scale_101,NRM/NRM11,R212,x_104,1.0,<,1247.0,<,1247.0
large_scale_101,NRM/NRM11,R213,x_105,1.0,<,1236.0,<,1236.0
large_scale_101,NRM/NRM11,R214,x_106,1.0,<,1175.0,<,1175.0
large_scale_101,NRM/NRM11,R215,x_107,1.0,<,1394.0,<,1394.0
large_scale_101,NRM/NRM11,R216,x_108,1.0,<,1252.0,<,1252.0
large_scale_101,NRM/NRM11,R217,x_109,1.0,<,1291.0,<,1291.0
large_scale_101,NRM/NRM12,R0,x_1,1.0,<,5000.0,<,5000.0
large_scale_101,NRM/NRM12,R1,x_2,1.0,<,5000.0,<,5000.0
large_scale_101,NRM/NRM12,R2,x_3,1.0,<,5000.0,<,5000.0
large_scale_101,NRM/NRM12,R3,x_4,1.0,<,25000.0,<,25000.0
large_scale_101,NRM/NRM12,R4,x_5,1.0,<,25000.0,<,25000.0
large_scale_101,NRM/NRM12,R5,x_6,1.0,<,5000.0,<,5000.0
large_scale_101,NRM/NRM12,R6,x_7,1.0,<,100000.0,<,100000.0
large_scale_101,NRM/NRM12,R7,x_8,1.0,<,100000.0,<,100000.0
large_scale_101,NRM/NRM12,R8,x_9,1.0,<,1000.0,<,1000.0
large_scale_101,NRM/NRM12,R9,x_10,1.0,<,50.0,<,50.0
large_scale_101,NRM/NRM12,R10,x_11,1.0,<,5000.0,<,5000.0
large_scale_101,NRM/NRM12,R11,x_12,1.0,<,50000.0,<,50000.0
large_scale_101,NRM/NRM12,R12,x_13,1.0,<,500.0,<,500.0
large_scale_101,NRM/NRM12,R13,x_14,1.0,<,5000.0,<,5000.0
large_scale_101,NRM/NRM12,R14,x_15,1.0,<,500.0,<,500.0
large_scale_101,NRM/NRM12,R15,x_16,1.0,<,50.0,<,50.0
large_scale_101,NRM/NRM12,R16,x_17,1.0,<,1000.0,<,1000.0
large_scale_101,NRM/NRM12,R17,x_18,1.0,<,25000.0,<,25000.0
large_scale_101,NRM/NRM12,R18,x_19,1.0,<,5000.0,<,5000.0
large_scale_101,NRM/NRM12,R19,x_20,1.0,<,5000.0,<,5000.0
large_scale_101,NRM/NRM12,R20,x_21,1.0,<,500.0,<,500.0
large_scale_101,NRM/NRM12,R21,x_22,1.0,<,5000.0,<,5000.0
large_scale_101,NRM/NRM12,R22,x_23,1.0,<,500.0,<,500.0
large_scale_101,NRM/NRM12,R23,x_24,1.0,<,500.0,<,500.0
large_scale_101,NRM/NRM12,R24,x_25,1.0,<,25000.0,<,25000.0
large_scale_101,NRM/NRM12,R25,x_26,1.0,<,5000.0,<,5000.0
large_scale_101,NRM/NRM12,R26,x_27,1.0,<,250.0,<,250.0
large_scale_101,NRM/NRM12,R27,x_28,1.0,<,500.0,<,500.0
large_scale_101,NRM/NRM12,R28,x_29,1.0,<,25000.0,<,25000.0
large_scale_101,NRM/NRM12,R29,x_30,1.0,<,100000.0,<,100000.0
large_scale_101,NRM/NRM12,R30,x_31,1.0,<,100000.0,<,100000.0
large_scale_101,NRM/NRM12,R31,x_32,1.0,<,50000.0,<,50000.0
large_scale_101,NRM/NRM12,R32,x_33,1.0,<,50000.0,<,50000.0
large_scale_101,NRM/NRM12,R33,x_34,1.0,<,25000.0,<,25000.0
large_scale_101,NRM/NRM12,R34,x_35,1.0,<,50000.0,<,50000.0
large_scale_101,NRM/NRM12,R35,x_36,1.0,<,25000.0,<,25000.0
large_scale_101,NRM/NRM12,R36,x_37,1.0,<,50000.0,<,50000.0
large_scale_101,NRM/NRM12,R37,x_38,1.0,<,500000.0,<,500000.0
large_scale_101,NRM/NRM12,R38,x_39,1.0,<,25000.0,<,25000.0
large_scale_101,NRM/NRM12,R39,x_40,1.0,<,50000.0,<,50000.0
large_scale_101,NRM/NRM12,R40,x_41,1.0,<,25000.0,<,25000.0
large_scale_101,NRM/NRM12,R41,x_42,1.0,<,100000.0,<,100000.0
large_scale_101,NRM/NRM12,R42,x_43,1.0,<,5000.0,<,5000.0
large_scale_101,NRM/NRM12,R43,x_44,1.0,<,250000.0,<,250000.0
large_scale_101,NRM/NRM12,R44,x_45,1.0,<,50000.0,<,50000.0
large_scale_101,NRM/NRM12,R45,x_46,1.0,<,100000.0,<,100000.0
large_scale_101,NRM/NRM12,R46,x_47,1.0,<,100000.0,<,100000.0
large_scale_101,NRM/NRM12,R47,x_48,1.0,<,100000.0,<,100000.0
large_scale_101,NRM/NRM12,R48,x_49,1.0,<,5000.0,<,5000.0
large_scale_101,NRM/NRM12,R49,x_50,1.0,<,5000.0,<,5000.0
large_scale_101,NRM/NRM12,R50,x_51,1.0,<,50000.0,<,50000.0
large_scale_101,NRM/NRM12,R51,x_52,1.0,<,50000.0,<,50000.0
large_scale_101,NRM/NRM12,R52,x_53,1.0,<,25000.0,<,25000.0
large_scale_101,NRM/NRM12,R53,x_54,1.0,<,100000.0,<,100000.0
large_scale_101,NRM/NRM12,R54,x_55,1.0,<,100000.0,<,100000.0
large_scale_101,NRM/NRM12,R55,x_56,1.0,<,100000.0,<,100000.0
large_scale_101,NRM/NRM12,R56,x_57,1.0,<,5000.0,<,5000.0
large_scale_101,NRM/NRM12,R57,x_58,1.0,<,500.0,<,500.0
large_scale_101,NRM/NRM12,R58,x_59,1.0,<,500.0,<,500.0
large_scale_101,NRM/NRM12,R59,x_60,1.0,<,25000.0,<,25000.0
large_scale_101,NRM/NRM12,R60,x_61,1.0,<,50000.0,<,50000.0
large_scale_101,NRM/NRM12,R61,x_62,1.0,<,100000.0,<,100000.0
large_scale_101,NRM/NRM12,R62,x_63,1.0,<,100000.0,<,100000.0
large_scale_101,NRM/NRM12,R63,x_64,1.0,<,25000.0,<,25000.0
large_scale_101,NRM/NRM12,R64,x_65,1.0,<,500.0,<,500.0
large_scale_101,NRM/NRM12,R65,x_66,1.0,<,1000.0,<,1000.0
large_scale_101,NRM/NRM12,R66,x_67,1.0,<,5000.0,<,5000.0
large_scale_101,NRM/NRM12,R67,x_68,1.0,<,100000.0,<,100000.0
large_scale_101,NRM/NRM12,R68,x_1,1.0,<,1357.0,<,1357.0
large_scale_101,NRM/NRM12,R69,x_2,1.0,<,1363.0,<,1363.0
large_scale_101,NRM/NRM12,R70,x_3,1.0,<,1269.0,<,1269.0
large_scale_101,NRM/NRM12,R71,x_4,1.0,<,6500.0,<,6500.0
large_scale_101,NRM/NRM12,R72,x_5,1.0,<,6335.0,<,6335.0
large_scale_101,NRM/NRM12,R73,x_6,1.0,<,1283.0,<,1283.0
large_scale_101,NRM/NRM12,R74,x_7,1.0,<,27327.0,<,27327.0
large_scale_101,NRM/NRM12,R75,x_8,1.0,<,25600.0,<,25600.0
large_scale_101,NRM/NRM12,R76,x_9,1.0,<,264.0,<,264.0
large_scale_101,NRM/NRM12,R77,x_10,1.0,<,14.0,<,14.0
large_scale_101,NRM/NRM12,R78,x_11,1.0,<,1484.0,<,1484.0
large_scale_101,NRM/NRM12,R79,x_12,1.0,<,13124.0,<,13124.0
large_scale_101,NRM/NRM12,R80,x_13,1.0,<,123.0,<,123.0
large_scale_101,NRM/NRM12,R81,x_14,1.0,<,1430.0,<,1430.0
large_scale_101,NRM/NRM12,R82,x_15,1.0,<,130.0,<,130.0
large_scale_101,NRM/NRM12,R83,x_16,1.0,<,14.0,<,14.0
large_scale_101,NRM/NRM12,R84,x_17,1.0,<,293.0,<,293.0
large_scale_101,NRM/NRM12,R85,x_18,1.0,<,6770.0,<,6770.0
large_scale_101,NRM/NRM12,R86,x_19,1.0,<,1325.0,<,1325.0
large_scale_101,NRM/NRM12,R87,x_20,1.0,<,1377.0,<,1377.0
large_scale_101,NRM/NRM12,R88,x_21,1.0,<,139.0,<,139.0
large_scale_101,NRM/NRM12,R89,x_22,1.0,<,1350.0,<,1350.0
large_scale_101,NRM/NRM12,R90,x_23,1.0,<,138.0,<,138.0
large_scale_101,NRM/NRM12,R91,x_24,1.0,<,122.0,<,122.0
large_scale_101,NRM/NRM12,R92,x_25,1.0,<,6577.0,<,6577.0
large_scale_101,NRM/NRM12,R93,x_26,1.0,<,1455.0,<,1455.0
large_scale_101,NRM/NRM12,R94,x_27,1.0,<,72.0,<,72.0
large_scale_101,NRM/NRM12,R95,x_28,1.0,<,135.0,<,135.0
large_scale_101,NRM/NRM12,R96,x_29,1.0,<,6531.0,<,6531.0
large_scale_101,NRM/NRM12,R97,x_30,1.0,<,26650.0,<,26650.0
large_scale_101,NRM/NRM12,R98,x_31,1.0,<,27115.0,<,27115.0
large_scale_101,NRM/NRM12,R99,x_32,1.0,<,12486.0,<,12486.0
large_scale_101,NRM/NRM12,R100,x_33,1.0,<,12367.0,<,12367.0
large_scale_101,NRM/NRM12,R101,x_34,1.0,<,6194.0,<,6194.0
large_scale_101,NRM/NRM12,R102,x_35,1.0,<,14307.0,<,14307.0
large_scale_101,NRM/NRM12,R103,x_36,1.0,<,6321.0,<,6321.0
large_scale_101,NRM/NRM12,R104,x_37,1.0,<,13833.0,<,13833.0
large_scale_101,NRM/NRM12,R105,x_38,1.0,<,144944.0,<,144944.0
large_scale_101,NRM/NRM12,R106,x_39,1.0,<,6319.0,<,6319.0
large_scale_101,NRM/NRM12,R107,x_40,1.0,<,13849.0,<,13849.0
large_scale_101,NRM/NRM12,R108,x_41,1.0,<,6875.0,<,6875.0
large_scale_101,NRM/NRM12,R109,x_42,1.0,<,29273.0,<,29273.0
large_scale_101,NRM/NRM12,R110,x_43,1.0,<,1207.0,<,1207.0
large_scale_101,NRM/NRM12,R111,x_44,1.0,<,62890.0,<,62890.0
large_scale_101,NRM/NRM12,R112,x_45,1.0,<,14465.0,<,14465.0
large_scale_101,NRM/NRM12,R113,x_46,1.0,<,25467.0,<,25467.0
large_scale_101,NRM/NRM12,R114,x_47,1.0,<,24105.0,<,24105.0
large_scale_101,NRM/NRM12,R115,x_48,1.0,<,25594.0,<,25594.0
large_scale_101,NRM/NRM12,R116,x_49,1.0,<,1229.0,<,1229.0
large_scale_101,NRM/NRM12,R117,x_50,1.0,<,1459.0,<,1459.0
large_scale_101,NRM/NRM12,R118,x_51,1.0,<,13071.0,<,13071.0
large_scale_101,NRM/NRM12,R119,x_52,1.0,<,13056.0,<,13056.0
large_scale_101,NRM/NRM12,R120,x_53,1.0,<,6170.0,<,6170.0
large_scale_101,NRM/NRM12,R121,x_54,1.0,<,24746.0,<,24746.0
large_scale_101,NRM/NRM12,R122,x_55,1.0,<,27118.0,<,27118.0
large_scale_101,NRM/NRM12,R123,x_56,1.0,<,29149.0,<,29149.0
large_scale_101,NRM/NRM12,R124,x_57,1.0,<,1459.0,<,1459.0
large_scale_101,NRM/NRM12,R125,x_58,1.0,<,136.0,<,136.0
large_scale_101,NRM/NRM12,R126,x_59,1.0,<,130.0,<,130.0
large_scale_101,NRM/NRM12,R127,x_60,1.0,<,6720.0,<,6720.0
large_scale_101,NRM/NRM12,R128,x_61,1.0,<,14932.0,<,14932.0
large_scale_101,NRM/NRM12,R129,x_62,1.0,<,25913.0,<,25913.0
large_scale_101,NRM/NRM12,R130,x_63,1.0,<,27066.0,<,27066.0
large_scale_101,NRM/NRM12,R131,x_64,1.0,<,7453.0,<,7453.0
large_scale_101,NRM/NRM12,R132,x_65,1.0,<,142.0,<,142.0
large_scale_101,NRM/NRM12,R133,x_66,1.0,<,270.0,<,270.0
large_scale_101,NRM/NRM12,R134,x_67,1.0,<,1418.0,<,1418.0
large_scale_101,NRM/NRM12,R135,x_68,1.0,<,28189.0,<,28189.0
large_scale_101,NRM/NRM13,R0,x_1,1.0,<,62440.0,<,62440.0
large_scale_101,NRM/NRM13,R1,x_2,1.0,<,75500.0,<,75500.0
large_scale_101,NRM/NRM13,R2,x_1,1.0,<,12474.0,<,12474.0
large_scale_101,NRM/NRM13,R3,x_2,1.0,<,15057.0,<,15057.0
large_scale_101,NRM/NRM14,R0,x_1,1.0,<,2000.0,<,2000.0
large_scale_101,NRM/NRM14,R1,x_2,1.0,<,7000.0,<,7000.0
large_scale_101,NRM/NRM14,R2,x_3,1.0,<,7000.0,<,7000.0
large_scale_101,NRM/NRM14,R3,x_4,1.0,<,6000.0,<,6000.0
large_scale_101,NRM/NRM14,R4,x_5,1.0,<,2000.0,<,2000.0
large_scale_101,NRM/NRM14,R5,x_6,1.0,<,2000.0,<,2000.0
large_scale_101,NRM/NRM14,R6,x_7,1.0,<,7000.0,<,7000.0
large_scale_101,NRM/NRM14,R7,x_8,1.0,<,7000.0,<,7000.0
large_scale_101,NRM/NRM14,R8,x_9,1.0,<,1200.0,<,1200.0
large_scale_101,NRM/NRM14,R9,x_10,1.0,<,1200.0,<,1200.0
large_scale_101,NRM/NRM14,R10,x_11,1.0,<,2400.0,<,2400.0
large_scale_101,NRM/NRM14,R11,x_12,1.0,<,1200.0,<,1200.0
large_scale_101,NRM/NRM14,R12,x_1,1.0,<,295.0,<,295.0
large_scale_101,NRM/NRM14,R13,x_2,1.0,<,1002.0,<,1002.0
large_scale_101,NRM/NRM14,R14,x_3,1.0,<,958.0,<,958.0
large_scale_101,NRM/NRM14,R15,x_4,1.0,<,777.0,<,777.0
large_scale_101,NRM/NRM14,R16,x_5,1.0,<,271.0,<,271.0
large_scale_101,NRM/NRM14,R17,x_6,1.0,<,244.0,<,244.0
large_scale_101,NRM/NRM14,R18,x_7,1.0,<,990.0,<,990.0
large_scale_101,NRM/NRM14,R19,x_8,1.0,<,1000.0,<,1000.0
large_scale_101,NRM/NRM14,R20,x_9,1.0,<,169.0,<,169.0
large_scale_101,NRM/NRM14,R21,x_10,1.0,<,155.0,<,155.0
large_scale_101,NRM/NRM14,R22,x_11,1.0,<,327.0,<,327.0
large_scale_101,NRM/NRM14,R23,x_12,1.0,<,174.0,<,174.0
large_scale_101,NRM/NRM15,R0,x_1,1.0,<,9020.0,<,9020.0
large_scale_101,NRM/NRM15,R1,x_2,1.0,<,8370.0,<,8370.0
large_scale_101,NRM/NRM15,R2,x_3,1.0,<,8390.0,<,8390.0
large_scale_101,NRM/NRM15,R3,x_4,1.0,<,8680.0,<,8680.0
large_scale_101,NRM/NRM15,R4,x_5,1.0,<,9400.0,<,9400.0
large_scale_101,NRM/NRM15,R5,x_6,1.0,<,9900.0,<,9900.0
large_scale_101,NRM/NRM15,R6,x_7,1.0,<,9760.0,<,9760.0
large_scale_101,NRM/NRM15,R7,x_8,1.0,<,8610.0,<,8610.0
large_scale_101,NRM/NRM15,R8,x_9,1.0,<,9380.0,<,9380.0
large_scale_101,NRM/NRM15,R9,x_10,1.0,<,9170.0,<,9170.0
large_scale_101,NRM/NRM15,R10,x_11,1.0,<,8520.0,<,8520.0
large_scale_101,NRM/NRM15,R11,x_12,1.0,<,10290.0,<,10290.0
large_scale_101,NRM/NRM15,R12,x_1,1.0,<,1219.0,<,1219.0
large_scale_101,NRM/NRM15,R13,x_2,1.0,<,1127.0,<,1127.0
large_scale_101,NRM/NRM15,R14,x_3,1.0,<,1129.0,<,1129.0
large_scale_101,NRM/NRM15,R15,x_4,1.0,<,1176.0,<,1176.0
large_scale_101,NRM/NRM15,R16,x_5,1.0,<,1301.0,<,1301.0
large_scale_101,NRM/NRM15,R17,x_6,1.0,<,1340.0,<,1340.0
large_scale_101,NRM/NRM15,R18,x_7,1.0,<,1357.0,<,1357.0
large_scale_101,NRM/NRM15,R19,x_8,1.0,<,1158.0,<,1158.0
large_scale_101,NRM/NRM15,R20,x_9,1.0,<,1287.0,<,1287.0
large_scale_101,NRM/NRM15,R21,x_10,1.0,<,1281.0,<,1281.0
large_scale_101,NRM/NRM15,R22,x_11,1.0,<,1135.0,<,1135.0
large_scale_101,NRM/NRM15,R23,x_12,1.0,<,1392.0,<,1392.0
large_scale_101,NRM/NRM16,R0,x_1,1.0,<,10.0,<,10.0
large_scale_101,NRM/NRM16,R1,x_2,1.0,<,300.0,<,300.0
large_scale_101,NRM/NRM16,R2,x_3,1.0,<,30.0,<,30.0
large_scale_101,NRM/NRM16,R3,x_4,1.0,<,30.0,<,30.0
large_scale_101,NRM/NRM16,R4,x_5,1.0,<,100.0,<,100.0
large_scale_101,NRM/NRM16,R5,x_6,1.0,<,110.0,<,110.0
large_scale_101,NRM/NRM16,R6,x_7,1.0,<,20.0,<,20.0
large_scale_101,NRM/NRM16,R7,x_8,1.0,<,80.0,<,80.0
large_scale_101,NRM/NRM16,R8,x_9,1.0,<,10.0,<,10.0
large_scale_101,NRM/NRM16,R9,x_10,1.0,<,10.0,<,10.0
large_scale_101,NRM/NRM16,R10,x_11,1.0,<,160.0,<,160.0
large_scale_101,NRM/NRM16,R11,x_12,1.0,<,70.0,<,70.0
large_scale_101,NRM/NRM16,R12,x_13,1.0,<,10.0,<,10.0
large_scale_101,NRM/NRM16,R13,x_14,1.0,<,10.0,<,10.0
large_scale_101,NRM/NRM16,R14,x_15,1.0,<,30.0,<,30.0
large_scale_101,NRM/NRM16,R15,x_16,1.0,<,10.0,<,10.0
large_scale_101,NRM/NRM16,R16,x_17,1.0,<,30.0,<,30.0
large_scale_101,NRM/NRM16,R17,x_18,1.0,<,10.0,<,10.0
large_scale_101,NRM/NRM16,R18,x_19,1.0,<,30.0,<,30.0
large_scale_101,NRM/NRM16,R19,x_20,1.0,<,30.0,<,30.0
large_scale_101,NRM/NRM16,R20,x_21,1.0,<,40.0,<,40.0
large_scale_101,NRM/NRM16,R21,x_22,1.0,<,80.0,<,80.0
large_scale_101,NRM/NRM16,R22,x_23,1.0,<,300.0,<,300.0
large_scale_101,NRM/NRM16,R23,x_24,1.0,<,40.0,<,40.0
large_scale_101,NRM/NRM16,R24,x_25,1.0,<,40.0,<,40.0
large_scale_101,NRM/NRM16,R25,x_26,1.0,<,190.0,<,190.0
large_scale_101,NRM/NRM16,R26,x_27,1.0,<,20.0,<,20.0
large_scale_101,NRM/NRM16,R27,x_1,1.0,<,2.0,<,2.0
large_scale_101,NRM/NRM16,R28,x_2,1.0,<,43.0,<,43.0
large_scale_101,NRM/NRM16,R29,x_3,1.0,<,6.0,<,6.0
large_scale_101,NRM/NRM16,R30,x_4,1.0,<,6.0,<,6.0
large_scale_101,NRM/NRM16,R31,x_5,1.0,<,20.0,<,20.0
large_scale_101,NRM/NRM16,R32,x_6,1.0,<,22.0,<,22.0
large_scale_101,NRM/NRM16,R33,x_7,1.0,<,3.0,<,3.0
large_scale_101,NRM/NRM16,R34,x_8,1.0,<,16.0,<,16.0
large_scale_101,NRM/NRM16,R35,x_9,1.0,<,2.0,<,2.0
large_scale_101,NRM/NRM16,R36,x_10,1.0,<,2.0,<,2.0
large_scale_101,NRM/NRM16,R37,x_11,1.0,<,32.0,<,32.0
large_scale_101,NRM/NRM16,R38,x_12,1.0,<,14.0,<,14.0
large_scale_101,NRM/NRM16,R39,x_13,1.0,<,2.0,<,2.0
large_scale_101,NRM/NRM16,R40,x_14,1.0,<,2.0,<,2.0
large_scale_101,NRM/NRM16,R41,x_15,1.0,<,6.0,<,6.0
large_scale_101,NRM/NRM16,R42,x_16,1.0,<,2.0,<,2.0
large_scale_101,NRM/NRM16,R43,x_17,1.0,<,6.0,<,6.0
large_scale_101,NRM/NRM16,R44,x_18,1.0,<,2.0,<,2.0
large_scale_101,NRM/NRM16,R45,x_19,1.0,<,6.0,<,6.0
large_scale_101,NRM/NRM16,R46,x_20,1.0,<,6.0,<,6.0
large_scale_101,NRM/NRM16,R47,x_21,1.0,<,6.0,<,6.0
large_scale_101,NRM/NRM16,R48,x_22,1.0,<,12.0,<,12.0
large_scale_101,NRM/NRM16,R49,x_23,1.0,<,60.0,<,60.0
large_scale_101,NRM/NRM16,R50,x_24,1.0,<,8.0,<,8.0
large_scale_101,NRM/NRM16,R51,x_25,1.0,<,8.0,<,8.0
large_scale_101,NRM/NRM16,R52,x_26,1.0,<,38.0,<,38.0
large_scale_101,NRM/NRM16,R53,x_27,1.0,<,4.0,<,4.0
large_scale_101,NRM/NRM17,R0,x_1,1.0,<,80.0,<,80.0
large_scale_101,NRM/NRM17,R1,x_2,1.0,<,10.0,<,10.0
large_scale_101,NRM/NRM17,R2,x_3,1.0,<,80.0,<,80.0
large_scale_101,NRM/NRM17,R3,x_4,1.0,<,10.0,<,10.0
large_scale_101,NRM/NRM17,R4,x_5,1.0,<,10.0,<,10.0
large_scale_101,NRM/NRM17,R5,x_6,1.0,<,40.0,<,40.0
large_scale_101,NRM/NRM17,R6,x_7,1.0,<,10.0,<,10.0
large_scale_101,NRM/NRM17,R7,x_8,1.0,<,10.0,<,10.0
large_scale_101,NRM/NRM17,R8,x_9,1.0,<,80.0,<,80.0
large_scale_101,NRM/NRM17,R9,x_10,1.0,<,10.0,<,10.0
large_scale_101,NRM/NRM17,R10,x_11,1.0,<,40.0,<,40.0
large_scale_101,NRM/NRM17,R11,x_12,1.0,<,60.0,<,60.0
large_scale_101,NRM/NRM17,R12,x_13,1.0,<,100.0,<,100.0
large_scale_101,NRM/NRM17,R13,x_14,1.0,<,40.0,<,40.0
large_scale_101,NRM/NRM17,R14,x_15,1.0,<,50.0,<,50.0
large_scale_101,NRM/NRM17,R15,x_16,1.0,<,40.0,<,40.0
large_scale_101,NRM/NRM17,R16,x_17,1.0,<,100.0,<,100.0
large_scale_101,NRM/NRM17,R17,x_18,1.0,<,10.0,<,10.0
large_scale_101,NRM/NRM17,R18,x_19,1.0,<,100.0,<,100.0
large_scale_101,NRM/NRM17,R19,x_20,1.0,<,90.0,<,90.0
large_scale_101,NRM/NRM17,R20,x_21,1.0,<,10.0,<,10.0
large_scale_101,NRM/NRM17,R21,x_22,1.0,<,20.0,<,20.0
large_scale_101,NRM/NRM17,R22,x_23,1.0,<,50.0,<,50.0
large_scale_101,NRM/NRM17,R23,x_24,1.0,<,80.0,<,80.0
large_scale_101,NRM/NRM17,R24,x_25,1.0,<,70.0,<,70.0
large_scale_101,NRM/NRM17,R25,x_26,1.0,<,50.0,<,50.0
large_scale_101,NRM/NRM17,R26,x_27,1.0,<,80.0,<,80.0
large_scale_101,NRM/NRM17,R27,x_28,1.0,<,70.0,<,70.0
large_scale_101,NRM/NRM17,R28,x_29,1.0,<,30.0,<,30.0
large_scale_101,NRM/NRM17,R29,x_30,1.0,<,20.0,<,20.0
large_scale_101,NRM/NRM17,R30,x_31,1.0,<,60.0,<,60.0
large_scale_101,NRM/NRM17,R31,x_32,1.0,<,100.0,<,100.0
large_scale_101,NRM/NRM17,R32,x_33,1.0,<,50.0,<,50.0
large_scale_101,NRM/NRM17,R33,x_34,1.0,<,100.0,<,100.0
large_scale_101,NRM/NRM17,R34,x_35,1.0,<,30.0,<,30.0
large_scale_101,NRM/NRM17,R35,x_36,1.0,<,10.0,<,10.0
large_scale_101,NRM/NRM17,R36,x_37,1.0,<,10.0,<,10.0
large_scale_101,NRM/NRM17,R37,x_38,1.0,<,90.0,<,90.0
large_scale_101,NRM/NRM17,R38,x_39,1.0,<,10.0,<,10.0
large_scale_101,NRM/NRM17,R39,x_40,1.0,<,40.0,<,40.0
large_scale_101,NRM/NRM17,R40,x_41,1.0,<,10.0,<,10.0
large_scale_101,NRM/NRM17,R41,x_42,1.0,<,10.0,<,10.0
large_scale_101,NRM/NRM17,R42,x_43,1.0,<,20.0,<,20.0
large_scale_101,NRM/NRM17,R43,x_44,1.0,<,100.0,<,100.0
large_scale_101,NRM/NRM17,R44,x_45,1.0,<,90.0,<,90.0
large_scale_101,NRM/NRM17,R45,x_46,1.0,<,50.0,<,50.0
large_scale_101,NRM/NRM17,R46,x_47,1.0,<,40.0,<,40.0
large_scale_101,NRM/NRM17,R47,x_48,1.0,<,100.0,<,100.0
large_scale_101,NRM/NRM17,R48,x_49,1.0,<,100.0,<,100.0
large_scale_101,NRM/NRM17,R49,x_1,1.0,<,12.0,<,12.0
large_scale_101,NRM/NRM17,R50,x_2,1.0,<,2.0,<,2.0
large_scale_101,NRM/NRM17,R51,x_3,1.0,<,10.0,<,10.0
large_scale_101,NRM/NRM17,R52,x_4,1.0,<,2.0,<,2.0
large_scale_101,NRM/NRM17,R53,x_5,1.0,<,2.0,<,2.0
large_scale_101,NRM/NRM17,R54,x_6,1.0,<,5.0,<,5.0
large_scale_101,NRM/NRM17,R55,x_7,1.0,<,2.0,<,2.0
large_scale_101,NRM/NRM17,R56,x_8,1.0,<,2.0,<,2.0
large_scale_101,NRM/NRM17,R57,x_9,1.0,<,11.0,<,11.0
large_scale_101,NRM/NRM17,R58,x_10,1.0,<,2.0,<,2.0
large_scale_101,NRM/NRM17,R59,x_11,1.0,<,6.0,<,6.0
large_scale_101,NRM/NRM17,R60,x_12,1.0,<,9.0,<,9.0
large_scale_101,NRM/NRM17,R61,x_13,1.0,<,14.0,<,14.0
large_scale_101,NRM/NRM17,R62,x_14,1.0,<,6.0,<,6.0
large_scale_101,NRM/NRM17,R63,x_15,1.0,<,8.0,<,8.0
large_scale_101,NRM/NRM17,R64,x_16,1.0,<,6.0,<,6.0
large_scale_101,NRM/NRM17,R65,x_17,1.0,<,14.0,<,14.0
large_scale_101,NRM/NRM17,R66,x_18,1.0,<,2.0,<,2.0
large_scale_101,NRM/NRM17,R67,x_19,1.0,<,14.0,<,14.0
large_scale_101,NRM/NRM17,R68,x_20,1.0,<,11.0,<,11.0
large_scale_101,NRM/NRM17,R69,x_21,1.0,<,2.0,<,2.0
large_scale_101,NRM/NRM17,R70,x_22,1.0,<,3.0,<,3.0
large_scale_101,NRM/NRM17,R71,x_23,1.0,<,8.0,<,8.0
large_scale_101,NRM/NRM17,R72,x_24,1.0,<,10.0,<,10.0
large_scale_101,NRM/NRM17,R73,x_25,1.0,<,10.0,<,10.0
large_scale_101,NRM/NRM17,R74,x_26,1.0,<,7.0,<,7.0
large_scale_101,NRM/NRM17,R75,x_27,1.0,<,11.0,<,11.0
large_scale_101,NRM/NRM17,R76,x_28,1.0,<,11.0,<,11.0
large_scale_101,NRM/NRM17,R77,x_29,1.0,<,5.0,<,5.0
large_scale_101,NRM/NRM17,R78,x_30,1.0,<,3.0,<,3.0
large_scale_101,NRM/NRM17,R79,x_31,1.0,<,8.0,<,8.0
large_scale_101,NRM/NRM17,R80,x_32,1.0,<,13.0,<,13.0
large_scale_101,NRM/NRM17,R81,x_33,1.0,<,7.0,<,7.0
large_scale_101,NRM/NRM17,R82,x_34,1.0,<,14.0,<,14.0
large_scale_101,NRM/NRM17,R83,x_35,1.0,<,4.0,<,4.0
large_scale_101,NRM/NRM17,R84,x_36,1.0,<,2.0,<,2.0
large_scale_101,NRM/NRM17,R85,x_37,1.0,<,2.0,<,2.0
large_scale_101,NRM/NRM17,R86,x_38,1.0,<,14.0,<,14.0
large_scale_101,NRM/NRM17,R87,x_39,1.0,<,2.0,<,2.0
large_scale_101,NRM/NRM17,R88,x_40,1.0,<,6.0,<,6.0
large_scale_101,NRM/NRM17,R89,x_41,1.0,<,2.0,<,2.0
large_scale_101,NRM/NRM17,R90,x_42,1.0,<,2.0,<,2.0
large_scale_101,NRM/NRM17,R91,x_43,1.0,<,3.0,<,3.0
large_scale_101,NRM/NRM17,R92,x_44,1.0,<,14.0,<,14.0
large_scale_101,NRM/NRM17,R93,x_45,1.0,<,12.0,<,12.0
large_scale_101,NRM/NRM17,R94,x_46,1.0,<,7.0,<,7.0
large_scale_101,NRM/NRM17,R95,x_47,1.0,<,6.0,<,6.0
large_scale_101,NRM/NRM17,R96,x_48,1.0,<,13.0,<,13.0
large_scale_101,NRM/NRM17,R97,x_49,1.0,<,14.0,<,14.0
large_scale_101,NRM/NRM18,R0,x_1,1.0,<,5034020.0,<,5034020.0
large_scale_101,NRM/NRM18,R1,x_2,1.0,<,5589290.0,<,5589290.0
large_scale_101,NRM/NRM18,R2,x_3,1.0,<,5202710.0,<,5202710.0
large_scale_101,NRM/NRM18,R3,x_1,1.0,<,678906.0,<,678906.0
large_scale_101,NRM/NRM18,R4,x_2,1.0,<,749927.0,<,749927.0
large_scale_101,NRM/NRM18,R5,x_3,1.0,<,699808.0,<,699808.0
large_scale_101,NRM/NRM19,R0,x_1,1.0,<,30.0,<,30.0
large_scale_101,NRM/NRM19,R1,x_2,1.0,<,20.0,<,20.0
large_scale_101,NRM/NRM19,R2,x_3,1.0,<,80.0,<,80.0
large_scale_101,NRM/NRM19,R3,x_4,1.0,<,70.0,<,70.0
large_scale_101,NRM/NRM19,R4,x_5,1.0,<,20.0,<,20.0
large_scale_101,NRM/NRM19,R5,x_6,1.0,<,160.0,<,160.0
large_scale_101,NRM/NRM19,R6,x_7,1.0,<,40.0,<,40.0
large_scale_101,NRM/NRM19,R7,x_8,1.0,<,10.0,<,10.0
large_scale_101,NRM/NRM19,R8,x_9,1.0,<,50.0,<,50.0
large_scale_101,NRM/NRM19,R9,x_10,1.0,<,40.0,<,40.0
large_scale_101,NRM/NRM19,R10,x_11,1.0,<,90.0,<,90.0
large_scale_101,NRM/NRM19,R11,x_12,1.0,<,10.0,<,10.0
large_scale_101,NRM/NRM19,R12,x_13,1.0,<,20.0,<,20.0
large_scale_101,NRM/NRM19,R13,x_14,1.0,<,40.0,<,40.0
large_scale_101,NRM/NRM19,R14,x_15,1.0,<,10.0,<,10.0
large_scale_101,NRM/NRM19,R15,x_16,1.0,<,990.0,<,990.0
large_scale_101,NRM/NRM19,R16,x_17,1.0,<,160.0,<,160.0
large_scale_101,NRM/NRM19,R17,x_18,1.0,<,90.0,<,90.0
large_scale_101,NRM/NRM19,R18,x_19,1.0,<,2870.0,<,2870.0
large_scale_101,NRM/NRM19,R19,x_20,1.0,<,30.0,<,30.0
large_scale_101,NRM/NRM19,R20,x_21,1.0,<,130.0,<,130.0
large_scale_101,NRM/NRM19,R21,x_22,1.0,<,30.0,<,30.0
large_scale_101,NRM/NRM19,R22,x_23,1.0,<,170.0,<,170.0
large_scale_101,NRM/NRM19,R23,x_24,1.0,<,170.0,<,170.0
large_scale_101,NRM/NRM19,R24,x_1,1.0,<,6.0,<,6.0
large_scale_101,NRM/NRM19,R25,x_2,1.0,<,4.0,<,4.0
large_scale_101,NRM/NRM19,R26,x_3,1.0,<,16.0,<,16.0
large_scale_101,NRM/NRM19,R27,x_4,1.0,<,14.0,<,14.0
large_scale_101,NRM/NRM19,R28,x_5,1.0,<,4.0,<,4.0
large_scale_101,NRM/NRM19,R29,x_6,1.0,<,32.0,<,32.0
large_scale_101,NRM/NRM19,R30,x_7,1.0,<,8.0,<,8.0
large_scale_101,NRM/NRM19,R31,x_8,1.0,<,2.0,<,2.0
large_scale_101,NRM/NRM19,R32,x_9,1.0,<,10.0,<,10.0
large_scale_101,NRM/NRM19,R33,x_10,1.0,<,8.0,<,8.0
large_scale_101,NRM/NRM19,R34,x_11,1.0,<,18.0,<,18.0
large_scale_101,NRM/NRM19,R35,x_12,1.0,<,2.0,<,2.0
large_scale_101,NRM/NRM19,R36,x_13,1.0,<,4.0,<,4.0
large_scale_101,NRM/NRM19,R37,x_14,1.0,<,8.0,<,8.0
large_scale_101,NRM/NRM19,R38,x_15,1.0,<,2.0,<,2.0
large_scale_101,NRM/NRM19,R39,x_16,1.0,<,198.0,<,198.0
large_scale_101,NRM/NRM19,R40,x_17,1.0,<,32.0,<,32.0
large_scale_101,NRM/NRM19,R41,x_18,1.0,<,18.0,<,18.0
large_scale_101,NRM/NRM19,R42,x_19,1.0,<,570.0,<,570.0
large_scale_101,NRM/NRM19,R43,x_20,1.0,<,6.0,<,6.0
large_scale_101,NRM/NRM19,R44,x_21,1.0,<,26.0,<,26.0
large_scale_101,NRM/NRM19,R45,x_22,1.0,<,6.0,<,6.0
large_scale_101,NRM/NRM19,R46,x_23,1.0,<,33.0,<,33.0
large_scale_101,NRM/NRM19,R47,x_24,1.0,<,33.0,<,33.0
large_scale_101,NRM/NRM20,R0,x_1,1.0,<,20970.0,<,20970.0
large_scale_101,NRM/NRM20,R1,x_2,1.0,<,71970.0,<,71970.0
large_scale_101,NRM/NRM20,R2,x_3,1.0,<,32730.0,<,32730.0
large_scale_101,NRM/NRM20,R3,x_4,1.0,<,71130.0,<,71130.0
large_scale_101,NRM/NRM20,R4,x_5,1.0,<,34910.0,<,34910.0
large_scale_101,NRM/NRM20,R5,x_6,1.0,<,64010.0,<,64010.0
large_scale_101,NRM/NRM20,R6,x_7,1.0,<,20760.0,<,20760.0
large_scale_101,NRM/NRM20,R7,x_8,1.0,<,12490.0,<,12490.0
large_scale_101,NRM/NRM20,R8,x_9,1.0,<,50300.0,<,50300.0
large_scale_101,NRM/NRM20,R9,x_10,1.0,<,24570.0,<,24570.0
large_scale_101,NRM/NRM20,R10,x_11,1.0,<,24430.0,<,24430.0
large_scale_101,NRM/NRM20,R11,x_12,1.0,<,7070.0,<,7070.0
large_scale_101,NRM/NRM20,R12,x_1,1.0,<,3025.0,<,3025.0
large_scale_101,NRM/NRM20,R13,x_2,1.0,<,9585.0,<,9585.0
large_scale_101,NRM/NRM20,R14,x_3,1.0,<,4486.0,<,4486.0
large_scale_101,NRM/NRM20,R15,x_4,1.0,<,10322.0,<,10322.0
large_scale_101,NRM/NRM20,R16,x_5,1.0,<,4868.0,<,4868.0
large_scale_101,NRM/NRM20,R17,x_6,1.0,<,8482.0,<,8482.0
large_scale_101,NRM/NRM20,R18,x_7,1.0,<,2607.0,<,2607.0
large_scale_101,NRM/NRM20,R19,x_8,1.0,<,1784.0,<,1784.0
large_scale_101,NRM/NRM20,R20,x_9,1.0,<,6626.0,<,6626.0
large_scale_101,NRM/NRM20,R21,x_10,1.0,<,3256.0,<,3256.0
large_scale_101,NRM/NRM20,R22,x_11,1.0,<,2955.0,<,2955.0
large_scale_101,NRM/NRM20,R23,x_12,1.0,<,910.0,<,910.0
large_scale_101,NRM/NRM21,R0,x_1,1.0,<,200.0,<,200.0
large_scale_101,NRM/NRM21,R1,x_2,1.0,<,100.0,<,100.0
large_scale_101,NRM/NRM21,R2,x_3,1.0,<,200.0,<,200.0
large_scale_101,NRM/NRM21,R3,x_4,1.0,<,150.0,<,150.0
large_scale_101,NRM/NRM21,R4,x_5,1.0,<,150.0,<,150.0
large_scale_101,NRM/NRM21,R5,x_6,1.0,<,150.0,<,150.0
large_scale_101,NRM/NRM21,R6,x_7,1.0,<,250.0,<,250.0
large_scale_101,NRM/NRM21,R7,x_8,1.0,<,150.0,<,150.0
large_scale_101,NRM/NRM21,R8,x_1,1.0,<,30.0,<,30.0
large_scale_101,NRM/NRM21,R9,x_2,1.0,<,40.0,<,40.0
large_scale_101,NRM/NRM21,R10,x_3,1.0,<,30.0,<,30.0
large_scale_101,NRM/NRM21,R11,x_4,1.0,<,50.0,<,50.0
large_scale_101,NRM/NRM21,R12,x_5,1.0,<,10.0,<,10.0
large_scale_101,NRM/NRM21,R13,x_6,1.0,<,30.0,<,30.0
large_scale_101,NRM/NRM21,R14,x_7,1.0,<,50.0,<,50.0
large_scale_101,NRM/NRM21,R15,x_8,1.0,<,50.0,<,50.0
large_scale_101,NRM/NRM22,R0,x_1,1.0,<,29862.0,<,29862.0
large_scale_101,NRM/NRM22,R1,x_2,1.0,<,29898.0,<,29898.0
large_scale_101,NRM/NRM22,R2,x_3,1.0,<,25208.0,<,25208.0
large_scale_101,NRM/NRM22,R3,x_4,1.0,<,30816.0,<,30816.0
large_scale_101,NRM/NRM22,R4,x_5,1.0,<,19925.0,<,19925.0
large_scale_101,NRM/NRM22,R5,x_6,1.0,<,26482.0,<,26482.0
large_scale_101,NRM/NRM22,R6,x_7,1.0,<,30865.0,<,30865.0
large_scale_101,NRM/NRM22,R7,x_8,1.0,<,33517.0,<,33517.0
large_scale_101,NRM/NRM22,R8,x_9,1.0,<,30929.0,<,30929.0
large_scale_101,NRM/NRM22,R9,x_10,1.0,<,21405.0,<,21405.0
large_scale_101,NRM/NRM22,R10,x_11,1.0,<,25953.0,<,25953.0
large_scale_101,NRM/NRM22,R11,x_12,1.0,<,23825.0,<,23825.0
large_scale_101,NRM/NRM22,R12,x_13,1.0,<,31687.0,<,31687.0
large_scale_101,NRM/NRM22,R13,x_14,1.0,<,33377.0,<,33377.0
large_scale_101,NRM/NRM22,R14,x_15,1.0,<,34914.0,<,34914.0
large_scale_101,NRM/NRM22,R15,x_16,1.0,<,33547.0,<,33547.0
large_scale_101,NRM/NRM22,R16,x_17,1.0,<,23120.0,<,23120.0
large_scale_101,NRM/NRM22,R17,x_18,1.0,<,24667.0,<,24667.0
large_scale_101,NRM/NRM22,R18,x_19,1.0,<,25395.0,<,25395.0
large_scale_101,NRM/NRM22,R19,x_20,1.0,<,24676.0,<,24676.0
large_scale_101,NRM/NRM22,R20,x_21,1.0,<,26707.0,<,26707.0
large_scale_101,NRM/NRM22,R21,x_22,1.0,<,26722.0,<,26722.0
large_scale_101,NRM/NRM22,R22,x_23,1.0,<,25809.0,<,25809.0
large_scale_101,NRM/NRM22,R23,x_24,1.0,<,24391.0,<,24391.0
large_scale_101,NRM/NRM22,R24,x_25,1.0,<,30728.0,<,30728.0
large_scale_101,NRM/NRM22,R25,x_26,1.0,<,28628.0,<,28628.0
large_scale_101,NRM/NRM22,R26,x_27,1.0,<,30568.0,<,30568.0
large_scale_101,NRM/NRM22,R27,x_28,1.0,<,23461.0,<,23461.0
large_scale_101,NRM/NRM22,R28,x_29,1.0,<,21398.0,<,21398.0
large_scale_101,NRM/NRM22,R29,x_30,1.0,<,33619.0,<,33619.0
large_scale_101,NRM/NRM22,R30,x_31,1.0,<,26355.0,<,26355.0
large_scale_101,NRM/NRM22,R31,x_32,1.0,<,23815.0,<,23815.0
large_scale_101,NRM/NRM22,R32,x_33,1.0,<,20787.0,<,20787.0
large_scale_101,NRM/NRM22,R33,x_34,1.0,<,29342.0,<,29342.0
large_scale_101,NRM/NRM22,R34,x_35,1.0,<,23556.0,<,23556.0
large_scale_101,NRM/NRM22,R35,x_36,1.0,<,28753.0,<,28753.0
large_scale_101,NRM/NRM22,R36,x_37,1.0,<,24404.0,<,24404.0
large_scale_101,NRM/NRM22,R37,x_38,1.0,<,26829.0,<,26829.0
large_scale_101,NRM/NRM22,R38,x_39,1.0,<,25562.0,<,25562.0
large_scale_101,NRM/NRM22,R39,x_40,1.0,<,28695.0,<,28695.0
large_scale_101,NRM/NRM22,R40,x_1,1.0,<,34102.0,<,34102.0
large_scale_101,NRM/NRM22,R41,x_2,1.0,<,36579.0,<,36579.0
large_scale_101,NRM/NRM22,R42,x_3,1.0,<,36086.0,<,36086.0
large_scale_101,NRM/NRM22,R43,x_4,1.0,<,41254.0,<,41254.0
large_scale_101,NRM/NRM22,R44,x_5,1.0,<,29876.0,<,29876.0
large_scale_101,NRM/NRM22,R45,x_6,1.0,<,41229.0,<,41229.0
large_scale_101,NRM/NRM22,R46,x_7,1.0,<,35354.0,<,35354.0
large_scale_101,NRM/NRM22,R47,x_8,1.0,<,29649.0,<,29649.0
large_scale_101,NRM/NRM22,R48,x_9,1.0,<,38558.0,<,38558.0
large_scale_101,NRM/NRM22,R49,x_10,1.0,<,28603.0,<,28603.0
large_scale_101,NRM/NRM22,R50,x_11,1.0,<,35962.0,<,35962.0
large_scale_101,NRM/NRM22,R51,x_12,1.0,<,36961.0,<,36961.0
large_scale_101,NRM/NRM22,R52,x_13,1.0,<,39436.0,<,39436.0
large_scale_101,NRM/NRM22,R53,x_14,1.0,<,43522.0,<,43522.0
large_scale_101,NRM/NRM22,R54,x_15,1.0,<,38128.0,<,38128.0
large_scale_101,NRM/NRM22,R55,x_16,1.0,<,42341.0,<,42341.0
large_scale_101,NRM/NRM22,R56,x_17,1.0,<,30345.0,<,30345.0
large_scale_101,NRM/NRM22,R57,x_18,1.0,<,35420.0,<,35420.0
large_scale_101,NRM/NRM22,R58,x_19,1.0,<,34100.0,<,34100.0
large_scale_101,NRM/NRM22,R59,x_20,1.0,<,33007.0,<,33007.0
large_scale_101,NRM/NRM22,R60,x_21,1.0,<,37894.0,<,37894.0
large_scale_101,NRM/NRM22,R61,x_22,1.0,<,29840.0,<,29840.0
large_scale_101,NRM/NRM22,R62,x_23,1.0,<,38762.0,<,38762.0
large_scale_101,NRM/NRM22,R63,x_24,1.0,<,34674.0,<,34674.0
large_scale_101,NRM/NRM22,R64,x_25,1.0,<,42972.0,<,42972.0
large_scale_101,NRM/NRM22,R65,x_26,1.0,<,33894.0,<,33894.0
large_scale_101,NRM/NRM22,R66,x_27,1.0,<,45762.0,<,45762.0
large_scale_101,NRM/NRM22,R67,x_28,1.0,<,29503.0,<,29503.0
large_scale_101,NRM/NRM22,R68,x_29,1.0,<,34761.0,<,34761.0
large_scale_101,NRM/NRM22,R69,x_30,1.0,<,40548.0,<,40548.0
large_scale_101,NRM/NRM22,R70,x_31,1.0,<,43012.0,<,43012.0
large_scale_101,NRM/NRM22,R71,x_32,1.0,<,29180.0,<,29180.0
large_scale_101,NRM/NRM22,R72,x_33,1.0,<,33498.0,<,33498.0
large_scale_101,NRM/NRM22,R73,x_34,1.0,<,34848.0,<,34848.0
large_scale_101,NRM/NRM22,R74,x_35,1.0,<,40347.0,<,40347.0
large_scale_101,NRM/NRM22,R75,x_36,1.0,<,37188.0,<,37188.0
large_scale_101,NRM/NRM22,R76,x_37,1.0,<,34347.0,<,34347.0
large_scale_101,NRM/NRM22,R77,x_38,1.0,<,37181.0,<,37181.0
large_scale_101,NRM/NRM22,R78,x_39,1.0,<,36644.0,<,36644.0
large_scale_101,NRM/NRM22,R79,x_40,1.0,<,34303.0,<,34303.0
large_scale_101,NRM/NRM23,R0,x_1,1.0,<,9920.0,<,9920.0
large_scale_101,NRM/NRM23,R1,x_2,1.0,<,20160.0,<,20160.0
large_scale_101,NRM/NRM23,R2,x_3,1.0,<,30000.0,<,30000.0
large_scale_101,NRM/NRM23,R3,x_4,1.0,<,38360.0,<,38360.0
large_scale_101,NRM/NRM23,R4,x_5,1.0,<,51450.0,<,51450.0
large_scale_101,NRM/NRM23,R5,x_1,1.0,<,1980.0,<,1980.0
large_scale_101,NRM/NRM23,R6,x_2,1.0,<,3024.0,<,3024.0
large_scale_101,NRM/NRM23,R7,x_3,1.0,<,4536.0,<,4536.0
large_scale_101,NRM/NRM23,R8,x_4,1.0,<,5601.0,<,5601.0
large_scale_101,NRM/NRM23,R9,x_5,1.0,<,7567.0,<,7567.0
large_scale_101,NRM/NRM24,R0,x_1,1.0,<,5627060.0,<,5627060.0
large_scale_101,NRM/NRM24,R1,x_1,1.0,<,765850.0,<,765850.0
large_scale_101,NRM/NRM25,R0,x_1,1.0,<,650.0,<,650.0
large_scale_101,NRM/NRM25,R1,x_2,1.0,<,20.0,<,20.0
large_scale_101,NRM/NRM25,R2,x_3,1.0,<,10.0,<,10.0
large_scale_101,NRM/NRM25,R3,x_4,1.0,<,160220.0,<,160220.0
large_scale_101,NRM/NRM25,R4,x_5,1.0,<,660.0,<,660.0
large_scale_101,NRM/NRM25,R5,x_6,1.0,<,15040.0,<,15040.0
large_scale_101,NRM/NRM25,R6,x_7,1.0,<,157590.0,<,157590.0
large_scale_101,NRM/NRM25,R7,x_8,1.0,<,28230.0,<,28230.0
large_scale_101,NRM/NRM25,R8,x_9,1.0,<,14830.0,<,14830.0
large_scale_101,NRM/NRM25,R9,x_10,1.0,<,1500.0,<,1500.0
large_scale_101,NRM/NRM25,R10,x_11,1.0,<,26990.0,<,26990.0
large_scale_101,NRM/NRM25,R11,x_12,1.0,<,41370.0,<,41370.0
large_scale_101,NRM/NRM25,R12,x_13,1.0,<,5020.0,<,5020.0
large_scale_101,NRM/NRM25,R13,x_14,1.0,<,16490.0,<,16490.0
large_scale_101,NRM/NRM25,R14,x_15,1.0,<,190.0,<,190.0
large_scale_101,NRM/NRM25,R15,x_16,1.0,<,510.0,<,510.0
large_scale_101,NRM/NRM25,R16,x_17,1.0,<,370.0,<,370.0
large_scale_101,NRM/NRM25,R17,x_18,1.0,<,100.0,<,100.0
large_scale_101,NRM/NRM25,R18,x_19,1.0,<,80.0,<,80.0
large_scale_101,NRM/NRM25,R19,x_20,1.0,<,10.0,<,10.0
large_scale_101,NRM/NRM25,R20,x_21,1.0,<,14440.0,<,14440.0
large_scale_101,NRM/NRM25,R21,x_22,1.0,<,10.0,<,10.0
large_scale_101,NRM/NRM25,R22,x_23,1.0,<,39270.0,<,39270.0
large_scale_101,NRM/NRM25,R23,x_24,1.0,<,730.0,<,730.0
large_scale_101,NRM/NRM25,R24,x_25,1.0,<,51980.0,<,51980.0
large_scale_101,NRM/NRM25,R25,x_26,1.0,<,14580.0,<,14580.0
large_scale_101,NRM/NRM25,R26,x_27,1.0,<,730.0,<,730.0
large_scale_101,NRM/NRM25,R27,x_28,1.0,<,2080.0,<,2080.0
large_scale_101,NRM/NRM25,R28,x_29,1.0,<,31600.0,<,31600.0
large_scale_101,NRM/NRM25,R29,x_30,1.0,<,22350.0,<,22350.0
large_scale_101,NRM/NRM25,R30,x_31,1.0,<,205960.0,<,205960.0
large_scale_101,NRM/NRM25,R31,x_32,1.0,<,146220.0,<,146220.0
large_scale_101,NRM/NRM25,R32,x_33,1.0,<,18250.0,<,18250.0
large_scale_101,NRM/NRM25,R33,x_34,1.0,<,70.0,<,70.0
large_scale_101,NRM/NRM25,R34,x_35,1.0,<,10.0,<,10.0
large_scale_101,NRM/NRM25,R35,x_36,1.0,<,430.0,<,430.0
large_scale_101,NRM/NRM25,R36,x_37,1.0,<,11430.0,<,11430.0
large_scale_101,NRM/NRM25,R37,x_38,1.0,<,1630.0,<,1630.0
large_scale_101,NRM/NRM25,R38,x_39,1.0,<,840.0,<,840.0
large_scale_101,NRM/NRM25,R39,x_40,1.0,<,3120.0,<,3120.0
large_scale_101,NRM/NRM25,R40,x_41,1.0,<,4830.0,<,4830.0
large_scale_101,NRM/NRM25,R41,x_42,1.0,<,5030.0,<,5030.0
large_scale_101,NRM/NRM25,R42,x_43,1.0,<,2350.0,<,2350.0
large_scale_101,NRM/NRM25,R43,x_44,1.0,<,8200.0,<,8200.0
large_scale_101,NRM/NRM25,R44,x_45,1.0,<,10.0,<,10.0
large_scale_101,NRM/NRM25,R45,x_46,1.0,<,22000.0,<,22000.0
large_scale_101,NRM/NRM25,R46,x_47,1.0,<,160.0,<,160.0
large_scale_101,NRM/NRM25,R47,x_48,1.0,<,240.0,<,240.0
large_scale_101,NRM/NRM25,R48,x_49,1.0,<,26790.0,<,26790.0
large_scale_101,NRM/NRM25,R49,x_50,1.0,<,170.0,<,170.0
large_scale_101,NRM/NRM25,R50,x_51,1.0,<,10260.0,<,10260.0
large_scale_101,NRM/NRM25,R51,x_52,1.0,<,8330.0,<,8330.0
large_scale_101,NRM/NRM25,R52,x_53,1.0,<,5790.0,<,5790.0
large_scale_101,NRM/NRM25,R53,x_54,1.0,<,2210.0,<,2210.0
large_scale_101,NRM/NRM25,R54,x_55,1.0,<,20.0,<,20.0
large_scale_101,NRM/NRM25,R55,x_56,1.0,<,100.0,<,100.0
large_scale_101,NRM/NRM25,R56,x_57,1.0,<,42080.0,<,42080.0
large_scale_101,NRM/NRM25,R57,x_58,1.0,<,3850.0,<,3850.0
large_scale_101,NRM/NRM25,R58,x_59,1.0,<,680.0,<,680.0
large_scale_101,NRM/NRM25,R59,x_60,1.0,<,1270.0,<,1270.0
large_scale_101,NRM/NRM25,R60,x_61,1.0,<,2020.0,<,2020.0
large_scale_101,NRM/NRM25,R61,x_62,1.0,<,1230.0,<,1230.0
large_scale_101,NRM/NRM25,R62,x_63,1.0,<,240.0,<,240.0
large_scale_101,NRM/NRM25,R63,x_64,1.0,<,150.0,<,150.0
large_scale_101,NRM/NRM25,R64,x_65,1.0,<,970.0,<,970.0
large_scale_101,NRM/NRM25,R65,x_66,1.0,<,610.0,<,610.0
large_scale_101,NRM/NRM25,R66,x_67,1.0,<,20.0,<,20.0
large_scale_101,NRM/NRM25,R67,x_68,1.0,<,1580.0,<,1580.0
large_scale_101,NRM/NRM25,R68,x_69,1.0,<,8310.0,<,8310.0
large_scale_101,NRM/NRM25,R69,x_70,1.0,<,910.0,<,910.0
large_scale_101,NRM/NRM25,R70,x_71,1.0,<,20.0,<,20.0
large_scale_101,NRM/NRM25,R71,x_72,1.0,<,13720.0,<,13720.0
large_scale_101,NRM/NRM25,R72,x_73,1.0,<,2080.0,<,2080.0
large_scale_101,NRM/NRM25,R73,x_74,1.0,<,30.0,<,30.0
large_scale_101,NRM/NRM25,R74,x_75,1.0,<,14690.0,<,14690.0
large_scale_101,NRM/NRM25,R75,x_76,1.0,<,1940.0,<,1940.0
large_scale_101,NRM/NRM25,R76,x_77,1.0,<,510.0,<,510.0
large_scale_101,NRM/NRM25,R77,x_78,1.0,<,7760.0,<,7760.0
large_scale_101,NRM/NRM25,R78,x_79,1.0,<,30980.0,<,30980.0
large_scale_101,NRM/NRM25,R79,x_80,1.0,<,4060.0,<,4060.0
large_scale_101,NRM/NRM25,R80,x_81,1.0,<,160.0,<,160.0
large_scale_101,NRM/NRM25,R81,x_82,1.0,<,3380.0,<,3380.0
large_scale_101,NRM/NRM25,R82,x_83,1.0,<,1050.0,<,1050.0
large_scale_101,NRM/NRM25,R83,x_84,1.0,<,19580.0,<,19580.0
large_scale_101,NRM/NRM25,R84,x_85,1.0,<,128860.0,<,128860.0
large_scale_101,NRM/NRM25,R85,x_86,1.0,<,20130.0,<,20130.0
large_scale_101,NRM/NRM25,R86,x_87,1.0,<,27310.0,<,27310.0
large_scale_101,NRM/NRM25,R87,x_88,1.0,<,14880.0,<,14880.0
large_scale_101,NRM/NRM25,R88,x_89,1.0,<,320.0,<,320.0
large_scale_101,NRM/NRM25,R89,x_90,1.0,<,30.0,<,30.0
large_scale_101,NRM/NRM25,R90,x_91,1.0,<,10.0,<,10.0
large_scale_101,NRM/NRM25,R91,x_92,1.0,<,1250.0,<,1250.0
large_scale_101,NRM/NRM25,R92,x_93,1.0,<,180.0,<,180.0
large_scale_101,NRM/NRM25,R93,x_94,1.0,<,1690.0,<,1690.0
large_scale_101,NRM/NRM25,R94,x_95,1.0,<,50.0,<,50.0
large_scale_101,NRM/NRM25,R95,x_96,1.0,<,9330.0,<,9330.0
large_scale_101,NRM/NRM25,R96,x_97,1.0,<,20.0,<,20.0
large_scale_101,NRM/NRM25,R97,x_98,1.0,<,10.0,<,10.0
large_scale_101,NRM/NRM25,R98,x_99,1.0,<,80.0,<,80.0
large_scale_101,NRM/NRM25,R99,x_100,1.0,<,10.0,<,10.0
large_scale_101,NRM/NRM25,R100,x_101,1.0,<,920.0,<,920.0
large_scale_101,NRM/NRM25,R101,x_102,1.0,<,2440.0,<,2440.0
large_scale_101,NRM/NRM25,R102,x_103,1.0,<,1150.0,<,1150.0
large_scale_101,NRM/NRM25,R103,x_104,1.0,<,30.0,<,30.0
large_scale_101,NRM/NRM25,R104,x_105,1.0,<,10.0,<,10.0
large_scale_101,NRM/NRM25,R105,x_106,1.0,<,60.0,<,60.0
large_scale_101,NRM/NRM25,R106,x_107,1.0,<,120.0,<,120.0
large_scale_101,NRM/NRM25,R107,x_108,1.0,<,5040.0,<,5040.0
large_scale_101,NRM/NRM25,R108,x_109,1.0,<,30.0,<,30.0
large_scale_101,NRM/NRM25,R109,x_110,1.0,<,13900.0,<,13900.0
large_scale_101,NRM/NRM25,R110,x_111,1.0,<,80.0,<,80.0
large_scale_101,NRM/NRM25,R111,x_112,1.0,<,10.0,<,10.0
large_scale_101,NRM/NRM25,R112,x_113,1.0,<,850.0,<,850.0
large_scale_101,NRM/NRM25,R113,x_114,1.0,<,1850.0,<,1850.0
large_scale_101,NRM/NRM25,R114,x_115,1.0,<,630.0,<,630.0
large_scale_101,NRM/NRM25,R115,x_116,1.0,<,620.0,<,620.0
large_scale_101,NRM/NRM25,R116,x_117,1.0,<,820.0,<,820.0
large_scale_101,NRM/NRM25,R117,x_118,1.0,<,1100.0,<,1100.0
large_scale_101,NRM/NRM25,R118,x_119,1.0,<,10.0,<,10.0
large_scale_101,NRM/NRM25,R119,x_120,1.0,<,4940.0,<,4940.0
large_scale_101,NRM/NRM25,R120,x_121,1.0,<,50.0,<,50.0
large_scale_101,NRM/NRM25,R121,x_122,1.0,<,15050.0,<,15050.0
large_scale_101,NRM/NRM25,R122,x_123,1.0,<,22300.0,<,22300.0
large_scale_101,NRM/NRM25,R123,x_124,1.0,<,3410.0,<,3410.0
large_scale_101,NRM/NRM25,R124,x_125,1.0,<,13350.0,<,13350.0
large_scale_101,NRM/NRM25,R125,x_126,1.0,<,51810.0,<,51810.0
large_scale_101,NRM/NRM25,R126,x_127,1.0,<,4550.0,<,4550.0
large_scale_101,NRM/NRM25,R127,x_128,1.0,<,850.0,<,850.0
large_scale_101,NRM/NRM25,R128,x_129,1.0,<,6000.0,<,6000.0
large_scale_101,NRM/NRM25,R129,x_130,1.0,<,600.0,<,600.0
large_scale_101,NRM/NRM25,R130,x_131,1.0,<,1480.0,<,1480.0
large_scale_101,NRM/NRM25,R131,x_132,1.0,<,1220.0,<,1220.0
large_scale_101,NRM/NRM25,R132,x_133,1.0,<,3550.0,<,3550.0
large_scale_101,NRM/NRM25,R133,x_134,1.0,<,2720.0,<,2720.0
large_scale_101,NRM/NRM25,R134,x_135,1.0,<,30770.0,<,30770.0
large_scale_101,NRM/NRM25,R135,x_136,1.0,<,520.0,<,520.0
large_scale_101,NRM/NRM25,R136,x_137,1.0,<,10.0,<,10.0
large_scale_101,NRM/NRM25,R137,x_138,1.0,<,5190.0,<,5190.0
large_scale_101,NRM/NRM25,R138,x_139,1.0,<,60.0,<,60.0
large_scale_101,NRM/NRM25,R139,x_140,1.0,<,725350.0,<,725350.0
large_scale_101,NRM/NRM25,R140,x_141,1.0,<,13020.0,<,13020.0
large_scale_101,NRM/NRM25,R141,x_142,1.0,<,660.0,<,660.0
large_scale_101,NRM/NRM25,R142,x_143,1.0,<,10.0,<,10.0
large_scale_101,NRM/NRM25,R143,x_144,1.0,<,3650.0,<,3650.0
large_scale_101,NRM/NRM25,R144,x_145,1.0,<,260.0,<,260.0
large_scale_101,NRM/NRM25,R145,x_146,1.0,<,20.0,<,20.0
large_scale_101,NRM/NRM25,R146,x_147,1.0,<,1840.0,<,1840.0
large_scale_101,NRM/NRM25,R147,x_148,1.0,<,31640.0,<,31640.0
large_scale_101,NRM/NRM25,R148,x_1,1.0,<,135.0,<,135.0
large_scale_101,NRM/NRM25,R149,x_2,1.0,<,5.0,<,5.0
large_scale_101,NRM/NRM25,R150,x_3,1.0,<,2.0,<,2.0
large_scale_101,NRM/NRM25,R151,x_4,1.0,<,38573.0,<,38573.0
large_scale_101,NRM/NRM25,R152,x_5,1.0,<,128.0,<,128.0
large_scale_101,NRM/NRM25,R153,x_6,1.0,<,3390.0,<,3390.0
large_scale_101,NRM/NRM25,R154,x_7,1.0,<,38972.0,<,38972.0
large_scale_101,NRM/NRM25,R155,x_8,1.0,<,5930.0,<,5930.0
large_scale_101,NRM/NRM25,R156,x_9,1.0,<,3376.0,<,3376.0
large_scale_101,NRM/NRM25,R157,x_10,1.0,<,570.0,<,570.0
large_scale_101,NRM/NRM25,R158,x_11,1.0,<,5823.0,<,5823.0
large_scale_101,NRM/NRM25,R159,x_12,1.0,<,9011.0,<,9011.0
large_scale_101,NRM/NRM25,R160,x_13,1.0,<,1034.0,<,1034.0
large_scale_101,NRM/NRM25,R161,x_14,1.0,<,3351.0,<,3351.0
large_scale_101,NRM/NRM25,R162,x_15,1.0,<,38.0,<,38.0
large_scale_101,NRM/NRM25,R163,x_16,1.0,<,143.0,<,143.0
large_scale_101,NRM/NRM25,R164,x_17,1.0,<,82.0,<,82.0
large_scale_101,NRM/NRM25,R165,x_18,1.0,<,21.0,<,21.0
large_scale_101,NRM/NRM25,R166,x_19,1.0,<,16.0,<,16.0
large_scale_101,NRM/NRM25,R167,x_20,1.0,<,3.0,<,3.0
large_scale_101,NRM/NRM25,R168,x_21,1.0,<,3425.0,<,3425.0
large_scale_101,NRM/NRM25,R169,x_22,1.0,<,2.0,<,2.0
large_scale_101,NRM/NRM25,R170,x_23,1.0,<,8314.0,<,8314.0
large_scale_101,NRM/NRM25,R171,x_24,1.0,<,174.0,<,174.0
large_scale_101,NRM/NRM25,R172,x_25,1.0,<,12788.0,<,12788.0
large_scale_101,NRM/NRM25,R173,x_26,1.0,<,3413.0,<,3413.0
large_scale_101,NRM/NRM25,R174,x_27,1.0,<,155.0,<,155.0
large_scale_101,NRM/NRM25,R175,x_28,1.0,<,482.0,<,482.0
large_scale_101,NRM/NRM25,R176,x_29,1.0,<,6722.0,<,6722.0
large_scale_101,NRM/NRM25,R177,x_30,1.0,<,6136.0,<,6136.0
large_scale_101,NRM/NRM25,R178,x_31,1.0,<,44306.0,<,44306.0
large_scale_101,NRM/NRM25,R179,x_32,1.0,<,45491.0,<,45491.0
large_scale_101,NRM/NRM25,R180,x_33,1.0,<,4196.0,<,4196.0
large_scale_101,NRM/NRM25,R181,x_34,1.0,<,17.0,<,17.0
large_scale_101,NRM/NRM25,R182,x_35,1.0,<,5.0,<,5.0
large_scale_101,NRM/NRM25,R183,x_36,1.0,<,105.0,<,105.0
large_scale_101,NRM/NRM25,R184,x_37,1.0,<,2289.0,<,2289.0
large_scale_101,NRM/NRM25,R185,x_38,1.0,<,326.0,<,326.0
large_scale_101,NRM/NRM25,R186,x_39,1.0,<,170.0,<,170.0
large_scale_101,NRM/NRM25,R187,x_40,1.0,<,631.0,<,631.0
large_scale_101,NRM/NRM25,R188,x_41,1.0,<,989.0,<,989.0
large_scale_101,NRM/NRM25,R189,x_42,1.0,<,1042.0,<,1042.0
large_scale_101,NRM/NRM25,R190,x_43,1.0,<,468.0,<,468.0
large_scale_101,NRM/NRM25,R191,x_44,1.0,<,1653.0,<,1653.0
large_scale_101,NRM/NRM25,R192,x_45,1.0,<,2.0,<,2.0
large_scale_101,NRM/NRM25,R193,x_46,1.0,<,5929.0,<,5929.0
large_scale_101,NRM/NRM25,R194,x_47,1.0,<,38.0,<,38.0
large_scale_101,NRM/NRM25,R195,x_48,1.0,<,62.0,<,62.0
large_scale_101,NRM/NRM25,R196,x_49,1.0,<,6121.0,<,6121.0
large_scale_101,NRM/NRM25,R197,x_50,1.0,<,36.0,<,36.0
large_scale_101,NRM/NRM25,R198,x_51,1.0,<,2303.0,<,2303.0
large_scale_101,NRM/NRM25,R199,x_52,1.0,<,1922.0,<,1922.0
large_scale_101,NRM/NRM25,R200,x_53,1.0,<,1377.0,<,1377.0
large_scale_101,NRM/NRM25,R201,x_54,1.0,<,549.0,<,549.0
large_scale_101,NRM/NRM25,R202,x_55,1.0,<,4.0,<,4.0
large_scale_101,NRM/NRM25,R203,x_56,1.0,<,21.0,<,21.0
large_scale_101,NRM/NRM25,R204,x_57,1.0,<,9445.0,<,9445.0
large_scale_101,NRM/NRM25,R205,x_58,1.0,<,998.0,<,998.0
large_scale_101,NRM/NRM25,R206,x_59,1.0,<,178.0,<,178.0
large_scale_101,NRM/NRM25,R207,x_60,1.0,<,256.0,<,256.0
large_scale_101,NRM/NRM25,R208,x_61,1.0,<,415.0,<,415.0
large_scale_101,NRM/NRM25,R209,x_62,1.0,<,251.0,<,251.0
large_scale_101,NRM/NRM25,R210,x_63,1.0,<,48.0,<,48.0
large_scale_101,NRM/NRM25,R211,x_64,1.0,<,30.0,<,30.0
large_scale_101,NRM/NRM25,R212,x_65,1.0,<,196.0,<,196.0
large_scale_101,NRM/NRM25,R213,x_66,1.0,<,123.0,<,123.0
large_scale_101,NRM/NRM25,R214,x_67,1.0,<,4.0,<,4.0
large_scale_101,NRM/NRM25,R215,x_68,1.0,<,331.0,<,331.0
large_scale_101,NRM/NRM25,R216,x_69,1.0,<,1850.0,<,1850.0
large_scale_101,NRM/NRM25,R217,x_70,1.0,<,201.0,<,201.0
large_scale_101,NRM/NRM25,R218,x_71,1.0,<,4.0,<,4.0
large_scale_101,NRM/NRM25,R219,x_72,1.0,<,2862.0,<,2862.0
large_scale_101,NRM/NRM25,R220,x_73,1.0,<,564.0,<,564.0
large_scale_101,NRM/NRM25,R221,x_74,1.0,<,6.0,<,6.0
large_scale_101,NRM/NRM25,R222,x_75,1.0,<,3922.0,<,3922.0
large_scale_101,NRM/NRM25,R223,x_76,1.0,<,665.0,<,665.0
large_scale_101,NRM/NRM25,R224,x_77,1.0,<,116.0,<,116.0
large_scale_101,NRM/NRM25,R225,x_78,1.0,<,1839.0,<,1839.0
large_scale_101,NRM/NRM25,R226,x_79,1.0,<,6466.0,<,6466.0
large_scale_101,NRM/NRM25,R227,x_80,1.0,<,1006.0,<,1006.0
large_scale_101,NRM/NRM25,R228,x_81,1.0,<,53.0,<,53.0
large_scale_101,NRM/NRM25,R229,x_82,1.0,<,793.0,<,793.0
large_scale_101,NRM/NRM25,R230,x_83,1.0,<,238.0,<,238.0
large_scale_101,NRM/NRM25,R231,x_84,1.0,<,4454.0,<,4454.0
large_scale_101,NRM/NRM25,R232,x_85,1.0,<,39146.0,<,39146.0
large_scale_101,NRM/NRM25,R233,x_86,1.0,<,4766.0,<,4766.0
large_scale_101,NRM/NRM25,R234,x_87,1.0,<,5758.0,<,5758.0
large_scale_101,NRM/NRM25,R235,x_88,1.0,<,3412.0,<,3412.0
large_scale_101,NRM/NRM25,R236,x_89,1.0,<,72.0,<,72.0
large_scale_101,NRM/NRM25,R237,x_90,1.0,<,6.0,<,6.0
large_scale_101,NRM/NRM25,R238,x_91,1.0,<,2.0,<,2.0
large_scale_101,NRM/NRM25,R239,x_92,1.0,<,265.0,<,265.0
large_scale_101,NRM/NRM25,R240,x_93,1.0,<,39.0,<,39.0
large_scale_101,NRM/NRM25,R241,x_94,1.0,<,439.0,<,439.0
large_scale_101,NRM/NRM25,R242,x_95,1.0,<,11.0,<,11.0
large_scale_101,NRM/NRM25,R243,x_96,1.0,<,2227.0,<,2227.0
large_scale_101,NRM/NRM25,R244,x_97,1.0,<,4.0,<,4.0
large_scale_101,NRM/NRM25,R245,x_98,1.0,<,3.0,<,3.0
large_scale_101,NRM/NRM25,R246,x_99,1.0,<,17.0,<,17.0
large_scale_101,NRM/NRM25,R247,x_100,1.0,<,1.0,<,1.0
large_scale_101,NRM/NRM25,R248,x_101,1.0,<,202.0,<,202.0
large_scale_101,NRM/NRM25,R249,x_102,1.0,<,567.0,<,567.0
large_scale_101,NRM/NRM25,R250,x_103,1.0,<,263.0,<,263.0
large_scale_101,NRM/NRM25,R251,x_104,1.0,<,6.0,<,6.0
large_scale_101,NRM/NRM25,R252,x_105,1.0,<,2.0,<,2.0
large_scale_101,NRM/NRM25,R253,x_106,1.0,<,14.0,<,14.0
large_scale_101,NRM/NRM25,R254,x_107,1.0,<,30.0,<,30.0
large_scale_101,NRM/NRM25,R255,x_108,1.0,<,1274.0,<,1274.0
large_scale_101,NRM/NRM25,R256,x_109,1.0,<,7.0,<,7.0
large_scale_101,NRM/NRM25,R257,x_110,1.0,<,3623.0,<,3623.0
large_scale_101,NRM/NRM25,R258,x_111,1.0,<,16.0,<,16.0
large_scale_101,NRM/NRM25,R259,x_112,1.0,<,2.0,<,2.0
large_scale_101,NRM/NRM25,R260,x_113,1.0,<,205.0,<,205.0
large_scale_101,NRM/NRM25,R261,x_114,1.0,<,478.0,<,478.0
large_scale_101,NRM/NRM25,R262,x_115,1.0,<,140.0,<,140.0
large_scale_101,NRM/NRM25,R263,x_116,1.0,<,128.0,<,128.0
large_scale_101,NRM/NRM25,R264,x_117,1.0,<,215.0,<,215.0
large_scale_101,NRM/NRM25,R265,x_118,1.0,<,232.0,<,232.0
large_scale_101,NRM/NRM25,R266,x_119,1.0,<,2.0,<,2.0
large_scale_101,NRM/NRM25,R267,x_120,1.0,<,1003.0,<,1003.0
large_scale_101,NRM/NRM25,R268,x_121,1.0,<,10.0,<,10.0
large_scale_101,NRM/NRM25,R269,x_122,1.0,<,3305.0,<,3305.0
large_scale_101,NRM/NRM25,R270,x_123,1.0,<,5172.0,<,5172.0
large_scale_101,NRM/NRM25,R271,x_124,1.0,<,815.0,<,815.0
large_scale_101,NRM/NRM25,R272,x_125,1.0,<,2761.0,<,2761.0
large_scale_101,NRM/NRM25,R273,x_126,1.0,<,10647.0,<,10647.0
large_scale_101,NRM/NRM25,R274,x_127,1.0,<,912.0,<,912.0
large_scale_101,NRM/NRM25,R275,x_128,1.0,<,197.0,<,197.0
large_scale_101,NRM/NRM25,R276,x_129,1.0,<,1701.0,<,1701.0
large_scale_101,NRM/NRM25,R277,x_130,1.0,<,125.0,<,125.0
large_scale_101,NRM/NRM25,R278,x_131,1.0,<,314.0,<,314.0
large_scale_101,NRM/NRM25,R279,x_132,1.0,<,242.0,<,242.0
large_scale_101,NRM/NRM25,R280,x_133,1.0,<,736.0,<,736.0
large_scale_101,NRM/NRM25,R281,x_134,1.0,<,555.0,<,555.0
large_scale_101,NRM/NRM25,R282,x_135,1.0,<,8218.0,<,8218.0
large_scale_101,NRM/NRM25,R283,x_136,1.0,<,112.0,<,112.0
large_scale_101,NRM/NRM25,R284,x_137,1.0,<,3.0,<,3.0
large_scale_101,NRM/NRM25,R285,x_138,1.0,<,1346.0,<,1346.0
large_scale_101,NRM/NRM25,R286,x_139,1.0,<,13.0,<,13.0
large_scale_101,NRM/NRM25,R287,x_140,1.0,<,193745.0,<,193745.0
large_scale_101,NRM/NRM25,R288,x_141,1.0,<,2765.0,<,2765.0
large_scale_101,NRM/NRM25,R289,x_142,1.0,<,147.0,<,147.0
large_scale_101,NRM/NRM25,R290,x_143,1.0,<,2.0,<,2.0
large_scale_101,NRM/NRM25,R291,x_144,1.0,<,881.0,<,881.0
large_scale_101,NRM/NRM25,R292,x_145,1.0,<,59.0,<,59.0
large_scale_101,NRM/NRM25,R293,x_146,1.0,<,4.0,<,4.0
large_scale_101,NRM/NRM25,R294,x_147,1.0,<,404.0,<,404.0
large_scale_101,NRM/NRM25,R295,x_148,1.0,<,6810.0,<,6810.0
large_scale_101,RA/RA4,R0,x_0_0,1.0,<,100.0,<,100.0
large_scale_101,RA/RA4,R1,x_1_0,1.0,<,80.0,<,80.0
large_scale_101,RA/RA4,R2,x_2_0,1.0,<,120.0,<,120.0
large_scale_101,RA/RA4,R3,x_3_0,1.0,<,90.0,<,90.0
large_scale_101,RA/RA4,R4,x_4_0,1.0,<,50.0,<,50.0
large_scale_101,RA/RA4,R5,x_5_0,1.0,<,30.0,<,30.0
large_scale_101,RA/RA4,R6,x_6_0,1.0,<,110.0,<,110.0
large_scale_101,RA/RA4,R7,x_7_0,1.0,<,40.0,<,40.0
large_scale_101,RA/RA4,R8,x_8_0,1.0,<,60.0,<,60.0
large_scale_101,RA/RA4,R9,x_9_0,1.0,<,35.0,<,35.0
large_scale_101,Mixture/Mixture3,capacity_B3,x_B3_I,7.0,<,4000.0,<,571.4285714285714
large_scale_101,Mixture/Mixture6,no_start_last_1,u_1_4,1.0,=,0.0,=,0.0
large_scale_101,Mixture/Mixture6,no_start_last_2,u_2_4,1.0,=,0.0,=,0.0
large_scale_101,Mixture/Mixture6,no_start_last_3,u_3_4,1.0,=,0.0,=,0.0
large_scale_101,Mixture/Mixture6,no_start_last_4,u_4_4,1.0,=,0.0,=,0.0
large_scale_101,Mixture/Mixture6,no_start_last_5,u_5_4,1.0,=,0.0,=,0.0
large_scale_101,Mixture/Mixture6,no_start_last_6,u_6_4,1.0,=,0.0,=,0.0
large_scale_101,Mixture/Mixture6,no_start_last_7,u_7_4,1.0,=,0.0,=,0.0
large_scale_101,Mixture/Mixture6,no_start_last_8,u_8_4,1.0,=,0.0,=,0.0
large_scale_101,Mixture/Mixture6,no_start_last_9,u_9_4,1.0,=,0.0,=,0.0
large_scale_101,Mixture/Mixture6,no_start_last_10,u_10_4,1.0,=,0.0,=,0.0
large_scale_101,Mixture/Mixture9,demand_1,x_1,1.0,<,5732.0,<,5732.0
large_scale_101,Mixture/Mixture9,demand_2,x_2,1.0,<,5607.0,<,5607.0
large_scale_101,Mixture/Mixture9,demand_3,x_3,1.0,<,4653.0,<,4653.0
large_scale_101,Mixture/Mixture9,demand_4,x_4,1.0,<,6264.0,<,6264.0
large_scale_101,Mixture/Mixture9,demand_5,x_5,1.0,<,3835.0,<,3835.0
large_scale_101,Mixture/Mixture9,demand_6,x_6,1.0,<,3763.0,<,3763.0
large_scale_101,Mixture/Mixture9,demand_7,x_7,1.0,<,4731.0,<,4731.0
large_scale_101,Mixture/Mixture9,demand_8,x_8,1.0,<,6431.0,<,6431.0
large_scale_101,Mixture/Mixture9,demand_9,x_9,1.0,<,4033.0,<,4033.0
large_scale_101,Mixture/Mixture9,demand_10,x_10,1.0,<,6795.0,<,6795.0
large_scale_101,Mixture/Mixture9,demand_11,x_11,1.0,<,3277.0,<,3277.0
large_scale_101,Mixture/Mixture9,demand_12,x_12,1.0,<,4778.0,<,4778.0
large_scale_101,Mixture/Mixture9,demand_13,x_13,1.0,<,4828.0,<,4828.0
large_scale_101,Mixture/Mixture9,demand_14,x_14,1.0,<,5647.0,<,5647.0
large_scale_101,Mixture/Mixture9,demand_15,x_15,1.0,<,6142.0,<,6142.0
large_scale_101,Mixture/Mixture9,demand_16,x_16,1.0,<,6544.0,<,6544.0
large_scale_101,Mixture/Mixture9,demand_17,x_17,1.0,<,5648.0,<,5648.0
large_scale_101,Mixture/Mixture9,demand_18,x_18,1.0,<,6468.0,<,6468.0
large_scale_101,Mixture/Mixture9,demand_19,x_19,1.0,<,5362.0,<,5362.0
large_scale_101,Mixture/Mixture9,demand_20,x_20,1.0,<,3705.0,<,3705.0
large_scale_101,Mixture/Mixture9,demand_21,x_21,1.0,<,6558.0,<,6558.0
large_scale_101,Mixture/Mixture9,demand_22,x_22,1.0,<,5599.0,<,5599.0
large_scale_101,Mixture/Mixture9,demand_23,x_23,1.0,<,5135.0,<,5135.0
large_scale_101,Mixture/Mixture9,demand_24,x_24,1.0,<,5222.0,<,5222.0
large_scale_101,Mixture/Mixture9,demand_25,x_25,1.0,<,6672.0,<,6672.0
large_scale_101,Mixture/Mixture9,demand_26,x_26,1.0,<,5897.0,<,5897.0
large_scale_101,Mixture/Mixture9,demand_27,x_27,1.0,<,4701.0,<,4701.0
large_scale_101,Mixture/Mixture9,demand_28,x_28,1.0,<,3537.0,<,3537.0
large_scale_101,Mixture/Mixture9,demand_29,x_29,1.0,<,5893.0,<,5893.0
large_scale_101,Mixture/Mixture9,demand_30,x_30,1.0,<,5120.0,<,5120.0
large_scale_101,Mixture/Mixture9,demand_31,x_31,1.0,<,5825.0,<,5825.0
large_scale_101,Mixture/Mixture9,demand_32,x_32,1.0,<,4940.0,<,4940.0
large_scale_101,Mixture/Mixture9,demand_33,x_33,1.0,<,5163.0,<,5163.0
large_scale_101,Mixture/Mixture9,demand_34,x_34,1.0,<,3976.0,<,3976.0
large_scale_101,Mixture/Mixture9,demand_35,x_35,1.0,<,3755.0,<,3755.0
large_scale_101,Mixture/Mixture9,demand_36,x_36,1.0,<,6781.0,<,6781.0
large_scale_101,Mixture/Mixture9,demand_37,x_37,1.0,<,5046.0,<,5046.0
large_scale_101,Mixture/Mixture9,demand_38,x_38,1.0,<,4871.0,<,4871.0
large_scale_101,Mixture/Mixture9,demand_39,x_39,1.0,<,6503.0,<,6503.0
large_scale_101,Mixture/Mixture9,demand_40,x_40,1.0,<,5496.0,<,5496.0
large_scale_101,Mixture/Mixture9,demand_41,x_41,1.0,<,5898.0,<,5898.0
large_scale_101,Mixture/Mixture9,demand_42,x_42,1.0,<,3099.0,<,3099.0
large_scale_101,Mixture/Mixture9,demand_43,x_43,1.0,<,5008.0,<,5008.0
large_scale_101,Mixture/Mixture9,demand_44,x_44,1.0,<,6249.0,<,6249.0
large_scale_101,Mixture/Mixture9,demand_45,x_45,1.0,<,3755.0,<,3755.0
large_scale_101,Mixture/Mixture9,demand_46,x_46,1.0,<,3797.0,<,3797.0
large_scale_101,Mixture/Mixture9,demand_47,x_47,1.0,<,3659.0,<,3659.0
large_scale_101,Mixture/Mixture9,demand_48,x_48,1.0,<,6219.0,<,6219.0
large_scale_101,Mixture/Mixture9,demand_49,x_49,1.0,<,5958.0,<,5958.0
large_scale_101,Mixture/Mixture9,demand_50,x_50,1.0,<,3423.0,<,3423.0
large_scale_101,Mixture/Mixture9,demand_51,x_51,1.0,<,6360.0,<,6360.0
large_scale_101,Mixture/Mixture9,demand_52,x_52,1.0,<,6337.0,<,6337.0
large_scale_101,Mixture/Mixture9,demand_53,x_53,1.0,<,5745.0,<,5745.0
large_scale_101,Mixture/Mixture9,demand_54,x_54,1.0,<,3639.0,<,3639.0
large_scale_101,Mixture/Mixture9,demand_55,x_55,1.0,<,3544.0,<,3544.0
large_scale_101,Mixture/Mixture9,demand_56,x_56,1.0,<,5591.0,<,5591.0
large_scale_101,Mixture/Mixture9,demand_57,x_57,1.0,<,3714.0,<,3714.0
large_scale_101,Mixture/Mixture9,demand_58,x_58,1.0,<,5292.0,<,5292.0
large_scale_101,Mixture/Mixture9,demand_59,x_59,1.0,<,3151.0,<,3151.0
large_scale_101,Mixture/Mixture9,demand_60,x_60,1.0,<,5723.0,<,5723.0
large_scale_101,Mixture/Mixture9,demand_61,x_61,1.0,<,5558.0,<,5558.0
large_scale_101,Mixture/Mixture9,demand_62,x_62,1.0,<,6531.0,<,6531.0
large_scale_101,Mixture/Mixture9,demand_63,x_63,1.0,<,5930.0,<,5930.0
large_scale_101,Mixture/Mixture9,demand_64,x_64,1.0,<,4207.0,<,4207.0
large_scale_101,Mixture/Mixture9,demand_65,x_65,1.0,<,5076.0,<,5076.0
large_scale_101,Mixture/Mixture9,demand_66,x_66,1.0,<,3802.0,<,3802.0
large_scale_101,Mixture/Mixture9,demand_67,x_67,1.0,<,5176.0,<,5176.0
large_scale_101,Mixture/Mixture9,demand_68,x_68,1.0,<,5176.0,<,5176.0
large_scale_101,Mixture/Mixture9,demand_69,x_69,1.0,<,4956.0,<,4956.0
large_scale_101,Mixture/Mixture9,demand_70,x_70,1.0,<,6125.0,<,6125.0
large_scale_101,Mixture/Mixture9,demand_71,x_71,1.0,<,4925.0,<,4925.0
large_scale_101,Mixture/Mixture9,demand_72,x_72,1.0,<,6622.0,<,6622.0
large_scale_101,Mixture/Mixture9,demand_73,x_73,1.0,<,6560.0,<,6560.0
large_scale_101,Mixture/Mixture9,demand_74,x_74,1.0,<,3756.0,<,3756.0
large_scale_101,Mixture/Mixture9,demand_75,x_75,1.0,<,3273.0,<,3273.0
large_scale_101,Mixture/Mixture9,demand_76,x_76,1.0,<,5383.0,<,5383.0
large_scale_101,Mixture/Mixture9,demand_77,x_77,1.0,<,3388.0,<,3388.0
large_scale_101,Mixture/Mixture9,demand_78,x_78,1.0,<,4641.0,<,4641.0
large_scale_101,Mixture/Mixture9,demand_79,x_79,1.0,<,6114.0,<,6114.0
large_scale_101,Mixture/Mixture9,demand_80,x_80,1.0,<,4466.0,<,4466.0
large_scale_101,Mixture/Mixture9,monthly_quota_1,x_1,1.0,<,12892.0,<,12892.0
large_scale_101,Mixture/Mixture9,monthly_quota_2,x_2,1.0,<,7238.0,<,7238.0
large_scale_101,Mixture/Mixture9,monthly_quota_3,x_3,1.0,<,11902.0,<,11902.0
large_scale_101,Mixture/Mixture9,monthly_quota_4,x_4,1.0,<,12958.0,<,12958.0
large_scale_101,Mixture/Mixture9,monthly_quota_5,x_5,1.0,<,9812.0,<,9812.0
large_scale_101,Mixture/Mixture9,monthly_quota_6,x_6,1.0,<,12606.0,<,12606.0
large_scale_101,Mixture/Mixture9,monthly_quota_7,x_7,1.0,<,11462.0,<,11462.0
large_scale_101,Mixture/Mixture9,monthly_quota_8,x_8,1.0,<,14080.0,<,14080.0
large_scale_101,Mixture/Mixture9,monthly_quota_9,x_9,1.0,<,6644.0,<,6644.0
large_scale_101,Mixture/Mixture9,monthly_quota_10,x_10,1.0,<,8118.0,<,8118.0
large_scale_101,Mixture/Mixture9,monthly_quota_11,x_11,1.0,<,14454.0,<,14454.0
large_scale_101,Mixture/Mixture9,monthly_quota_12,x_12,1.0,<,15312.0,<,15312.0
large_scale_101,Mixture/Mixture9,monthly_quota_13,x_13,1.0,<,7568.0,<,7568.0
large_scale_101,Mixture/Mixture9,monthly_quota_14,x_14,1.0,<,14806.0,<,14806.0
large_scale_101,Mixture/Mixture9,monthly_quota_15,x_15,1.0,<,12166.0,<,12166.0
large_scale_101,Mixture/Mixture9,monthly_quota_16,x_16,1.0,<,13684.0,<,13684.0
large_scale_101,Mixture/Mixture9,monthly_quota_17,x_17,1.0,<,9042.0,<,9042.0
large_scale_101,Mixture/Mixture9,monthly_quota_18,x_18,1.0,<,8602.0,<,8602.0
large_scale_101,Mixture/Mixture9,monthly_quota_19,x_19,1.0,<,14102.0,<,14102.0
large_scale_101,Mixture/Mixture9,monthly_quota_20,x_20,1.0,<,7458.0,<,7458.0
large_scale_101,Mixture/Mixture9,monthly_quota_21,x_21,1.0,<,9900.0,<,9900.0
large_scale_101,Mixture/Mixture9,monthly_quota_22,x_22,1.0,<,9790.0,<,9790.0
large_scale_101,Mixture/Mixture9,monthly_quota_23,x_23,1.0,<,10956.0,<,10956.0
large_scale_101,Mixture/Mixture9,monthly_quota_24,x_24,1.0,<,12628.0,<,12628.0
large_scale_101,Mixture/Mixture9,monthly_quota_25,x_25,1.0,<,14256.0,<,14256.0
large_scale_101,Mixture/Mixture9,monthly_quota_26,x_26,1.0,<,7546.0,<,7546.0
large_scale_101,Mixture/Mixture9,monthly_quota_27,x_27,1.0,<,8426.0,<,8426.0
large_scale_101,Mixture/Mixture9,monthly_quota_28,x_28,1.0,<,13134.0,<,13134.0
large_scale_101,Mixture/Mixture9,monthly_quota_29,x_29,1.0,<,8646.0,<,8646.0
large_scale_101,Mixture/Mixture9,monthly_quota_30,x_30,1.0,<,10428.0,<,10428.0
large_scale_101,Mixture/Mixture9,monthly_quota_31,x_31,1.0,<,11022.0,<,11022.0
large_scale_101,Mixture/Mixture9,monthly_quota_32,x_32,1.0,<,14190.0,<,14190.0
large_scale_101,Mixture/Mixture9,monthly_quota_33,x_33,1.0,<,13838.0,<,13838.0
large_scale_101,Mixture/Mixture9,monthly_quota_34,x_34,1.0,<,7216.0,<,7216.0
large_scale_101,Mixture/Mixture9,monthly_quota_35,x_35,1.0,<,11198.0,<,11198.0
large_scale_101,Mixture/Mixture9,monthly_quota_36,x_36,1.0,<,8910.0,<,8910.0
large_scale_101,Mixture/Mixture9,monthly_quota_37,x_37,1.0,<,15048.0,<,15048.0
large_scale_101,Mixture/Mixture9,monthly_quota_38,x_38,1.0,<,7986.0,<,7986.0
large_scale_101,Mixture/Mixture9,monthly_quota_39,x_39,1.0,<,6952.0,<,6952.0
large_scale_101,Mixture/Mixture9,monthly_quota_40,x_40,1.0,<,8932.0,<,8932.0
large_scale_101,Mixture/Mixture9,monthly_quota_41,x_41,1.0,<,10208.0,<,10208.0
large_scale_101,Mixture/Mixture9,monthly_quota_42,x_42,1.0,<,8668.0,<,8668.0
large_scale_101,Mixture/Mixture9,monthly_quota_43,x_43,1.0,<,7128.0,<,7128.0
large_scale_101,Mixture/Mixture9,monthly_quota_44,x_44,1.0,<,9152.0,<,9152.0
large_scale_101,Mixture/Mixture9,monthly_quota_45,x_45,1.0,<,10802.0,<,10802.0
large_scale_101,Mixture/Mixture9,monthly_quota_46,x_46,1.0,<,10890.0,<,10890.0
large_scale_101,Mixture/Mixture9,monthly_quota_47,x_47,1.0,<,13354.0,<,13354.0
large_scale_101,Mixture/Mixture9,monthly_quota_48,x_48,1.0,<,9592.0,<,9592.0
large_scale_101,Mixture/Mixture9,monthly_quota_49,x_49,1.0,<,14234.0,<,14234.0
large_scale_101,Mixture/Mixture9,monthly_quota_50,x_50,1.0,<,8646.0,<,8646.0
large_scale_101,Mixture/Mixture9,monthly_quota_51,x_51,1.0,<,14938.0,<,14938.0
large_scale_101,Mixture/Mixture9,monthly_quota_52,x_52,1.0,<,11836.0,<,11836.0
large_scale_101,Mixture/Mixture9,monthly_quota_53,x_53,1.0,<,8514.0,<,8514.0
large_scale_101,Mixture/Mixture9,monthly_quota_54,x_54,1.0,<,10120.0,<,10120.0
large_scale_101,Mixture/Mixture9,monthly_quota_55,x_55,1.0,<,9834.0,<,9834.0
large_scale_101,Mixture/Mixture9,monthly_quota_56,x_56,1.0,<,8184.0,<,8184.0
large_scale_101,Mixture/Mixture9,monthly_quota_57,x_57,1.0,<,8514.0,<,8514.0
large_scale_101,Mixture/Mixture9,monthly_quota_58,x_58,1.0,<,6886.0,<,6886.0
large_scale_101,Mixture/Mixture9,monthly_quota_59,x_59,1.0,<,13508.0,<,13508.0
large_scale_101,Mixture/Mixture9,monthly_quota_60,x_60,1.0,<,8382.0,<,8382.0
large_scale_101,Mixture/Mixture9,monthly_quota_61,x_61,1.0,<,9240.0,<,9240.0
large_scale_101,Mixture/Mixture9,monthly_quota_62,x_62,1.0,<,14784.0,<,14784.0
large_scale_101,Mixture/Mixture9,monthly_quota_63,x_63,1.0,<,13640.0,<,13640.0
large_scale_101,Mixture/Mixture9,monthly_quota_64,x_64,1.0,<,11066.0,<,11066.0
large_scale_101,Mixture/Mixture9,monthly_quota_65,x_65,1.0,<,11440.0,<,11440.0
large_scale_101,Mixture/Mixture9,monthly_quota_66,x_66,1.0,<,12782.0,<,12782.0
large_scale_101,Mixture/Mixture9,monthly_quota_67,x_67,1.0,<,12936.0,<,12936.0
large_scale_101,Mixture/Mixture9,monthly_quota_68,x_68,1.0,<,12540.0,<,12540.0
large_scale_101,Mixture/Mixture9,monthly_quota_69,x_69,1.0,<,12848.0,<,12848.0
large_scale_101,Mixture/Mixture9,monthly_quota_70,x_70,1.0,<,12672.0,<,12672.0
large_scale_101,Mixture/Mixture9,monthly_quota_71,x_71,1.0,<,13728.0,<,13728.0
large_scale_101,Mixture/Mixture9,monthly_quota_72,x_72,1.0,<,7084.0,<,7084.0
large_scale_101,Mixture/Mixture9,monthly_quota_73,x_73,1.0,<,11594.0,<,11594.0
large_scale_101,Mixture/Mixture9,monthly_quota_74,x_74,1.0,<,14916.0,<,14916.0
large_scale_101,Mixture/Mixture9,monthly_quota_75,x_75,1.0,<,8426.0,<,8426.0
large_scale_101,Mixture/Mixture9,monthly_quota_76,x_76,1.0,<,9570.0,<,9570.0
large_scale_101,Mixture/Mixture9,monthly_quota_77,x_77,1.0,<,7942.0,<,7942.0
large_scale_101,Mixture/Mixture9,monthly_quota_78,x_78,1.0,<,9702.0,<,9702.0
large_scale_101,Mixture/Mixture9,monthly_quota_79,x_79,1.0,<,6710.0,<,6710.0
large_scale_101,Mixture/Mixture9,monthly_quota_80,x_80,1.0,<,12232.0,<,12232.0
large_scale_101,Mixture/Mixture10,demand_1,x_1,10.0,<,317.0,<,31.7
large_scale_101,Mixture/Mixture10,demand_2,x_2,10.0,<,106.0,<,10.6
large_scale_101,Mixture/Mixture10,demand_3,x_3,10.0,<,386.0,<,38.6
large_scale_101,Mixture/Mixture10,demand_4,x_4,10.0,<,441.0,<,44.1
large_scale_101,Mixture/Mixture10,demand_5,x_5,10.0,<,63.0,<,6.3
large_scale_101,Mixture/Mixture10,demand_6,x_6,10.0,<,221.0,<,22.1
large_scale_101,Mixture/Mixture10,demand_7,x_7,10.0,<,441.0,<,44.1
large_scale_101,Mixture/Mixture10,demand_8,x_8,10.0,<,489.0,<,48.9
large_scale_101,Mixture/Mixture10,demand_9,x_9,10.0,<,277.0,<,27.7
large_scale_101,Mixture/Mixture10,demand_10,x_10,10.0,<,121.0,<,12.1
large_scale_101,Mixture/Mixture10,demand_11,x_11,10.0,<,309.0,<,30.9
large_scale_101,Mixture/Mixture10,demand_12,x_12,10.0,<,499.0,<,49.9
large_scale_101,Mixture/Mixture10,demand_13,x_13,10.0,<,428.0,<,42.8
large_scale_101,Mixture/Mixture10,demand_14,x_14,10.0,<,608.0,<,60.8
large_scale_101,Mixture/Mixture10,demand_15,x_15,10.0,<,551.0,<,55.1
large_scale_101,Mixture/Mixture10,demand_16,x_16,10.0,<,411.0,<,41.1
large_scale_101,Mixture/Mixture10,demand_17,x_17,10.0,<,188.0,<,18.8
large_scale_101,Mixture/Mixture10,demand_18,x_18,10.0,<,113.0,<,11.3
large_scale_101,Mixture/Mixture10,demand_19,x_19,10.0,<,143.0,<,14.3
large_scale_101,Mixture/Mixture10,demand_20,x_20,10.0,<,441.0,<,44.1
large_scale_101,Mixture/Mixture10,demand_21,x_21,10.0,<,69.0,<,6.9
large_scale_101,Mixture/Mixture10,demand_22,x_22,10.0,<,513.0,<,51.3
large_scale_101,Mixture/Mixture10,demand_23,x_23,10.0,<,528.0,<,52.8
large_scale_101,Mixture/Mixture10,demand_24,x_24,10.0,<,609.0,<,60.9
large_scale_101,Mixture/Mixture10,demand_25,x_25,10.0,<,195.0,<,19.5
large_scale_101,Mixture/Mixture10,demand_26,x_26,10.0,<,188.0,<,18.8
large_scale_101,Mixture/Mixture10,demand_27,x_27,10.0,<,613.0,<,61.3
large_scale_101,Mixture/Mixture10,demand_28,x_28,10.0,<,83.0,<,8.3
large_scale_101,Mixture/Mixture10,demand_29,x_29,10.0,<,153.0,<,15.3
large_scale_101,Mixture/Mixture10,demand_30,x_30,10.0,<,86.0,<,8.6
large_scale_101,Mixture/Mixture10,demand_31,x_31,10.0,<,231.0,<,23.1
large_scale_101,Mixture/Mixture10,demand_32,x_32,10.0,<,442.0,<,44.2
large_scale_101,Mixture/Mixture10,demand_33,x_33,10.0,<,267.0,<,26.7
large_scale_101,Mixture/Mixture10,demand_34,x_34,10.0,<,177.0,<,17.7
large_scale_101,Mixture/Mixture10,demand_35,x_35,10.0,<,207.0,<,20.7
large_scale_101,Mixture/Mixture10,demand_36,x_36,10.0,<,259.0,<,25.9
large_scale_101,Mixture/Mixture10,demand_37,x_37,10.0,<,279.0,<,27.9
large_scale_101,Mixture/Mixture10,demand_38,x_38,10.0,<,53.0,<,5.3
large_scale_101,Mixture/Mixture10,demand_39,x_39,10.0,<,118.0,<,11.8
large_scale_101,Mixture/Mixture10,demand_40,x_40,10.0,<,536.0,<,53.6
large_scale_101,Mixture/Mixture10,demand_41,x_41,10.0,<,297.0,<,29.7
large_scale_101,Mixture/Mixture10,demand_42,x_42,10.0,<,274.0,<,27.4
large_scale_101,Mixture/Mixture10,demand_43,x_43,10.0,<,563.0,<,56.3
large_scale_101,Mixture/Mixture10,demand_44,x_44,10.0,<,218.0,<,21.8
large_scale_101,Mixture/Mixture10,demand_45,x_45,10.0,<,212.0,<,21.2
large_scale_101,Mixture/Mixture10,demand_46,x_46,10.0,<,214.0,<,21.4
large_scale_101,Mixture/Mixture10,demand_47,x_47,10.0,<,437.0,<,43.7
large_scale_101,Mixture/Mixture10,demand_48,x_48,10.0,<,238.0,<,23.8
large_scale_101,Mixture/Mixture10,demand_49,x_49,10.0,<,561.0,<,56.1
large_scale_101,Mixture/Mixture10,demand_50,x_50,10.0,<,73.0,<,7.3
large_scale_101,Mixture/Mixture10,demand_51,x_51,10.0,<,209.0,<,20.9
large_scale_101,Mixture/Mixture10,demand_52,x_52,10.0,<,466.0,<,46.6
large_scale_101,Mixture/Mixture10,demand_53,x_53,10.0,<,383.0,<,38.3
large_scale_101,Mixture/Mixture10,demand_54,x_54,10.0,<,541.0,<,54.1
large_scale_101,Mixture/Mixture10,demand_55,x_55,10.0,<,409.0,<,40.9
large_scale_101,Mixture/Mixture10,demand_56,x_56,10.0,<,386.0,<,38.6
large_scale_101,Mixture/Mixture10,demand_57,x_57,10.0,<,544.0,<,54.4
large_scale_101,Mixture/Mixture10,demand_58,x_58,10.0,<,555.0,<,55.5
large_scale_101,Mixture/Mixture10,demand_59,x_59,10.0,<,371.0,<,37.1
large_scale_101,Mixture/Mixture10,demand_60,x_60,10.0,<,261.0,<,26.1
large_scale_101,Mixture/Mixture10,demand_61,x_61,10.0,<,345.0,<,34.5
large_scale_101,Mixture/Mixture10,demand_62,x_62,10.0,<,176.0,<,17.6
large_scale_101,Mixture/Mixture10,demand_63,x_63,10.0,<,114.0,<,11.4
large_scale_101,Mixture/Mixture10,demand_64,x_64,10.0,<,296.0,<,29.6
large_scale_101,Mixture/Mixture10,demand_65,x_65,10.0,<,459.0,<,45.9
large_scale_101,Mixture/Mixture10,demand_66,x_66,10.0,<,489.0,<,48.9
large_scale_101,Mixture/Mixture10,demand_67,x_67,10.0,<,226.0,<,22.6
large_scale_101,Mixture/Mixture10,demand_68,x_68,10.0,<,211.0,<,21.1
large_scale_101,Mixture/Mixture10,demand_69,x_69,10.0,<,135.0,<,13.5
large_scale_101,Mixture/Mixture10,demand_70,x_70,10.0,<,575.0,<,57.5
large_scale_101,Mixture/Mixture10,demand_71,x_71,10.0,<,83.0,<,8.3
large_scale_101,Mixture/Mixture10,demand_72,x_72,10.0,<,171.0,<,17.1
large_scale_101,Mixture/Mixture10,demand_73,x_73,10.0,<,495.0,<,49.5
large_scale_101,Mixture/Mixture10,demand_74,x_74,10.0,<,217.0,<,21.7
large_scale_101,Mixture/Mixture10,demand_75,x_75,10.0,<,264.0,<,26.4
large_scale_101,Mixture/Mixture10,demand_76,x_76,10.0,<,102.0,<,10.2
large_scale_101,Mixture/Mixture10,demand_77,x_77,10.0,<,521.0,<,52.1
large_scale_101,Mixture/Mixture10,demand_78,x_78,10.0,<,501.0,<,50.1
large_scale_101,Mixture/Mixture10,demand_79,x_79,10.0,<,405.0,<,40.5
large_scale_101,Mixture/Mixture10,demand_80,x_80,10.0,<,45.0,<,4.5
large_scale_101,Mixture/Mixture10,demand_81,x_81,10.0,<,431.0,<,43.1
large_scale_101,Mixture/Mixture10,demand_82,x_82,10.0,<,392.0,<,39.2
large_scale_101,Mixture/Mixture10,demand_83,x_83,10.0,<,234.0,<,23.4
large_scale_101,Mixture/Mixture10,demand_84,x_84,10.0,<,549.0,<,54.9
large_scale_101,Mixture/Mixture10,demand_85,x_85,10.0,<,235.0,<,23.5
large_scale_101,Mixture/Mixture10,demand_86,x_86,10.0,<,552.0,<,55.2
large_scale_101,Mixture/Mixture10,demand_87,x_87,10.0,<,413.0,<,41.3
large_scale_101,Mixture/Mixture10,demand_88,x_88,10.0,<,453.0,<,45.3
large_scale_101,Mixture/Mixture10,demand_89,x_89,10.0,<,161.0,<,16.1
large_scale_101,Mixture/Mixture10,demand_90,x_90,10.0,<,178.0,<,17.8
large_scale_101,Mixture/Mixture10,demand_91,x_91,10.0,<,102.0,<,10.2
large_scale_101,Mixture/Mixture10,demand_92,x_92,10.0,<,601.0,<,60.1
large_scale_101,Mixture/Mixture10,demand_93,x_93,10.0,<,217.0,<,21.7
large_scale_101,Mixture/Mixture10,demand_94,x_94,10.0,<,193.0,<,19.3
large_scale_101,Mixture/Mixture10,demand_95,x_95,10.0,<,124.0,<,12.4
large_scale_101,Mixture/Mixture10,demand_96,x_96,10.0,<,257.0,<,25.7
large_scale_101,Mixture/Mixture10,demand_97,x_97,10.0,<,247.0,<,24.7
large_scale_101,Mixture/Mixture10,demand_98,x_98,10.0,<,273.0,<,27.3
large_scale_101,Mixture/Mixture10,demand_99,x_99,10.0,<,271.0,<,27.1
large_scale_101,Mixture/Mixture10,demand_100,x_100,10.0,<,576.0,<,57.6
large_scale_101,Mixture/Mixture14,catalyst_sales_cap,s,1.0,<,1500.0,<,1500.0
large_scale_101,Mixture/Mixture17,Fix_Carpenter,wage[0],1.0,=,60.0,=,60.0
variants,Variants1,ending_inventory,inv_M24,1.0,=,0.0,=,0.0
variants,Variants3,project_deadline,T,1.0,<,23.0,<,23.0
variants,Variants11,ending_inventory,inv_M12,1.0,=,0.0,=,0.0
variants,Variants13,project_deadline,T,1.0,<,23.0,<,23.0
variants,Variants21,project_deadline,T,1.0,<,22.0,<,22.0
variants,Variants28,R10,ordered[R7fbb3730d314],1.0,=,0.0,=,0.0
variants,Variants28,R33,ordered[R887ffaea87dd],1.0,=,0.0,=,0.0
variants,Variants28,R46,ordered[Rc3f9ca031c8e],1.0,=,0.0,=,0.0
variants,Variants28,R51,ordered[Ref4615791cb9],1.0,=,0.0,=,0.0
variants,Variants29,R6,ordered[R7e2a2c482e77],1.0,=,0.0,=,0.0
variants,Variants29,R13,ordered[R56cb3a436a5a],1.0,=,0.0,=,0.0
variants,Variants29,R32,ordered[R5dfabf4dd5b4],1.0,=,0.0,=,0.0
variants,Variants29,R57,ordered[R3ae1681715ca],1.0,=,0.0,=,0.0
variants,Variants30,R20,ordered[Rcf5370ab2e7c],1.0,=,0.0,=,0.0
variants,Variants30,R41,ordered[Re7d589eb4737],1.0,=,0.0,=,0.0
variants,Variants30,R50,ordered[Ra5833cedea5c],1.0,=,0.0,=,0.0
variants,Variants30,R65,ordered[Rf9db851ed8bb],1.0,=,0.0,=,0.0
variants,Variants31,R4,ordered[R965543941518],1.0,=,0.0,=,0.0
variants,Variants31,R37,ordered[Rf5a912d3e6b6],1.0,=,0.0,=,0.0
variants,Variants31,R44,ordered[R20246322f2b5],1.0,=,0.0,=,0.0
variants,Variants31,R49,ordered[R4c746990c118],1.0,=,0.0,=,0.0
variants,Variants32,R16,ordered[Re8217731b8ed],1.0,=,0.0,=,0.0
variants,Variants32,R23,ordered[R777716c59761],1.0,=,0.0,=,0.0
variants,Variants32,R34,ordered[R8efb61b6c33b],1.0,=,0.0,=,0.0
variants,Variants32,R45,ordered[R45289ace3322],1.0,=,0.0,=,0.0
variants,Variants33,R10,ordered[R671e240d4376],1.0,=,0.0,=,0.0
variants,Variants33,R27,ordered[Rd02fcc260ac2],1.0,=,0.0,=,0.0
variants,Variants33,R38,ordered[R5ad6394143cf],1.0,=,0.0,=,0.0
variants,Variants33,R49,ordered[Rcb3019602c46],1.0,=,0.0,=,0.0
variants,Variants34,R8,ordered[R77b5ceefbc30],1.0,=,0.0,=,0.0
variants,Variants34,R31,ordered[R21d9ec858608],1.0,=,0.0,=,0.0
variants,Variants34,R36,ordered[R3f4281b8fad6],1.0,=,0.0,=,0.0
variants,Variants34,R41,ordered[R144b336321b3],1.0,=,0.0,=,0.0
variants,Variants35,R34,ordered[Ra37606a6bb32],1.0,=,0.0,=,0.0
variants,Variants35,R39,ordered[Rb968fc7263d0],1.0,=,0.0,=,0.0
variants,Variants35,R42,ordered[R8bf0d675a614],1.0,=,0.0,=,0.0
variants,Variants35,R63,ordered[R4702703af2e4],1.0,=,0.0,=,0.0
variants,Variants36,R30,ordered[R14062bafad03],1.0,=,0.0,=,0.0
variants,Variants36,R37,ordered[R57ed61d46b1b],1.0,=,0.0,=,0.0
variants,Variants36,R44,ordered[R5415495b66bf],1.0,=,0.0,=,0.0
variants,Variants36,R47,ordered[Rc1af75b326dc],1.0,=,0.0,=,0.0
