Type by size,Token,Problem Type,Query,Dataset_address,Label-objective,Label-model
L,,AP,"Assign six construction projects to the eight listed managers. Each project needs exactly one person, and each person may take at most one project. Exclude anyone with on_leave=1. The assigned person must meet required_skill, with Junior < Intermediate < Senior < Expert. In the cost matrix, project IDs are columns and worker IDs identify rows. A blank cell forbids that assignment. Minimize the sum of assignment costs, and report the minimum in USD cents.","benchmark_dataset/Variant25/inputs/batch_01/export_01.csv
benchmark_dataset/Variant25/inputs/batch_02/export_02.csv
benchmark_dataset/Variant25/inputs/batch_03/export_03.csv",1392,Reference LP file: benchmark_dataset/Variant25/reference/model.lp
L,,AP,"A service team must cover eight jobs. The offer list gives cost_cents for each available worker_id/project_id pairing among ten staff members. Each project needs exactly one person, and each person may take at most one project. Exclude anyone with on_leave=1. The assigned person must meet required_skill, with Junior < Intermediate < Senior < Expert. Only listed offers are permitted. Minimize the sum of assignment costs, and report the minimum in USD cents.","benchmark_dataset/Variant26/inputs/batch_01/export_01.csv
benchmark_dataset/Variant26/inputs/batch_02/export_02.csv
benchmark_dataset/Variant26/inputs/batch_03/export_03.csv",1720,Reference LP file: benchmark_dataset/Variant26/reference/model.lp
L,,AP,"Build a one-job-per-person roster for ten work packages using twelve available candidates. The cost rows are distributed across three files and must be matched using worker_id. Each project needs exactly one person, and each person may take at most one project. Exclude anyone with on_leave=1. The assigned person must meet required_skill, with Junior < Intermediate < Senior < Expert. In the cost matrix, project IDs are columns and worker IDs identify rows. A blank cell forbids that assignment. Minimize the sum of assignment costs, and report the minimum in USD cents.","benchmark_dataset/Variant27/inputs/batch_01/export_01.csv
benchmark_dataset/Variant27/inputs/batch_02/export_02.csv
benchmark_dataset/Variant27/inputs/batch_03/export_03.csv
benchmark_dataset/Variant27/inputs/batch_04/export_04.csv
benchmark_dataset/Variant27/inputs/batch_05/export_05.csv",1679,Reference LP file: benchmark_dataset/Variant27/reference/model.lp
L,,Mixture,"Prepare the produce order for the CENTRAL_FRESH supermarket. Choose an integer number of cases of each product to maximize the net return from this order. The supplied tables describe the current plan; use their rows directly. The item rows give unit_benefit_cents and item_fee_cents: earn the former per unit and pay the latter once for any positive quantity. Use 1000 ml per liter, 60 minutes per hour and 1000 wh per kwh when comparing resource use with capacity. Only authorized=1 options can be ordered. Quantities are nonnegative integers: zero, or minimum_lot through maximum_order. For each resource, total per-unit usage times quantities must fit the signed sum of capacity_ledger entries. Meet every category minimum_quantity and maximum_quantity, and pay its activation_fee_cents once if any option is ordered. Do not select both members of an incompatible pair. An ordered item must have its requires prerequisite ordered as well; no quantity ratio applies. A bundle earns bonus_cents once only when both options have positive quantities; an unauthorized option cannot trigger a bonus. Report the maximum net benefit in USD cents. All fixed fees and bonuses are in the same unit.","benchmark_dataset/Variant28/inputs/batch_01/export_01.csv
benchmark_dataset/Variant28/inputs/batch_02/export_02.csv
benchmark_dataset/Variant28/inputs/batch_03/export_03.csv
benchmark_dataset/Variant28/inputs/batch_04/export_04.csv
benchmark_dataset/Variant28/inputs/batch_05/export_05.csv
benchmark_dataset/Variant28/inputs/batch_06/export_06.csv
benchmark_dataset/Variant28/inputs/batch_01/export_07.csv
benchmark_dataset/Variant28/inputs/batch_02/export_08.csv
benchmark_dataset/Variant28/inputs/batch_03/export_09.csv",45493,Reference LP file: benchmark_dataset/Variant28/reference/model.lp
L,,Mixture,"The bakery needs an order for its next production run. How many units of each bread option should it order to earn the highest net benefit within the available storage, staff time and energy? The supplied tables describe the current plan; use their rows directly. The item rows give unit_benefit_cents and item_fee_cents: earn the former per unit and pay the latter once for any positive quantity. Use 1000 ml per liter, 60 minutes per hour and 1000 wh per kwh when comparing resource use with capacity. Only authorized=1 options can be ordered. Quantities are nonnegative integers: zero, or minimum_lot through maximum_order. For each resource, total per-unit usage times quantities must fit the signed sum of capacity_ledger entries. Meet every category minimum_quantity and maximum_quantity, and pay its activation_fee_cents once if any option is ordered. Do not select both members of an incompatible pair. An ordered item must have its requires prerequisite ordered as well; no quantity ratio applies. A bundle earns bonus_cents once only when both options have positive quantities; an unauthorized option cannot trigger a bonus. Report the maximum net benefit in USD cents. All fixed fees and bonuses are in the same unit.","benchmark_dataset/Variant29/inputs/batch_01/export_01.csv
benchmark_dataset/Variant29/inputs/batch_02/export_02.csv
benchmark_dataset/Variant29/inputs/batch_03/export_03.csv
benchmark_dataset/Variant29/inputs/batch_04/export_04.csv
benchmark_dataset/Variant29/inputs/batch_05/export_05.csv
benchmark_dataset/Variant29/inputs/batch_06/export_06.csv
benchmark_dataset/Variant29/inputs/batch_01/export_07.csv
benchmark_dataset/Variant29/inputs/batch_02/export_08.csv
benchmark_dataset/Variant29/inputs/batch_03/export_09.csv",75637,Reference LP file: benchmark_dataset/Variant29/reference/model.lp
L,,Mixture,"A vehicle dealer is reconciling its inventory records before placing an order. For business unit NORTH, use the records effective on or before 2026-03-12 and find the replenishment quantities with the highest net return. For each (tenant, table, record_id), exclude future events, keep the highest integer revision and discard the record if that revision is DELETE. Identical retransmissions count once. This selection rule applies to every table before joining or summing records. The benefit rows contain signed amount_cents components; sum them for each item to obtain its per-unit benefit. Deduct item_fee once for each option with positive quantity. Use 1000 ml per liter, 60 minutes per hour and 1000 wh per kwh when comparing resource use with capacity. An authorized option may be rejected or accepted in an integer lot between minimum_lot and maximum_order; unauthorized options must have zero quantity. The signed capacity_ledger total is the limit for each resource, and usage is per ordered unit. Category quantity limits are unconditional. The category activation fee is charged once when that category is used. Respect all incompatible pairs and requires dependencies: the latter require a positive prerequisite quantity, not a quantity ratio. Award each bundle bonus once when both options are ordered, and zero otherwise, including when either option is unauthorized. Report the maximum net benefit in USD cents. All fixed fees and bonuses are in the same unit.","benchmark_dataset/Variant30/inputs/batch_01/export_01.csv
benchmark_dataset/Variant30/inputs/batch_02/export_02.csv
benchmark_dataset/Variant30/inputs/batch_03/export_03.csv
benchmark_dataset/Variant30/inputs/batch_04/export_04.csv
benchmark_dataset/Variant30/inputs/batch_05/export_05.csv
benchmark_dataset/Variant30/inputs/batch_06/export_06.csv
benchmark_dataset/Variant30/inputs/batch_01/export_07.csv
benchmark_dataset/Variant30/inputs/batch_02/export_08.csv
benchmark_dataset/Variant30/inputs/batch_03/export_09.csv
benchmark_dataset/Variant30/inputs/batch_04/export_10.csv
benchmark_dataset/Variant30/inputs/batch_05/export_11.csv
benchmark_dataset/Variant30/inputs/batch_06/export_12.csv
benchmark_dataset/Variant30/inputs/batch_01/export_13.csv
benchmark_dataset/Variant30/inputs/batch_02/export_14.csv
benchmark_dataset/Variant30/inputs/batch_03/export_15.csv
benchmark_dataset/Variant30/inputs/batch_04/export_16.csv
benchmark_dataset/Variant30/inputs/batch_05/export_17.csv
benchmark_dataset/Variant30/inputs/batch_06/export_18.csv
benchmark_dataset/Variant30/inputs/batch_01/export_19.csv
benchmark_dataset/Variant30/inputs/batch_02/export_20.csv
benchmark_dataset/Variant30/inputs/batch_03/export_21.csv
benchmark_dataset/Variant30/inputs/batch_04/export_22.csv
benchmark_dataset/Variant30/inputs/batch_05/export_23.csv
benchmark_dataset/Variant30/inputs/batch_06/export_24.csv",62408,Reference LP file: benchmark_dataset/Variant30/reference/model.lp
M,,Mixture,"RIVERSIDE_AUTO has received vehicle offers. Select quantities of the offered configurations for its next delivery, maximizing the total contribution after fixed preparation charges. The supplied tables describe the current plan; use their rows directly. The item rows give unit_benefit_cents and item_fee_cents: earn the former per unit and pay the latter once for any positive quantity. The usage amounts and capacity_ledger amounts are already in matching base units for each resource. An authorized option may be rejected or accepted in an integer lot between minimum_lot and maximum_order; unauthorized options must have zero quantity. The signed capacity_ledger total is the limit for each resource, and usage is per ordered unit. Category quantity limits are unconditional. The category activation fee is charged once when that category is used. Respect all incompatible pairs and requires dependencies: the latter require a positive prerequisite quantity, not a quantity ratio. Award each bundle bonus once when both options are ordered, and zero otherwise, including when either option is unauthorized. Report the maximum net benefit in USD cents. All fixed fees and bonuses are in the same unit.","benchmark_dataset/Variant31/inputs/batch_01/export_01.csv
benchmark_dataset/Variant31/inputs/batch_02/export_02.csv
benchmark_dataset/Variant31/inputs/batch_03/export_03.csv
benchmark_dataset/Variant31/inputs/batch_04/export_04.csv
benchmark_dataset/Variant31/inputs/batch_05/export_05.csv
benchmark_dataset/Variant31/inputs/batch_06/export_06.csv
benchmark_dataset/Variant31/inputs/batch_01/export_07.csv
benchmark_dataset/Variant31/inputs/batch_02/export_08.csv
benchmark_dataset/Variant31/inputs/batch_03/export_09.csv",71822,Reference LP file: benchmark_dataset/Variant31/reference/model.lp
S,,Mixture,"The Oslo dealership is reviewing a multi-currency replenishment proposal. Recover the valid OSLO_NEW_CARS records as of 2026-05-07, then find the vehicle order with the largest net benefit. For each (dealership_id, table, record_id), exclude future events, keep the highest integer revision and discard the record if that revision is DELETE. Identical retransmissions count once. This selection rule applies to every table before joining or summing records. For each item, sum the signed benefit components after converting amount * usd_cents_numerator / denominator using fx. This is the benefit per unit in USD cents. Deduct item_fee once for each option with positive quantity. Use 1000 ml per liter, 60 minutes per hour and 1000 wh per kwh when comparing resource use with capacity. An authorized option may be rejected or accepted in an integer lot between minimum_lot and maximum_order; unauthorized options must have zero quantity. The signed capacity_ledger total is the limit for each resource, and usage is per ordered unit. Category quantity limits are unconditional. The category activation fee is charged once when that category is used. Respect all incompatible pairs and requires dependencies: the latter require a positive prerequisite quantity, not a quantity ratio. Award each bundle bonus once when both options are ordered, and zero otherwise, including when either option is unauthorized. Report the maximum net benefit in USD cents. All fixed fees and bonuses are in the same unit.","benchmark_dataset/Variant32/inputs/batch_01/export_01.csv
benchmark_dataset/Variant32/inputs/batch_02/export_02.csv
benchmark_dataset/Variant32/inputs/batch_03/export_03.csv
benchmark_dataset/Variant32/inputs/batch_04/export_04.csv
benchmark_dataset/Variant32/inputs/batch_05/export_05.csv
benchmark_dataset/Variant32/inputs/batch_06/export_06.csv
benchmark_dataset/Variant32/inputs/batch_01/export_07.csv
benchmark_dataset/Variant32/inputs/batch_02/export_08.csv
benchmark_dataset/Variant32/inputs/batch_03/export_09.csv
benchmark_dataset/Variant32/inputs/batch_04/export_10.csv
benchmark_dataset/Variant32/inputs/batch_05/export_11.csv
benchmark_dataset/Variant32/inputs/batch_06/export_12.csv
benchmark_dataset/Variant32/inputs/batch_01/export_13.csv
benchmark_dataset/Variant32/inputs/batch_02/export_14.csv
benchmark_dataset/Variant32/inputs/batch_03/export_15.csv
benchmark_dataset/Variant32/inputs/batch_04/export_16.csv
benchmark_dataset/Variant32/inputs/batch_05/export_17.csv
benchmark_dataset/Variant32/inputs/batch_06/export_18.csv
benchmark_dataset/Variant32/inputs/batch_01/export_19.csv
benchmark_dataset/Variant32/inputs/batch_02/export_20.csv
benchmark_dataset/Variant32/inputs/batch_03/export_21.csv
benchmark_dataset/Variant32/inputs/batch_04/export_22.csv
benchmark_dataset/Variant32/inputs/batch_05/export_23.csv
benchmark_dataset/Variant32/inputs/batch_06/export_24.csv
benchmark_dataset/Variant32/inputs/batch_01/export_25.csv",58405,Reference LP file: benchmark_dataset/Variant32/reference/model.lp
M,,Mixture,"Choose a portfolio of standardized development modules in New York. Each item is an indivisible module option. Maximize the portfolio return after setup charges, subject to construction-material storage, labor and energy availability. The supplied tables describe the current plan; use their rows directly. The benefit rows contain signed amount_cents components; sum them for each item to obtain its per-unit benefit. Deduct item_fee once for each option with positive quantity. The usage amounts and capacity_ledger amounts are already in matching base units for each resource. Choose zero for unauthorized options. For any other option, choose zero or an integer from minimum_lot to maximum_order. Sum the signed capacity_ledger entries separately by resource; the total usage of that resource must stay within this amount. Across all options, each category must meet its lower and upper quantity limits; category activation_fee_cents is deducted once if used. The incompatible table forbids joint selection, while requires means positive quantity of item_ref needs positive quantity of prerequisite_ref, without proportional quantities. Each bundle row contributes bonus_cents once if both options are selected; if either is unselected or unauthorized the bonus is zero. Report the maximum net benefit in USD cents. All fixed fees and bonuses are in the same unit.","benchmark_dataset/Variant33/inputs/batch_01/export_01.csv
benchmark_dataset/Variant33/inputs/batch_02/export_02.csv
benchmark_dataset/Variant33/inputs/batch_03/export_03.csv
benchmark_dataset/Variant33/inputs/batch_04/export_04.csv
benchmark_dataset/Variant33/inputs/batch_05/export_05.csv
benchmark_dataset/Variant33/inputs/batch_06/export_06.csv
benchmark_dataset/Variant33/inputs/batch_01/export_07.csv
benchmark_dataset/Variant33/inputs/batch_02/export_08.csv
benchmark_dataset/Variant33/inputs/batch_03/export_09.csv
benchmark_dataset/Variant33/inputs/batch_04/export_10.csv
benchmark_dataset/Variant33/inputs/batch_05/export_11.csv
benchmark_dataset/Variant33/inputs/batch_06/export_12.csv
benchmark_dataset/Variant33/inputs/batch_01/export_13.csv",63831,Reference LP file: benchmark_dataset/Variant33/reference/model.lp
M,,Mixture,"Stock the three display sections of MARKET_SQUARE. Each item_ref is a product-and-section option identified by location_id. Determine the number of packs to display in each option, maximizing net merchandising benefit. Each section has its own capacity; unused space cannot be transferred to another section. The supplied tables describe the current plan; use their rows directly. The benefit rows contain signed amount_cents components; sum them for each item to obtain its per-unit benefit. Deduct item_fee once for each option with positive quantity. Convert liters to ml using 1000 ml per liter. Choose zero for unauthorized options. For any other option, choose zero or an integer from minimum_lot to maximum_order. Sum the signed capacity_ledger entries separately by resource; the total usage of that resource must stay within this amount. Across all options, each category must meet its lower and upper quantity limits; category activation_fee_cents is deducted once if used. The incompatible table forbids joint selection, while requires means positive quantity of item_ref needs positive quantity of prerequisite_ref, without proportional quantities. Each bundle row contributes bonus_cents once if both options are selected; if either is unselected or unauthorized the bonus is zero. Report the maximum net benefit in USD cents. All fixed fees and bonuses are in the same unit.","benchmark_dataset/Variant34/inputs/batch_01/export_01.csv
benchmark_dataset/Variant34/inputs/batch_02/export_02.csv
benchmark_dataset/Variant34/inputs/batch_03/export_03.csv
benchmark_dataset/Variant34/inputs/batch_04/export_04.csv
benchmark_dataset/Variant34/inputs/batch_05/export_05.csv
benchmark_dataset/Variant34/inputs/batch_06/export_06.csv
benchmark_dataset/Variant34/inputs/batch_01/export_07.csv
benchmark_dataset/Variant34/inputs/batch_02/export_08.csv
benchmark_dataset/Variant34/inputs/batch_03/export_09.csv
benchmark_dataset/Variant34/inputs/batch_04/export_10.csv
benchmark_dataset/Variant34/inputs/batch_05/export_11.csv
benchmark_dataset/Variant34/inputs/batch_06/export_12.csv
benchmark_dataset/Variant34/inputs/batch_01/export_13.csv",98866,Reference LP file: benchmark_dataset/Variant34/reference/model.lp
L,,Mixture,"Allocate licensed game-edition packages to PC, CONSOLE and MOBILE. Each item_ref is one edition-and-platform option, with its platform in location_id. Maximize the licensing return after fees. Memory capacity is separate for each platform and cannot be pooled. The supplied tables describe the current plan; use their rows directly. For each item, sum the signed benefit components after converting amount * usd_cents_numerator / denominator using fx. This is the benefit per unit in USD cents. Deduct item_fee once for each option with positive quantity. Convert GB to MB using 1000 MB per GB. Choose zero for unauthorized options. For any other option, choose zero or an integer from minimum_lot to maximum_order. Sum the signed capacity_ledger entries separately by resource; the total usage of that resource must stay within this amount. Across all options, each category must meet its lower and upper quantity limits; category activation_fee_cents is deducted once if used. The incompatible table forbids joint selection, while requires means positive quantity of item_ref needs positive quantity of prerequisite_ref, without proportional quantities. Each bundle row contributes bonus_cents once if both options are selected; if either is unselected or unauthorized the bonus is zero. Report the maximum net benefit in USD cents. All fixed fees and bonuses are in the same unit.","benchmark_dataset/Variant35/inputs/batch_01/export_01.csv
benchmark_dataset/Variant35/inputs/batch_02/export_02.csv
benchmark_dataset/Variant35/inputs/batch_03/export_03.csv
benchmark_dataset/Variant35/inputs/batch_04/export_04.csv
benchmark_dataset/Variant35/inputs/batch_05/export_05.csv
benchmark_dataset/Variant35/inputs/batch_06/export_06.csv
benchmark_dataset/Variant35/inputs/batch_01/export_07.csv
benchmark_dataset/Variant35/inputs/batch_02/export_08.csv
benchmark_dataset/Variant35/inputs/batch_03/export_09.csv
benchmark_dataset/Variant35/inputs/batch_04/export_10.csv
benchmark_dataset/Variant35/inputs/batch_05/export_11.csv
benchmark_dataset/Variant35/inputs/batch_06/export_12.csv",101796,Reference LP file: benchmark_dataset/Variant35/reference/model.lp
L,,Mixture,"Plan air-conditioner placement at FC_EAST_HVAC. Each item_ref represents a model assigned to the storage area in location_id. Choose the integer quantities that maximize net value. Each area has its own volume limit and cannot borrow capacity from another area. The supplied tables describe the current plan; use their rows directly. The item rows give unit_benefit_cents and item_fee_cents: earn the former per unit and pay the latter once for any positive quantity. The usage amounts and capacity_ledger amounts are already in matching base units for each resource. Choose zero for unauthorized options. For any other option, choose zero or an integer from minimum_lot to maximum_order. Sum the signed capacity_ledger entries separately by resource; the total usage of that resource must stay within this amount. Across all options, each category must meet its lower and upper quantity limits; category activation_fee_cents is deducted once if used. The incompatible table forbids joint selection, while requires means positive quantity of item_ref needs positive quantity of prerequisite_ref, without proportional quantities. Each bundle row contributes bonus_cents once if both options are selected; if either is unselected or unauthorized the bonus is zero. Report the maximum net benefit in USD cents. All fixed fees and bonuses are in the same unit.","benchmark_dataset/Variant36/inputs/batch_01/export_01.csv
benchmark_dataset/Variant36/inputs/batch_02/export_02.csv
benchmark_dataset/Variant36/inputs/batch_03/export_03.csv
benchmark_dataset/Variant36/inputs/batch_04/export_04.csv
benchmark_dataset/Variant36/inputs/batch_05/export_05.csv
benchmark_dataset/Variant36/inputs/batch_06/export_06.csv
benchmark_dataset/Variant36/inputs/batch_01/export_07.csv
benchmark_dataset/Variant36/inputs/batch_02/export_08.csv
benchmark_dataset/Variant36/inputs/batch_03/export_09.csv
benchmark_dataset/Variant36/inputs/batch_04/export_10.csv
benchmark_dataset/Variant36/inputs/batch_05/export_11.csv",89823,Reference LP file: benchmark_dataset/Variant36/reference/model.lp
,,Mixture,"A manufacturing company plans production of a seasonal appliance over a 24-month horizon. The planning data are provided in monthly_lot_sizing.csv, including each month's demand, unit production cost, fixed setup cost, unit inventory holding cost, and ProductionCapacity. The ProductionCapacity column represents the maximum number of units that can be produced in that month; it is not an inventory storage capacity. Initial inventory is zero, unmet demand is not allowed, and the plan must end with zero inventory after month 24.

Formulate a mixed-integer lot-sizing model. For each month t, define x_t as the production quantity, I_t as the ending inventory, and y_t as a binary variable equal to 1 if production is set up in month t and 0 otherwise. The objective is to minimize the total cost, including production costs, fixed setup costs, and inventory holding costs. The model should include monthly inventory-balance constraints, production-capacity/setup-linking constraints, the final zero-inventory requirement, nonnegativity constraints for production and inventory, and binary restrictions for the setup variables.",benchmark_dataset/Variant1/inputs/monthly_lot_sizing.csv,60345,"    Minimize
    obj: 18 x_M01 + 900 y_M01 + 1.1 inv_M01 + 20 x_M02 + 1100 y_M02 + 1.2 inv_M02 + 19 x_M03
      + 950 y_M03 + inv_M03 + 21 x_M04 + 1200 y_M04 + 1.3 inv_M04 + 18 x_M05 + 850 y_M05
      + 1.1 inv_M05 + 22 x_M06 + 1300 y_M06 + 1.4 inv_M06 + 20 x_M07 + 1000 y_M07 + 1.2 inv_M07
      + 19 x_M08 + 900 y_M08 + inv_M08 + 23 x_M09 + 1400 y_M09 + 1.5 inv_M09 + 21 x_M10 + 1150 y_M10
      + 1.2 inv_M10 + 20 x_M11 + 1000 y_M11 + 1.1 inv_M11 + 18 x_M12 + 850 y_M12 + inv_M12
      + 19 x_M13 + 950 y_M13 + 1.1 inv_M13 + 22 x_M14 + 1250 y_M14 + 1.4 inv_M14 + 21 x_M15
      + 1150 y_M15 + 1.2 inv_M15 + 20 x_M16 + 1050 y_M16 + 1.1 inv_M16 + 18 x_M17 + 800 y_M17
      + inv_M17 + 23 x_M18 + 1350 y_M18 + 1.5 inv_M18 + 21 x_M19 + 1100 y_M19 + 1.2 inv_M19
      + 19 x_M20 + 950 y_M20 + 1.1 inv_M20 + 22 x_M21 + 1200 y_M21 + 1.3 inv_M21 + 18 x_M22
      + 850 y_M22 + inv_M22 + 20 x_M23 + 1000 y_M23 + 1.2 inv_M23 + 21 x_M24 + 1100 y_M24
    Subject To
    demand_balance_M01: x_M01 - inv_M01 = 80
    demand_balance_M02: inv_M01 + x_M02 - inv_M02 = 120
    demand_balance_M03: inv_M02 + x_M03 - inv_M03 = 60
    demand_balance_M04: inv_M03 + x_M04 - inv_M04 = 150
    demand_balance_M05: inv_M04 + x_M05 - inv_M05 = 90
    demand_balance_M06: inv_M05 + x_M06 - inv_M06 = 110
    demand_balance_M07: inv_M06 + x_M07 - inv_M07 = 140
    demand_balance_M08: inv_M07 + x_M08 - inv_M08 = 70
    demand_balance_M09: inv_M08 + x_M09 - inv_M09 = 160
    demand_balance_M10: inv_M09 + x_M10 - inv_M10 = 100
    demand_balance_M11: inv_M10 + x_M11 - inv_M11 = 130
    demand_balance_M12: inv_M11 + x_M12 - inv_M12 = 85
    demand_balance_M13: inv_M12 + x_M13 - inv_M13 = 115
    demand_balance_M14: inv_M13 + x_M14 - inv_M14 = 95
    demand_balance_M15: inv_M14 + x_M15 - inv_M15 = 145
    demand_balance_M16: inv_M15 + x_M16 - inv_M16 = 105
    demand_balance_M17: inv_M16 + x_M17 - inv_M17 = 75
    demand_balance_M18: inv_M17 + x_M18 - inv_M18 = 155
    demand_balance_M19: inv_M18 + x_M19 - inv_M19 = 125
    demand_balance_M20: inv_M19 + x_M20 - inv_M20 = 90
    demand_balance_M21: inv_M20 + x_M21 - inv_M21 = 135
    demand_balance_M22: inv_M21 + x_M22 - inv_M22 = 65
    demand_balance_M23: inv_M22 + x_M23 - inv_M23 = 150
    demand_balance_M24: inv_M23 + x_M24 - inv_M24 = 110
    setup_capacity_M01: x_M01 - 420 y_M01 <= 0
    setup_capacity_M02: x_M02 - 360 y_M02 <= 0
    setup_capacity_M03: x_M03 - 380 y_M03 <= 0
    setup_capacity_M04: x_M04 - 420 y_M04 <= 0
    setup_capacity_M05: x_M05 - 350 y_M05 <= 0
    setup_capacity_M06: x_M06 - 430 y_M06 <= 0
    setup_capacity_M07: x_M07 - 390 y_M07 <= 0
    setup_capacity_M08: x_M08 - 360 y_M08 <= 0
    setup_capacity_M09: x_M09 - 440 y_M09 <= 0
    setup_capacity_M10: x_M10 - 400 y_M10 <= 0
    setup_capacity_M11: x_M11 - 380 y_M11 <= 0
    setup_capacity_M12: x_M12 - 350 y_M12 <= 0
    setup_capacity_M13: x_M13 - 390 y_M13 <= 0
    setup_capacity_M14: x_M14 - 430 y_M14 <= 0
    setup_capacity_M15: x_M15 - 410 y_M15 <= 0
    setup_capacity_M16: x_M16 - 370 y_M16 <= 0
    setup_capacity_M17: x_M17 - 360 y_M17 <= 0
    setup_capacity_M18: x_M18 - 440 y_M18 <= 0
    setup_capacity_M19: x_M19 - 400 y_M19 <= 0
    setup_capacity_M20: x_M20 - 360 y_M20 <= 0
    setup_capacity_M21: x_M21 - 420 y_M21 <= 0
    setup_capacity_M22: x_M22 - 350 y_M22 <= 0
    setup_capacity_M23: x_M23 - 430 y_M23 <= 0
    setup_capacity_M24: x_M24 - 390 y_M24 <= 0
    ending_inventory: inv_M24 = 0
    Bounds
    x_M01 >= 0
    x_M02 >= 0
    x_M03 >= 0
    x_M04 >= 0
    x_M05 >= 0
    x_M06 >= 0
    x_M07 >= 0
    x_M08 >= 0
    x_M09 >= 0
    x_M10 >= 0
    x_M11 >= 0
    x_M12 >= 0
    x_M13 >= 0
    x_M14 >= 0
    x_M15 >= 0
    x_M16 >= 0
    x_M17 >= 0
    x_M18 >= 0
    x_M19 >= 0
    x_M20 >= 0
    x_M21 >= 0
    x_M22 >= 0
    x_M23 >= 0
    x_M24 >= 0
    inv_M01 >= 0
    inv_M02 >= 0
    inv_M03 >= 0
    inv_M04 >= 0
    inv_M05 >= 0
    inv_M06 >= 0
    inv_M07 >= 0
    inv_M08 >= 0
    inv_M09 >= 0
    inv_M10 >= 0
    inv_M11 >= 0
    inv_M12 >= 0
    inv_M13 >= 0
    inv_M14 >= 0
    inv_M15 >= 0
    inv_M16 >= 0
    inv_M17 >= 0
    inv_M18 >= 0
    inv_M19 >= 0
    inv_M20 >= 0
    inv_M21 >= 0
    inv_M22 >= 0
    inv_M23 >= 0
    inv_M24 >= 0
    Binaries
    y_M01 y_M02 y_M03 y_M04 y_M05 y_M06 y_M07 y_M08 y_M09 y_M10 y_M11 y_M12 y_M13 y_M14 y_M15 y_M16
    y_M17 y_M18 y_M19 y_M20 y_M21 y_M22 y_M23 y_M24
    End"
,,Mixture,"A regional distributor ships products from several suppliers to several retail customers. The available supply capacity of each supplier is given in supplier_capacity.csv, and the demand of each customer is given in customer_demand.csv. The per-unit transportation cost from each supplier to each customer is given in route_variable_costs.csv. In addition, using a supplier-customer route incurs a fixed route activation cost, given in route_fixed_costs.csv, whenever any positive amount is shipped on that route.

Formulate a mixed-integer fixed-charge transportation model. For each supplier i and customer j, define x_ij as the quantity shipped from supplier i to customer j, and y_ij as a binary variable equal to 1 if route i-j is used and 0 otherwise. The objective is to minimize the sum of variable transportation costs and fixed route activation costs. The model should satisfy every customer's demand, ensure that total shipments from each supplier do not exceed its supply capacity, link shipment quantities to route-activation decisions, impose nonnegativity on shipment variables, and impose binary restrictions on the route-use variables.","benchmark_dataset/Variant2/inputs/supplier_capacity.csv
benchmark_dataset/Variant2/inputs/customer_demand.csv
benchmark_dataset/Variant2/inputs/route_variable_costs.csv
benchmark_dataset/Variant2/inputs/route_fixed_costs.csv",10770,"    Minimize
    obj: 4 x_S1_C1 + 420 y_S1_C1 + 5 x_S1_C2 + 450 y_S1_C2 + 32 x_S1_C3 + 980 y_S1_C3 + 35 x_S1_C4
      + 1050 y_S1_C4 + 34 x_S1_C5 + 1010 y_S1_C5 + 36 x_S1_C6 + 1080 y_S1_C6 + 31 x_S1_C7
      + 990 y_S1_C7 + 33 x_S1_C8 + 1040 y_S1_C8 + 37 x_S1_C9 + 1120 y_S1_C9 + 35 x_S1_C10
      + 1060 y_S1_C10 + 34 x_S1_C11 + 1030 y_S1_C11 + 36 x_S1_C12 + 1090 y_S1_C12 + 33 x_S2_C1
      + 1020 y_S2_C1 + 31 x_S2_C2 + 990 y_S2_C2 + 6 x_S2_C3 + 480 y_S2_C3 + 5 x_S2_C4 + 460 y_S2_C4
      + 35 x_S2_C5 + 1070 y_S2_C5 + 34 x_S2_C6 + 1040 y_S2_C6 + 36 x_S2_C7 + 1100 y_S2_C7
      + 32 x_S2_C8 + 1010 y_S2_C8 + 34 x_S2_C9 + 1050 y_S2_C9 + 37 x_S2_C10 + 1130 y_S2_C10
      + 35 x_S2_C11 + 1080 y_S2_C11 + 33 x_S2_C12 + 1000 y_S2_C12 + 34 x_S3_C1 + 1040 y_S3_C1
      + 36 x_S3_C2 + 1090 y_S3_C2 + 33 x_S3_C3 + 1010 y_S3_C3 + 31 x_S3_C4 + 980 y_S3_C4 + 4 x_S3_C5
      + 500 y_S3_C5 + 7 x_S3_C6 + 530 y_S3_C6 + 35 x_S3_C7 + 1060 y_S3_C7 + 37 x_S3_C8
      + 1110 y_S3_C8 + 32 x_S3_C9 + 990 y_S3_C9 + 34 x_S3_C10 + 1030 y_S3_C10 + 36 x_S3_C11
      + 1100 y_S3_C11 + 35 x_S3_C12 + 1060 y_S3_C12 + 36 x_S4_C1 + 1100 y_S4_C1 + 34 x_S4_C2
      + 1040 y_S4_C2 + 35 x_S4_C3 + 1080 y_S4_C3 + 33 x_S4_C4 + 1010 y_S4_C4 + 32 x_S4_C5
      + 980 y_S4_C5 + 35 x_S4_C6 + 1050 y_S4_C6 + 5 x_S4_C7 + 410 y_S4_C7 + 6 x_S4_C8 + 440 y_S4_C8
      + 37 x_S4_C9 + 1120 y_S4_C9 + 31 x_S4_C10 + 970 y_S4_C10 + 34 x_S4_C11 + 1030 y_S4_C11
      + 36 x_S4_C12 + 1090 y_S4_C12 + 35 x_S5_C1 + 1060 y_S5_C1 + 37 x_S5_C2 + 1120 y_S5_C2
      + 34 x_S5_C3 + 1040 y_S5_C3 + 36 x_S5_C4 + 1090 y_S5_C4 + 33 x_S5_C5 + 1000 y_S5_C5
      + 31 x_S5_C6 + 970 y_S5_C6 + 32 x_S5_C7 + 990 y_S5_C7 + 35 x_S5_C8 + 1060 y_S5_C8 + 4 x_S5_C9
      + 470 y_S5_C9 + 5 x_S5_C10 + 430 y_S5_C10 + 37 x_S5_C11 + 1130 y_S5_C11 + 34 x_S5_C12
      + 1040 y_S5_C12 + 37 x_S6_C1 + 1120 y_S6_C1 + 35 x_S6_C2 + 1060 y_S6_C2 + 36 x_S6_C3
      + 1100 y_S6_C3 + 34 x_S6_C4 + 1040 y_S6_C4 + 35 x_S6_C5 + 1070 y_S6_C5 + 33 x_S6_C6
      + 1010 y_S6_C6 + 34 x_S6_C7 + 1030 y_S6_C7 + 32 x_S6_C8 + 980 y_S6_C8 + 36 x_S6_C9
      + 1090 y_S6_C9 + 31 x_S6_C10 + 970 y_S6_C10 + 6 x_S6_C11 + 490 y_S6_C11 + 4 x_S6_C12
      + 420 y_S6_C12
    Subject To
    demand_C1: x_S1_C1 + x_S2_C1 + x_S3_C1 + x_S4_C1 + x_S5_C1 + x_S6_C1 >= 80
    demand_C2: x_S1_C2 + x_S2_C2 + x_S3_C2 + x_S4_C2 + x_S5_C2 + x_S6_C2 >= 110
    demand_C3: x_S1_C3 + x_S2_C3 + x_S3_C3 + x_S4_C3 + x_S5_C3 + x_S6_C3 >= 70
    demand_C4: x_S1_C4 + x_S2_C4 + x_S3_C4 + x_S4_C4 + x_S5_C4 + x_S6_C4 >= 90
    demand_C5: x_S1_C5 + x_S2_C5 + x_S3_C5 + x_S4_C5 + x_S5_C5 + x_S6_C5 >= 120
    demand_C6: x_S1_C6 + x_S2_C6 + x_S3_C6 + x_S4_C6 + x_S5_C6 + x_S6_C6 >= 95
    demand_C7: x_S1_C7 + x_S2_C7 + x_S3_C7 + x_S4_C7 + x_S5_C7 + x_S6_C7 >= 60
    demand_C8: x_S1_C8 + x_S2_C8 + x_S3_C8 + x_S4_C8 + x_S5_C8 + x_S6_C8 >= 85
    demand_C9: x_S1_C9 + x_S2_C9 + x_S3_C9 + x_S4_C9 + x_S5_C9 + x_S6_C9 >= 100
    demand_C10: x_S1_C10 + x_S2_C10 + x_S3_C10 + x_S4_C10 + x_S5_C10 + x_S6_C10 >= 75
    demand_C11: x_S1_C11 + x_S2_C11 + x_S3_C11 + x_S4_C11 + x_S5_C11 + x_S6_C11 >= 90
    demand_C12: x_S1_C12 + x_S2_C12 + x_S3_C12 + x_S4_C12 + x_S5_C12 + x_S6_C12 >= 65
    supply_S1: x_S1_C1 + x_S1_C2 + x_S1_C3 + x_S1_C4 + x_S1_C5 + x_S1_C6 + x_S1_C7 + x_S1_C8
      + x_S1_C9 + x_S1_C10 + x_S1_C11 + x_S1_C12 <= 210
    supply_S2: x_S2_C1 + x_S2_C2 + x_S2_C3 + x_S2_C4 + x_S2_C5 + x_S2_C6 + x_S2_C7 + x_S2_C8
      + x_S2_C9 + x_S2_C10 + x_S2_C11 + x_S2_C12 <= 180
    supply_S3: x_S3_C1 + x_S3_C2 + x_S3_C3 + x_S3_C4 + x_S3_C5 + x_S3_C6 + x_S3_C7 + x_S3_C8
      + x_S3_C9 + x_S3_C10 + x_S3_C11 + x_S3_C12 <= 230
    supply_S4: x_S4_C1 + x_S4_C2 + x_S4_C3 + x_S4_C4 + x_S4_C5 + x_S4_C6 + x_S4_C7 + x_S4_C8
      + x_S4_C9 + x_S4_C10 + x_S4_C11 + x_S4_C12 <= 160
    supply_S5: x_S5_C1 + x_S5_C2 + x_S5_C3 + x_S5_C4 + x_S5_C5 + x_S5_C6 + x_S5_C7 + x_S5_C8
      + x_S5_C9 + x_S5_C10 + x_S5_C11 + x_S5_C12 <= 200
    supply_S6: x_S6_C1 + x_S6_C2 + x_S6_C3 + x_S6_C4 + x_S6_C5 + x_S6_C6 + x_S6_C7 + x_S6_C8
      + x_S6_C9 + x_S6_C10 + x_S6_C11 + x_S6_C12 <= 170
    route_link_S1_C1: x_S1_C1 - 80 y_S1_C1 <= 0
    route_link_S1_C2: x_S1_C2 - 110 y_S1_C2 <= 0
    route_link_S1_C3: x_S1_C3 - 70 y_S1_C3 <= 0
    route_link_S1_C4: x_S1_C4 - 90 y_S1_C4 <= 0
    route_link_S1_C5: x_S1_C5 - 120 y_S1_C5 <= 0
    route_link_S1_C6: x_S1_C6 - 95 y_S1_C6 <= 0
    route_link_S1_C7: x_S1_C7 - 60 y_S1_C7 <= 0
    route_link_S1_C8: x_S1_C8 - 85 y_S1_C8 <= 0
    route_link_S1_C9: x_S1_C9 - 100 y_S1_C9 <= 0
    route_link_S1_C10: x_S1_C10 - 75 y_S1_C10 <= 0
    route_link_S1_C11: x_S1_C11 - 90 y_S1_C11 <= 0
    route_link_S1_C12: x_S1_C12 - 65 y_S1_C12 <= 0
    route_link_S2_C1: x_S2_C1 - 80 y_S2_C1 <= 0
    route_link_S2_C2: x_S2_C2 - 110 y_S2_C2 <= 0
    route_link_S2_C3: x_S2_C3 - 70 y_S2_C3 <= 0
    route_link_S2_C4: x_S2_C4 - 90 y_S2_C4 <= 0
    route_link_S2_C5: x_S2_C5 - 120 y_S2_C5 <= 0
    route_link_S2_C6: x_S2_C6 - 95 y_S2_C6 <= 0
    route_link_S2_C7: x_S2_C7 - 60 y_S2_C7 <= 0
    route_link_S2_C8: x_S2_C8 - 85 y_S2_C8 <= 0
    route_link_S2_C9: x_S2_C9 - 100 y_S2_C9 <= 0
    route_link_S2_C10: x_S2_C10 - 75 y_S2_C10 <= 0
    route_link_S2_C11: x_S2_C11 - 90 y_S2_C11 <= 0
    route_link_S2_C12: x_S2_C12 - 65 y_S2_C12 <= 0
    route_link_S3_C1: x_S3_C1 - 80 y_S3_C1 <= 0
    route_link_S3_C2: x_S3_C2 - 110 y_S3_C2 <= 0
    route_link_S3_C3: x_S3_C3 - 70 y_S3_C3 <= 0
    route_link_S3_C4: x_S3_C4 - 90 y_S3_C4 <= 0
    route_link_S3_C5: x_S3_C5 - 120 y_S3_C5 <= 0
    route_link_S3_C6: x_S3_C6 - 95 y_S3_C6 <= 0
    route_link_S3_C7: x_S3_C7 - 60 y_S3_C7 <= 0
    route_link_S3_C8: x_S3_C8 - 85 y_S3_C8 <= 0
    route_link_S3_C9: x_S3_C9 - 100 y_S3_C9 <= 0
    route_link_S3_C10: x_S3_C10 - 75 y_S3_C10 <= 0
    route_link_S3_C11: x_S3_C11 - 90 y_S3_C11 <= 0
    route_link_S3_C12: x_S3_C12 - 65 y_S3_C12 <= 0
    route_link_S4_C1: x_S4_C1 - 80 y_S4_C1 <= 0
    route_link_S4_C2: x_S4_C2 - 110 y_S4_C2 <= 0
    route_link_S4_C3: x_S4_C3 - 70 y_S4_C3 <= 0
    route_link_S4_C4: x_S4_C4 - 90 y_S4_C4 <= 0
    route_link_S4_C5: x_S4_C5 - 120 y_S4_C5 <= 0
    route_link_S4_C6: x_S4_C6 - 95 y_S4_C6 <= 0
    route_link_S4_C7: x_S4_C7 - 60 y_S4_C7 <= 0
    route_link_S4_C8: x_S4_C8 - 85 y_S4_C8 <= 0
    route_link_S4_C9: x_S4_C9 - 100 y_S4_C9 <= 0
    route_link_S4_C10: x_S4_C10 - 75 y_S4_C10 <= 0
    route_link_S4_C11: x_S4_C11 - 90 y_S4_C11 <= 0
    route_link_S4_C12: x_S4_C12 - 65 y_S4_C12 <= 0
    route_link_S5_C1: x_S5_C1 - 80 y_S5_C1 <= 0
    route_link_S5_C2: x_S5_C2 - 110 y_S5_C2 <= 0
    route_link_S5_C3: x_S5_C3 - 70 y_S5_C3 <= 0
    route_link_S5_C4: x_S5_C4 - 90 y_S5_C4 <= 0
    route_link_S5_C5: x_S5_C5 - 120 y_S5_C5 <= 0
    route_link_S5_C6: x_S5_C6 - 95 y_S5_C6 <= 0
    route_link_S5_C7: x_S5_C7 - 60 y_S5_C7 <= 0
    route_link_S5_C8: x_S5_C8 - 85 y_S5_C8 <= 0
    route_link_S5_C9: x_S5_C9 - 100 y_S5_C9 <= 0
    route_link_S5_C10: x_S5_C10 - 75 y_S5_C10 <= 0
    route_link_S5_C11: x_S5_C11 - 90 y_S5_C11 <= 0
    route_link_S5_C12: x_S5_C12 - 65 y_S5_C12 <= 0
    route_link_S6_C1: x_S6_C1 - 80 y_S6_C1 <= 0
    route_link_S6_C2: x_S6_C2 - 110 y_S6_C2 <= 0
    route_link_S6_C3: x_S6_C3 - 70 y_S6_C3 <= 0
    route_link_S6_C4: x_S6_C4 - 90 y_S6_C4 <= 0
    route_link_S6_C5: x_S6_C5 - 120 y_S6_C5 <= 0
    route_link_S6_C6: x_S6_C6 - 95 y_S6_C6 <= 0
    route_link_S6_C7: x_S6_C7 - 60 y_S6_C7 <= 0
    route_link_S6_C8: x_S6_C8 - 85 y_S6_C8 <= 0
    route_link_S6_C9: x_S6_C9 - 100 y_S6_C9 <= 0
    route_link_S6_C10: x_S6_C10 - 75 y_S6_C10 <= 0
    route_link_S6_C11: x_S6_C11 - 90 y_S6_C11 <= 0
    route_link_S6_C12: x_S6_C12 - 65 y_S6_C12 <= 0
    Bounds
    x_S1_C1 >= 0
    x_S1_C2 >= 0
    x_S1_C3 >= 0
    x_S1_C4 >= 0
    x_S1_C5 >= 0
    x_S1_C6 >= 0
    x_S1_C7 >= 0
    x_S1_C8 >= 0
    x_S1_C9 >= 0
    x_S1_C10 >= 0
    x_S1_C11 >= 0
    x_S1_C12 >= 0
    x_S2_C1 >= 0
    x_S2_C2 >= 0
    x_S2_C3 >= 0
    x_S2_C4 >= 0
    x_S2_C5 >= 0
    x_S2_C6 >= 0
    x_S2_C7 >= 0
    x_S2_C8 >= 0
    x_S2_C9 >= 0
    x_S2_C10 >= 0
    x_S2_C11 >= 0
    x_S2_C12 >= 0
    x_S3_C1 >= 0
    x_S3_C2 >= 0
    x_S3_C3 >= 0
    x_S3_C4 >= 0
    x_S3_C5 >= 0
    x_S3_C6 >= 0
    x_S3_C7 >= 0
    x_S3_C8 >= 0
    x_S3_C9 >= 0
    x_S3_C10 >= 0
    x_S3_C11 >= 0
    x_S3_C12 >= 0
    x_S4_C1 >= 0
    x_S4_C2 >= 0
    x_S4_C3 >= 0
    x_S4_C4 >= 0
    x_S4_C5 >= 0
    x_S4_C6 >= 0
    x_S4_C7 >= 0
    x_S4_C8 >= 0
    x_S4_C9 >= 0
    x_S4_C10 >= 0
    x_S4_C11 >= 0
    x_S4_C12 >= 0
    x_S5_C1 >= 0
    x_S5_C2 >= 0
    x_S5_C3 >= 0
    x_S5_C4 >= 0
    x_S5_C5 >= 0
    x_S5_C6 >= 0
    x_S5_C7 >= 0
    x_S5_C8 >= 0
    x_S5_C9 >= 0
    x_S5_C10 >= 0
    x_S5_C11 >= 0
    x_S5_C12 >= 0
    x_S6_C1 >= 0
    x_S6_C2 >= 0
    x_S6_C3 >= 0
    x_S6_C4 >= 0
    x_S6_C5 >= 0
    x_S6_C6 >= 0
    x_S6_C7 >= 0
    x_S6_C8 >= 0
    x_S6_C9 >= 0
    x_S6_C10 >= 0
    x_S6_C11 >= 0
    x_S6_C12 >= 0
    Binaries
    y_S1_C1 y_S1_C2 y_S1_C3 y_S1_C4 y_S1_C5 y_S1_C6 y_S1_C7 y_S1_C8 y_S1_C9 y_S1_C10 y_S1_C11
    y_S1_C12 y_S2_C1 y_S2_C2 y_S2_C3 y_S2_C4 y_S2_C5 y_S2_C6 y_S2_C7 y_S2_C8 y_S2_C9 y_S2_C10
    y_S2_C11 y_S2_C12 y_S3_C1 y_S3_C2 y_S3_C3 y_S3_C4 y_S3_C5 y_S3_C6 y_S3_C7 y_S3_C8 y_S3_C9
    y_S3_C10 y_S3_C11 y_S3_C12 y_S4_C1 y_S4_C2 y_S4_C3 y_S4_C4 y_S4_C5 y_S4_C6 y_S4_C7 y_S4_C8
    y_S4_C9 y_S4_C10 y_S4_C11 y_S4_C12 y_S5_C1 y_S5_C2 y_S5_C3 y_S5_C4 y_S5_C5 y_S5_C6 y_S5_C7
    y_S5_C8 y_S5_C9 y_S5_C10 y_S5_C11 y_S5_C12 y_S6_C1 y_S6_C2 y_S6_C3 y_S6_C4 y_S6_C5 y_S6_C6
    y_S6_C7 y_S6_C8 y_S6_C9 y_S6_C10 y_S6_C11 y_S6_C12
    End"
,,Others -Project crashing,"A construction firm is planning a project made up of multiple activities with precedence relationships. The activity data are provided in project_activities.csv, including each activity's immediate predecessors, normal duration, shortest crash duration, and crash cost per day. The project deadline is provided in project_parameters.csv. The firm may reduce an activity's duration by paying the corresponding crash cost per day, but no activity can be shortened below its crash duration.

Formulate a mixed-integer project-crashing model. For each activity i, define s_i as the start time and z_i as the integer number of days by which activity i is crashed. Define T as the project completion time. The objective is to minimize total crashing cost. The model should include precedence constraints using the crashed activity durations, bounds on each crashing variable, project-completion constraints for all activities, the project deadline constraint, nonnegativity constraints for start times, and integer restrictions for the crashing variables.","benchmark_dataset/Variant3/inputs/project_activities.csv
benchmark_dataset/Variant3/inputs/project_parameters.csv",1020,"    Minimize
    obj: 300 z_A + 250 z_B + 180 z_C + 220 z_D + 160 z_E + 140 z_F + 210 z_G + 190 z_H + 170 z_I
      + 260 z_J + 150 z_K + 320 z_L
    Subject To
    precedence_A_C: s_C - s_A + z_A >= 6
    precedence_A_D: s_D - s_A + z_A >= 6
    precedence_B_E: s_E - s_B + z_B >= 5
    precedence_B_F: s_F - s_B + z_B >= 5
    precedence_C_G: s_G - s_C + z_C >= 7
    precedence_D_G: s_G - s_D + z_D >= 4
    precedence_D_H: s_H - s_D + z_D >= 4
    precedence_E_H: s_H - s_E + z_E >= 6
    precedence_F_I: s_I - s_F + z_F >= 8
    precedence_G_J: s_J - s_G + z_G >= 5
    precedence_H_J: s_J - s_H + z_H >= 7
    precedence_H_K: s_K - s_H + z_H >= 7
    precedence_I_K: s_K - s_I + z_I >= 6
    precedence_J_L: s_L - s_J + z_J >= 4
    precedence_K_L: s_L - s_K + z_K >= 5
    completion_A: T - s_A + z_A >= 6
    completion_B: T - s_B + z_B >= 5
    completion_C: T - s_C + z_C >= 7
    completion_D: T - s_D + z_D >= 4
    completion_E: T - s_E + z_E >= 6
    completion_F: T - s_F + z_F >= 8
    completion_G: T - s_G + z_G >= 5
    completion_H: T - s_H + z_H >= 7
    completion_I: T - s_I + z_I >= 6
    completion_J: T - s_J + z_J >= 4
    completion_K: T - s_K + z_K >= 5
    completion_L: T - s_L + z_L >= 3
    project_deadline: T <= 23
    Bounds
    s_A >= 0
    s_B >= 0
    s_C >= 0
    s_D >= 0
    s_E >= 0
    s_F >= 0
    s_G >= 0
    s_H >= 0
    s_I >= 0
    s_J >= 0
    s_K >= 0
    s_L >= 0
    T >= 0
    0 <= z_A <= 2
    0 <= z_B <= 1
    0 <= z_C <= 3
    0 <= z_D <= 1
    0 <= z_E <= 2
    0 <= z_F <= 3
    0 <= z_G <= 2
    0 <= z_H <= 3
    0 <= z_I <= 2
    0 <= z_J <= 1
    0 <= z_K <= 2
    0 <= z_L <= 1
    Generals
    z_A z_B z_C z_D z_E z_F z_G z_H z_I z_J z_K z_L
    End"
,,Others -Set covering,"A city wants to choose emergency service centers so that all demand districts are covered. Candidate center data are provided in service_centers.csv, including each center's opening cost and the districts that can be covered from that center. The full set of districts that must be covered is listed in districts.csv.

Formulate a binary set-covering model. For each candidate center i, define y_i as a binary variable equal to 1 if center i is opened and 0 otherwise. The objective is to minimize total opening cost. The model should include coverage constraints requiring every district to be covered by at least one opened center and binary restrictions on all opening variables.","benchmark_dataset/Variant4/inputs/service_centers.csv
benchmark_dataset/Variant4/inputs/districts.csv",52,"    Minimize
    obj: 12 y_SC1 + 15 y_SC2 + 18 y_SC3 + 10 y_SC4 + 14 y_SC5 + 13 y_SC6 + 16 y_SC7 + 11 y_SC8
    Subject To
    cover_D1: y_SC1 + y_SC7 >= 1
    cover_D2: y_SC1 + y_SC2 >= 1
    cover_D3: y_SC2 + y_SC8 >= 1
    cover_D4: y_SC1 + y_SC3 + y_SC8 >= 1
    cover_D5: y_SC2 + y_SC3 >= 1
    cover_D6: y_SC3 + y_SC4 >= 1
    cover_D7: y_SC4 + y_SC5 >= 1
    cover_D8: y_SC5 + y_SC6 + y_SC8 >= 1
    cover_D9: y_SC6 + y_SC7 >= 1
    cover_D10: y_SC5 + y_SC7 >= 1
    Binaries
    y_SC1 y_SC2 y_SC3 y_SC4 y_SC5 y_SC6 y_SC7 y_SC8
    End"
,,Mixture,"A maintenance company must assign a set of jobs to technician teams. The processing capacity of each team is listed in machine_capacity.csv. The cost of assigning each job to each team is provided in assignment_costs.csv, and the amount of team capacity consumed by each possible assignment is provided in assignment_resources.csv. Jobs are labeled J1 through J8 in the assignment data.

Formulate a generalized assignment model. For each team i and job j, define x_ij as a binary variable equal to 1 if job j is assigned to team i and 0 otherwise. The objective is to minimize total assignment cost. The model should assign every job to exactly one team, ensure that the total capacity consumed on each team does not exceed its available capacity, and impose binary restrictions on all assignment variables.","benchmark_dataset/Variant5/inputs/machine_capacity.csv
benchmark_dataset/Variant5/inputs/assignment_costs.csv
benchmark_dataset/Variant5/inputs/assignment_resources.csv",56,"    Minimize
    obj: 8 x_M1_J1 + 7 x_M1_J2 + 25 x_M1_J3 + 24 x_M1_J4 + 27 x_M1_J5 + 26 x_M1_J6 + 28 x_M1_J7
      + 29 x_M1_J8 + 23 x_M2_J1 + 24 x_M2_J2 + 6 x_M2_J3 + 9 x_M2_J4 + 25 x_M2_J5 + 27 x_M2_J6
      + 26 x_M2_J7 + 28 x_M2_J8 + 27 x_M3_J1 + 26 x_M3_J2 + 24 x_M3_J3 + 25 x_M3_J4 + 5 x_M3_J5
      + 8 x_M3_J6 + 23 x_M3_J7 + 24 x_M3_J8 + 25 x_M4_J1 + 27 x_M4_J2 + 26 x_M4_J3 + 24 x_M4_J4
      + 23 x_M4_J5 + 25 x_M4_J6 + 6 x_M4_J7 + 7 x_M4_J8
    Subject To
    assign_J1: x_M1_J1 + x_M2_J1 + x_M3_J1 + x_M4_J1 = 1
    assign_J2: x_M1_J2 + x_M2_J2 + x_M3_J2 + x_M4_J2 = 1
    assign_J3: x_M1_J3 + x_M2_J3 + x_M3_J3 + x_M4_J3 = 1
    assign_J4: x_M1_J4 + x_M2_J4 + x_M3_J4 + x_M4_J4 = 1
    assign_J5: x_M1_J5 + x_M2_J5 + x_M3_J5 + x_M4_J5 = 1
    assign_J6: x_M1_J6 + x_M2_J6 + x_M3_J6 + x_M4_J6 = 1
    assign_J7: x_M1_J7 + x_M2_J7 + x_M3_J7 + x_M4_J7 = 1
    assign_J8: x_M1_J8 + x_M2_J8 + x_M3_J8 + x_M4_J8 = 1
    capacity_M1: 5 x_M1_J1 + 6 x_M1_J2 + 8 x_M1_J3 + 7 x_M1_J4 + 9 x_M1_J5 + 8 x_M1_J6 + 7 x_M1_J7
      + 7 x_M1_J8 <= 13
    capacity_M2: 8 x_M2_J1 + 7 x_M2_J2 + 4 x_M2_J3 + 7 x_M2_J4 + 8 x_M2_J5 + 9 x_M2_J6 + 8 x_M2_J7
      + 7 x_M2_J8 <= 12
    capacity_M3: 9 x_M3_J1 + 8 x_M3_J2 + 7 x_M3_J3 + 8 x_M3_J4 + 6 x_M3_J5 + 5 x_M3_J6 + 8 x_M3_J7
      + 7 x_M3_J8 <= 12
    capacity_M4: 8 x_M4_J1 + 8 x_M4_J2 + 7 x_M4_J3 + 8 x_M4_J4 + 8 x_M4_J5 + 7 x_M4_J6 + 5 x_M4_J7
      + 6 x_M4_J8 <= 12
    Binaries
    x_M1_J1 x_M1_J2 x_M1_J3 x_M1_J4 x_M1_J5 x_M1_J6 x_M1_J7 x_M1_J8 x_M2_J1 x_M2_J2 x_M2_J3 x_M2_J4
    x_M2_J5 x_M2_J6 x_M2_J7 x_M2_J8 x_M3_J1 x_M3_J2 x_M3_J3 x_M3_J4 x_M3_J5 x_M3_J6 x_M3_J7 x_M3_J8
    x_M4_J1 x_M4_J2 x_M4_J3 x_M4_J4 x_M4_J5 x_M4_J6 x_M4_J7 x_M4_J8
    End"
,,Others -Multi-choice knapsack,"A retailer is designing a promotional bundle composed of one option from each product family. The value, shelf weight, and budget usage of each option are given in option_catalog.csv. The overall shelf-weight and budget limits are given in resource_limits.csv.

Formulate a binary multi-choice knapsack model. For each family f and option o, define x_fo as a binary variable equal to 1 if option o is selected for family f and 0 otherwise. The objective is to maximize total bundle value. The model should select exactly one option from each family, satisfy the total weight and budget limits, and impose binary restrictions on all selection variables.","benchmark_dataset/Variant6/inputs/option_catalog.csv
benchmark_dataset/Variant6/inputs/resource_limits.csv",186,"    Maximize
    obj: 28 x_F1_O1 + 34 x_F1_O2 + 30 x_F1_O3 + 24 x_F1_O4 + 25 x_F2_O1 + 31 x_F2_O2 + 36 x_F2_O3
      + 29 x_F2_O4 + 33 x_F3_O1 + 27 x_F3_O2 + 38 x_F3_O3 + 30 x_F3_O4 + 26 x_F4_O1 + 35 x_F4_O2
      + 32 x_F4_O3 + 28 x_F4_O4 + 30 x_F5_O1 + 37 x_F5_O2 + 29 x_F5_O3 + 34 x_F5_O4 + 24 x_F6_O1
      + 32 x_F6_O2 + 36 x_F6_O3 + 31 x_F6_O4
    Subject To
    choose_F1: x_F1_O1 + x_F1_O2 + x_F1_O3 + x_F1_O4 = 1
    choose_F2: x_F2_O1 + x_F2_O2 + x_F2_O3 + x_F2_O4 = 1
    choose_F3: x_F3_O1 + x_F3_O2 + x_F3_O3 + x_F3_O4 = 1
    choose_F4: x_F4_O1 + x_F4_O2 + x_F4_O3 + x_F4_O4 = 1
    choose_F5: x_F5_O1 + x_F5_O2 + x_F5_O3 + x_F5_O4 = 1
    choose_F6: x_F6_O1 + x_F6_O2 + x_F6_O3 + x_F6_O4 = 1
    weight_limit: 8 x_F1_O1 + 11 x_F1_O2 + 9 x_F1_O3 + 7 x_F1_O4 + 7 x_F2_O1 + 10 x_F2_O2
      + 12 x_F2_O3 + 9 x_F2_O4 + 10 x_F3_O1 + 8 x_F3_O2 + 13 x_F3_O3 + 9 x_F3_O4 + 6 x_F4_O1
      + 11 x_F4_O2 + 10 x_F4_O3 + 8 x_F4_O4 + 9 x_F5_O1 + 12 x_F5_O2 + 8 x_F5_O3 + 11 x_F5_O4
      + 7 x_F6_O1 + 10 x_F6_O2 + 12 x_F6_O3 + 9 x_F6_O4 <= 55
    budget_limit: 10 x_F1_O1 + 13 x_F1_O2 + 12 x_F1_O3 + 9 x_F1_O4 + 9 x_F2_O1 + 12 x_F2_O2
      + 14 x_F2_O3 + 11 x_F2_O4 + 12 x_F3_O1 + 10 x_F3_O2 + 15 x_F3_O3 + 11 x_F3_O4 + 8 x_F4_O1
      + 13 x_F4_O2 + 12 x_F4_O3 + 10 x_F4_O4 + 11 x_F5_O1 + 14 x_F5_O2 + 10 x_F5_O3 + 13 x_F5_O4
      + 9 x_F6_O1 + 12 x_F6_O2 + 14 x_F6_O3 + 11 x_F6_O4 <= 70
    Binaries
    x_F1_O1 x_F1_O2 x_F1_O3 x_F1_O4 x_F2_O1 x_F2_O2 x_F2_O3 x_F2_O4 x_F3_O1 x_F3_O2 x_F3_O3 x_F3_O4
    x_F4_O1 x_F4_O2 x_F4_O3 x_F4_O4 x_F5_O1 x_F5_O2 x_F5_O3 x_F5_O4 x_F6_O1 x_F6_O2 x_F6_O3 x_F6_O4
    End"
,,Mixture,"A distribution network ships goods from source plants to customers through intermediate cross-dock hubs. Source supplies and customer demands are listed in node_supply_demand.csv, hub throughput capacities are listed in hub_capacity.csv, and per-unit transportation costs for source-to-hub and hub-to-customer arcs are listed in arc_costs.csv. The total shipments out of each source may not exceed its available supply; unused source supply is allowed.

Formulate a minimum-cost transshipment model. For each directed arc i-j, define f_ij as the nonnegative shipment flow on that arc. The objective is to minimize total transportation cost. The model should include source supply upper-bound constraints, customer demand constraints, flow-balance constraints at each hub, hub throughput-capacity constraints, and nonnegativity constraints for all arc-flow variables.","benchmark_dataset/Variant7/inputs/node_supply_demand.csv
benchmark_dataset/Variant7/inputs/hub_capacity.csv
benchmark_dataset/Variant7/inputs/arc_costs.csv",1790,"    Minimize
    obj: 2 f_S1_H1 + 6 f_S1_H2 + 4 f_S2_H1 + 3 f_S2_H2 + 7 f_S3_H1 + 2 f_S3_H2 + 3 f_H1_C1
      + 4 f_H1_C2 + 7 f_H1_C3 + 8 f_H1_C4 + 8 f_H2_C1 + 6 f_H2_C2 + 3 f_H2_C3 + 4 f_H2_C4
    Subject To
    source_supply_S1: f_S1_H1 + f_S1_H2 <= 120
    source_supply_S2: f_S2_H1 + f_S2_H2 <= 100
    source_supply_S3: f_S3_H1 + f_S3_H2 <= 90
    customer_demand_C1: f_H1_C1 + f_H2_C1 >= 70
    customer_demand_C2: f_H1_C2 + f_H2_C2 >= 80
    customer_demand_C3: f_H1_C3 + f_H2_C3 >= 60
    customer_demand_C4: f_H1_C4 + f_H2_C4 >= 90
    hub_balance_H1: f_S1_H1 + f_S2_H1 + f_S3_H1 - f_H1_C1 - f_H1_C2 - f_H1_C3 - f_H1_C4 = 0
    hub_balance_H2: f_S1_H2 + f_S2_H2 + f_S3_H2 - f_H2_C1 - f_H2_C2 - f_H2_C3 - f_H2_C4 = 0
    hub_throughput_H1: f_S1_H1 + f_S2_H1 + f_S3_H1 <= 170
    hub_throughput_H2: f_S1_H2 + f_S2_H2 + f_S3_H2 <= 160
    Bounds
    f_S1_H1 >= 0
    f_S1_H2 >= 0
    f_S2_H1 >= 0
    f_S2_H2 >= 0
    f_S3_H1 >= 0
    f_S3_H2 >= 0
    f_H1_C1 >= 0
    f_H1_C2 >= 0
    f_H1_C3 >= 0
    f_H1_C4 >= 0
    f_H2_C1 >= 0
    f_H2_C2 >= 0
    f_H2_C3 >= 0
    f_H2_C4 >= 0
    End"
,,UFLP,"A public health agency wants to choose a fixed number of clinic sites to serve neighborhood demand. Neighborhood demand is given in neighborhood_demand.csv, travel distances from candidate clinics to neighborhoods are given in clinic_distance.csv, and the number of clinics that must be opened is given in planning_parameters.csv.

Formulate a p-median location model. For each candidate clinic i, define y_i as a binary variable equal to 1 if clinic i is opened. For each clinic i and neighborhood j, define x_ij as a binary variable equal to 1 if neighborhood j is assigned to clinic i. The objective is to minimize total demand-weighted travel distance. The model should assign every neighborhood to exactly one clinic, open exactly the required number of clinics, link assignments to opened clinics, and impose binary restrictions on all variables.","benchmark_dataset/Variant8/inputs/neighborhood_demand.csv
benchmark_dataset/Variant8/inputs/clinic_distance.csv
benchmark_dataset/Variant8/inputs/planning_parameters.csv",1095,"    Minimize
    obj: 60 x_K1_N1 + 135 x_K1_N2 + 225 x_K1_N3 + 500 x_K1_N4 + 440 x_K1_N5 + 420 x_K1_N6
      + 715 x_K1_N7 + 280 x_K1_N8 + 900 x_K1_N9 + 480 x_K1_N10 + 90 x_K2_N1 + 90 x_K2_N2
      + 200 x_K2_N3 + 450 x_K2_N4 + 400 x_K2_N5 + 385 x_K2_N6 + 660 x_K2_N7 + 260 x_K2_N8
      + 840 x_K2_N9 + 450 x_K2_N10 + 300 x_K3_N1 + 405 x_K3_N2 + 50 x_K3_N3 + 150 x_K3_N4
      + 160 x_K3_N5 + 315 x_K3_N6 + 550 x_K3_N7 + 220 x_K3_N8 + 720 x_K3_N9 + 390 x_K3_N10
      + 330 x_K4_N1 + 450 x_K4_N2 + 75 x_K4_N3 + 100 x_K4_N4 + 200 x_K4_N5 + 280 x_K4_N6
      + 495 x_K4_N7 + 200 x_K4_N8 + 660 x_K4_N9 + 360 x_K4_N10 + 390 x_K5_N1 + 540 x_K5_N2
      + 250 x_K5_N3 + 450 x_K5_N4 + 320 x_K5_N5 + 70 x_K5_N6 + 165 x_K5_N7 + 80 x_K5_N8
      + 480 x_K5_N9 + 270 x_K5_N10 + 420 x_K6_N1 + 585 x_K6_N2 + 275 x_K6_N3 + 500 x_K6_N4
      + 360 x_K6_N5 + 105 x_K6_N6 + 110 x_K6_N7 + 100 x_K6_N8 + 180 x_K6_N9 + 60 x_K6_N10
    Subject To
    assign_N1: x_K1_N1 + x_K2_N1 + x_K3_N1 + x_K4_N1 + x_K5_N1 + x_K6_N1 = 1
    assign_N2: x_K1_N2 + x_K2_N2 + x_K3_N2 + x_K4_N2 + x_K5_N2 + x_K6_N2 = 1
    assign_N3: x_K1_N3 + x_K2_N3 + x_K3_N3 + x_K4_N3 + x_K5_N3 + x_K6_N3 = 1
    assign_N4: x_K1_N4 + x_K2_N4 + x_K3_N4 + x_K4_N4 + x_K5_N4 + x_K6_N4 = 1
    assign_N5: x_K1_N5 + x_K2_N5 + x_K3_N5 + x_K4_N5 + x_K5_N5 + x_K6_N5 = 1
    assign_N6: x_K1_N6 + x_K2_N6 + x_K3_N6 + x_K4_N6 + x_K5_N6 + x_K6_N6 = 1
    assign_N7: x_K1_N7 + x_K2_N7 + x_K3_N7 + x_K4_N7 + x_K5_N7 + x_K6_N7 = 1
    assign_N8: x_K1_N8 + x_K2_N8 + x_K3_N8 + x_K4_N8 + x_K5_N8 + x_K6_N8 = 1
    assign_N9: x_K1_N9 + x_K2_N9 + x_K3_N9 + x_K4_N9 + x_K5_N9 + x_K6_N9 = 1
    assign_N10: x_K1_N10 + x_K2_N10 + x_K3_N10 + x_K4_N10 + x_K5_N10 + x_K6_N10 = 1
    open_count: y_K1 + y_K2 + y_K3 + y_K4 + y_K5 + y_K6 = 3
    assign_open_link_K1_N1: x_K1_N1 - y_K1 <= 0
    assign_open_link_K1_N2: x_K1_N2 - y_K1 <= 0
    assign_open_link_K1_N3: x_K1_N3 - y_K1 <= 0
    assign_open_link_K1_N4: x_K1_N4 - y_K1 <= 0
    assign_open_link_K1_N5: x_K1_N5 - y_K1 <= 0
    assign_open_link_K1_N6: x_K1_N6 - y_K1 <= 0
    assign_open_link_K1_N7: x_K1_N7 - y_K1 <= 0
    assign_open_link_K1_N8: x_K1_N8 - y_K1 <= 0
    assign_open_link_K1_N9: x_K1_N9 - y_K1 <= 0
    assign_open_link_K1_N10: x_K1_N10 - y_K1 <= 0
    assign_open_link_K2_N1: x_K2_N1 - y_K2 <= 0
    assign_open_link_K2_N2: x_K2_N2 - y_K2 <= 0
    assign_open_link_K2_N3: x_K2_N3 - y_K2 <= 0
    assign_open_link_K2_N4: x_K2_N4 - y_K2 <= 0
    assign_open_link_K2_N5: x_K2_N5 - y_K2 <= 0
    assign_open_link_K2_N6: x_K2_N6 - y_K2 <= 0
    assign_open_link_K2_N7: x_K2_N7 - y_K2 <= 0
    assign_open_link_K2_N8: x_K2_N8 - y_K2 <= 0
    assign_open_link_K2_N9: x_K2_N9 - y_K2 <= 0
    assign_open_link_K2_N10: x_K2_N10 - y_K2 <= 0
    assign_open_link_K3_N1: x_K3_N1 - y_K3 <= 0
    assign_open_link_K3_N2: x_K3_N2 - y_K3 <= 0
    assign_open_link_K3_N3: x_K3_N3 - y_K3 <= 0
    assign_open_link_K3_N4: x_K3_N4 - y_K3 <= 0
    assign_open_link_K3_N5: x_K3_N5 - y_K3 <= 0
    assign_open_link_K3_N6: x_K3_N6 - y_K3 <= 0
    assign_open_link_K3_N7: x_K3_N7 - y_K3 <= 0
    assign_open_link_K3_N8: x_K3_N8 - y_K3 <= 0
    assign_open_link_K3_N9: x_K3_N9 - y_K3 <= 0
    assign_open_link_K3_N10: x_K3_N10 - y_K3 <= 0
    assign_open_link_K4_N1: x_K4_N1 - y_K4 <= 0
    assign_open_link_K4_N2: x_K4_N2 - y_K4 <= 0
    assign_open_link_K4_N3: x_K4_N3 - y_K4 <= 0
    assign_open_link_K4_N4: x_K4_N4 - y_K4 <= 0
    assign_open_link_K4_N5: x_K4_N5 - y_K4 <= 0
    assign_open_link_K4_N6: x_K4_N6 - y_K4 <= 0
    assign_open_link_K4_N7: x_K4_N7 - y_K4 <= 0
    assign_open_link_K4_N8: x_K4_N8 - y_K4 <= 0
    assign_open_link_K4_N9: x_K4_N9 - y_K4 <= 0
    assign_open_link_K4_N10: x_K4_N10 - y_K4 <= 0
    assign_open_link_K5_N1: x_K5_N1 - y_K5 <= 0
    assign_open_link_K5_N2: x_K5_N2 - y_K5 <= 0
    assign_open_link_K5_N3: x_K5_N3 - y_K5 <= 0
    assign_open_link_K5_N4: x_K5_N4 - y_K5 <= 0
    assign_open_link_K5_N5: x_K5_N5 - y_K5 <= 0
    assign_open_link_K5_N6: x_K5_N6 - y_K5 <= 0
    assign_open_link_K5_N7: x_K5_N7 - y_K5 <= 0
    assign_open_link_K5_N8: x_K5_N8 - y_K5 <= 0
    assign_open_link_K5_N9: x_K5_N9 - y_K5 <= 0
    assign_open_link_K5_N10: x_K5_N10 - y_K5 <= 0
    assign_open_link_K6_N1: x_K6_N1 - y_K6 <= 0
    assign_open_link_K6_N2: x_K6_N2 - y_K6 <= 0
    assign_open_link_K6_N3: x_K6_N3 - y_K6 <= 0
    assign_open_link_K6_N4: x_K6_N4 - y_K6 <= 0
    assign_open_link_K6_N5: x_K6_N5 - y_K6 <= 0
    assign_open_link_K6_N6: x_K6_N6 - y_K6 <= 0
    assign_open_link_K6_N7: x_K6_N7 - y_K6 <= 0
    assign_open_link_K6_N8: x_K6_N8 - y_K6 <= 0
    assign_open_link_K6_N9: x_K6_N9 - y_K6 <= 0
    assign_open_link_K6_N10: x_K6_N10 - y_K6 <= 0
    Binaries
    y_K1 y_K2 y_K3 y_K4 y_K5 y_K6 x_K1_N1 x_K1_N2 x_K1_N3 x_K1_N4 x_K1_N5 x_K1_N6 x_K1_N7 x_K1_N8
    x_K1_N9 x_K1_N10 x_K2_N1 x_K2_N2 x_K2_N3 x_K2_N4 x_K2_N5 x_K2_N6 x_K2_N7 x_K2_N8 x_K2_N9
    x_K2_N10 x_K3_N1 x_K3_N2 x_K3_N3 x_K3_N4 x_K3_N5 x_K3_N6 x_K3_N7 x_K3_N8 x_K3_N9 x_K3_N10
    x_K4_N1 x_K4_N2 x_K4_N3 x_K4_N4 x_K4_N5 x_K4_N6 x_K4_N7 x_K4_N8 x_K4_N9 x_K4_N10 x_K5_N1 x_K5_N2
    x_K5_N3 x_K5_N4 x_K5_N5 x_K5_N6 x_K5_N7 x_K5_N8 x_K5_N9 x_K5_N10 x_K6_N1 x_K6_N2 x_K6_N3 x_K6_N4
    x_K6_N5 x_K6_N6 x_K6_N7 x_K6_N8 x_K6_N9 x_K6_N10
    End"
,,Others -Cutting stock,"A paper mill cuts standard rolls into smaller item types. The demand for each item type is provided in item_demand.csv. A set of feasible cutting patterns is provided in cutting_patterns.csv, where each pattern specifies how many units of each item type are produced by cutting one standard roll according to that pattern.

Formulate an integer cutting-stock pattern-selection model. For each cutting pattern p, define y_p as the integer number of standard rolls cut using pattern p. The objective is to minimize the total number of standard rolls used. The model should satisfy or exceed demand for every item type, impose nonnegativity on pattern-use variables, and require pattern-use variables to be integers.","benchmark_dataset/Variant9/inputs/item_demand.csv
benchmark_dataset/Variant9/inputs/cutting_patterns.csv",22,"    Minimize
    obj: y_P1 + y_P2 + y_P3 + y_P4 + y_P5 + y_P6 + y_P7 + y_P8 + y_P9
    Subject To
    demand_A: 4 y_P1 + 2 y_P5 + y_P6 + y_P8 + 2 y_P9 >= 24
    demand_B: 3 y_P2 + y_P5 + y_P7 + y_P8 >= 18
    demand_C: 2 y_P3 + y_P6 + y_P8 >= 12
    demand_D: 2 y_P4 + y_P7 + y_P9 >= 10
    Bounds
    y_P1 >= 0
    y_P2 >= 0
    y_P3 >= 0
    y_P4 >= 0
    y_P5 >= 0
    y_P6 >= 0
    y_P7 >= 0
    y_P8 >= 0
    y_P9 >= 0
    Generals
    y_P1 y_P2 y_P3 y_P4 y_P5 y_P6 y_P7 y_P8 y_P9
    End"
,,Others -Minimum spanning tree,"A utility company must build a least-cost communication backbone connecting all substations in a region. The complete node set is listed in network_nodes.csv, the available undirected links and their construction costs are given in network_edges.csv, and the root node used for the flow-based connectivity formulation is given in network_parameters.csv.

Formulate a minimum spanning tree network-design model. For each candidate link e, define y_e as a binary variable equal to 1 if link e is built and 0 otherwise. To enforce connectivity, define directed auxiliary flow variables f_ij on both directions of each candidate link, sending one unit of flow from the root to every other node. The objective is to minimize total construction cost. The model should select exactly n-1 links, where n is the number of nodes in network_nodes.csv, satisfy the flow-conservation connectivity constraints, link auxiliary flow to selected links, impose nonnegativity on flow variables, and impose binary restrictions on link-selection variables.","benchmark_dataset/Variant10/inputs/network_nodes.csv
benchmark_dataset/Variant10/inputs/network_edges.csv
benchmark_dataset/Variant10/inputs/network_parameters.csv",25,"    Minimize
    obj: 4 y_N1_N2 + 3 y_N1_N3 + 9 y_N1_N4 + 5 y_N2_N3 + 6 y_N2_N5 + 4 y_N3_N4 + 7 y_N3_N6
      + 2 y_N4_N6 + 8 y_N4_N7 + 3 y_N5_N6 + 10 y_N5_N8 + 4 y_N6_N7 + 6 y_N6_N8 + 5 y_N7_N8
    Subject To
    edge_count: y_N1_N2 + y_N1_N3 + y_N1_N4 + y_N2_N3 + y_N2_N5 + y_N3_N4 + y_N3_N6 + y_N4_N6
      + y_N4_N7 + y_N5_N6 + y_N5_N8 + y_N6_N7 + y_N6_N8 + y_N7_N8 = 7
    flow_balance_N1: f_N1_N2 - f_N2_N1 + f_N1_N3 - f_N3_N1 + f_N1_N4 - f_N4_N1 = 7
    flow_balance_N2: f_N1_N2 - f_N2_N1 - f_N2_N3 + f_N3_N2 - f_N2_N5 + f_N5_N2 = 1
    flow_balance_N3: f_N1_N3 - f_N3_N1 + f_N2_N3 - f_N3_N2 - f_N3_N4 + f_N4_N3 - f_N3_N6 + f_N6_N3
      = 1
    flow_balance_N4: f_N1_N4 - f_N4_N1 + f_N3_N4 - f_N4_N3 - f_N4_N6 + f_N6_N4 - f_N4_N7 + f_N7_N4
      = 1
    flow_balance_N5: f_N2_N5 - f_N5_N2 - f_N5_N6 + f_N6_N5 - f_N5_N8 + f_N8_N5 = 1
    flow_balance_N6: f_N3_N6 - f_N6_N3 + f_N4_N6 - f_N6_N4 + f_N5_N6 - f_N6_N5 - f_N6_N7 + f_N7_N6
      - f_N6_N8 + f_N8_N6 = 1
    flow_balance_N7: f_N4_N7 - f_N7_N4 + f_N6_N7 - f_N7_N6 - f_N7_N8 + f_N8_N7 = 1
    flow_balance_N8: f_N5_N8 - f_N8_N5 + f_N6_N8 - f_N8_N6 + f_N7_N8 - f_N8_N7 = 1
    flow_link_N1_N2: f_N1_N2 - 7 y_N1_N2 <= 0
    flow_link_N2_N1: f_N2_N1 - 7 y_N1_N2 <= 0
    flow_link_N1_N3: f_N1_N3 - 7 y_N1_N3 <= 0
    flow_link_N3_N1: f_N3_N1 - 7 y_N1_N3 <= 0
    flow_link_N1_N4: f_N1_N4 - 7 y_N1_N4 <= 0
    flow_link_N4_N1: f_N4_N1 - 7 y_N1_N4 <= 0
    flow_link_N2_N3: f_N2_N3 - 7 y_N2_N3 <= 0
    flow_link_N3_N2: f_N3_N2 - 7 y_N2_N3 <= 0
    flow_link_N2_N5: f_N2_N5 - 7 y_N2_N5 <= 0
    flow_link_N5_N2: f_N5_N2 - 7 y_N2_N5 <= 0
    flow_link_N3_N4: f_N3_N4 - 7 y_N3_N4 <= 0
    flow_link_N4_N3: f_N4_N3 - 7 y_N3_N4 <= 0
    flow_link_N3_N6: f_N3_N6 - 7 y_N3_N6 <= 0
    flow_link_N6_N3: f_N6_N3 - 7 y_N3_N6 <= 0
    flow_link_N4_N6: f_N4_N6 - 7 y_N4_N6 <= 0
    flow_link_N6_N4: f_N6_N4 - 7 y_N4_N6 <= 0
    flow_link_N4_N7: f_N4_N7 - 7 y_N4_N7 <= 0
    flow_link_N7_N4: f_N7_N4 - 7 y_N4_N7 <= 0
    flow_link_N5_N6: f_N5_N6 - 7 y_N5_N6 <= 0
    flow_link_N6_N5: f_N6_N5 - 7 y_N5_N6 <= 0
    flow_link_N5_N8: f_N5_N8 - 7 y_N5_N8 <= 0
    flow_link_N8_N5: f_N8_N5 - 7 y_N5_N8 <= 0
    flow_link_N6_N7: f_N6_N7 - 7 y_N6_N7 <= 0
    flow_link_N7_N6: f_N7_N6 - 7 y_N6_N7 <= 0
    flow_link_N6_N8: f_N6_N8 - 7 y_N6_N8 <= 0
    flow_link_N8_N6: f_N8_N6 - 7 y_N6_N8 <= 0
    flow_link_N7_N8: f_N7_N8 - 7 y_N7_N8 <= 0
    flow_link_N8_N7: f_N8_N7 - 7 y_N7_N8 <= 0
    Bounds
    f_N1_N2 >= 0
    f_N2_N1 >= 0
    f_N1_N3 >= 0
    f_N3_N1 >= 0
    f_N1_N4 >= 0
    f_N4_N1 >= 0
    f_N2_N3 >= 0
    f_N3_N2 >= 0
    f_N2_N5 >= 0
    f_N5_N2 >= 0
    f_N3_N4 >= 0
    f_N4_N3 >= 0
    f_N3_N6 >= 0
    f_N6_N3 >= 0
    f_N4_N6 >= 0
    f_N6_N4 >= 0
    f_N4_N7 >= 0
    f_N7_N4 >= 0
    f_N5_N6 >= 0
    f_N6_N5 >= 0
    f_N5_N8 >= 0
    f_N8_N5 >= 0
    f_N6_N7 >= 0
    f_N7_N6 >= 0
    f_N6_N8 >= 0
    f_N8_N6 >= 0
    f_N7_N8 >= 0
    f_N8_N7 >= 0
    Binaries
    y_N1_N2 y_N1_N3 y_N1_N4 y_N2_N3 y_N2_N5 y_N3_N4 y_N3_N6 y_N4_N6 y_N4_N7 y_N5_N6 y_N5_N8 y_N6_N7
    y_N6_N8 y_N7_N8
    End"
,,Mixture,"A manufacturer plans production of a seasonal spare part over 12 months. Monthly demand, unit production cost, setup cost, holding cost, and production capacity are listed in monthly_lot_sizing.csv. Initial inventory is zero, backlogging is not allowed, and ending inventory after the last month must be zero.

Formulate a minimum-cost capacitated lot-sizing model. For each month t, define x_t as the nonnegative production quantity, inv_t as the nonnegative ending inventory, and y_t as a binary setup variable equal to 1 if production occurs in month t. The objective is to minimize total production, setup, and holding cost. The model should include monthly inventory-balance constraints, production-capacity-to-setup linking constraints, the zero-ending-inventory constraint, nonnegativity constraints for production and inventory variables, and binary restrictions for setup variables.",benchmark_dataset/Variant11/inputs/monthly_lot_sizing.csv,29446.5,"    Minimize
    obj: 17 x_M01 + 760 y_M01 + inv_M01 + 18 x_M02 + 820 y_M02 + 1.1 inv_M02 + 20 x_M03 + 930 y_M03
      + 1.2 inv_M03 + 19 x_M04 + 780 y_M04 + inv_M04 + 21 x_M05 + 960 y_M05 + 1.3 inv_M05 + 22 x_M06
      + 1040 y_M06 + 1.4 inv_M06 + 18 x_M07 + 800 y_M07 + 1.1 inv_M07 + 20 x_M08 + 900 y_M08
      + 1.2 inv_M08 + 17 x_M09 + 740 y_M09 + inv_M09 + 23 x_M10 + 1100 y_M10 + 1.5 inv_M10
      + 19 x_M11 + 850 y_M11 + 1.1 inv_M11 + 21 x_M12 + 980 y_M12
    Subject To
    demand_balance_M01: x_M01 - inv_M01 = 95
    demand_balance_M02: inv_M01 + x_M02 - inv_M02 = 70
    demand_balance_M03: inv_M02 + x_M03 - inv_M03 = 130
    demand_balance_M04: inv_M03 + x_M04 - inv_M04 = 85
    demand_balance_M05: inv_M04 + x_M05 - inv_M05 = 115
    demand_balance_M06: inv_M05 + x_M06 - inv_M06 = 140
    demand_balance_M07: inv_M06 + x_M07 - inv_M07 = 90
    demand_balance_M08: inv_M07 + x_M08 - inv_M08 = 125
    demand_balance_M09: inv_M08 + x_M09 - inv_M09 = 75
    demand_balance_M10: inv_M09 + x_M10 - inv_M10 = 150
    demand_balance_M11: inv_M10 + x_M11 - inv_M11 = 105
    demand_balance_M12: inv_M11 + x_M12 - inv_M12 = 120
    setup_capacity_M01: x_M01 - 310 y_M01 <= 0
    setup_capacity_M02: x_M02 - 260 y_M02 <= 0
    setup_capacity_M03: x_M03 - 320 y_M03 <= 0
    setup_capacity_M04: x_M04 - 300 y_M04 <= 0
    setup_capacity_M05: x_M05 - 340 y_M05 <= 0
    setup_capacity_M06: x_M06 - 360 y_M06 <= 0
    setup_capacity_M07: x_M07 - 290 y_M07 <= 0
    setup_capacity_M08: x_M08 - 330 y_M08 <= 0
    setup_capacity_M09: x_M09 - 280 y_M09 <= 0
    setup_capacity_M10: x_M10 - 370 y_M10 <= 0
    setup_capacity_M11: x_M11 - 310 y_M11 <= 0
    setup_capacity_M12: x_M12 - 350 y_M12 <= 0
    ending_inventory: inv_M12 = 0
    Bounds
    x_M01 >= 0
    x_M02 >= 0
    x_M03 >= 0
    x_M04 >= 0
    x_M05 >= 0
    x_M06 >= 0
    x_M07 >= 0
    x_M08 >= 0
    x_M09 >= 0
    x_M10 >= 0
    x_M11 >= 0
    x_M12 >= 0
    inv_M01 >= 0
    inv_M02 >= 0
    inv_M03 >= 0
    inv_M04 >= 0
    inv_M05 >= 0
    inv_M06 >= 0
    inv_M07 >= 0
    inv_M08 >= 0
    inv_M09 >= 0
    inv_M10 >= 0
    inv_M11 >= 0
    inv_M12 >= 0
    Binaries
    y_M01 y_M02 y_M03 y_M04 y_M05 y_M06 y_M07 y_M08 y_M09 y_M10 y_M11 y_M12
    End"
,,Mixture,"A snack distributor ships cartons from plants to regional retailers. Plant capacities are listed in plant_capacity.csv, retailer demands are listed in retailer_demand.csv, variable per-carton route costs are listed in route_variable_costs.csv, and fixed route activation costs are listed in route_fixed_costs.csv. A route can carry flow only if it is activated.

Formulate a minimum-cost fixed-charge transportation model. For each plant-retailer route i-j, define x_ij as the nonnegative shipment quantity and y_ij as a binary variable equal to 1 if route i-j is opened. The objective is to minimize variable transportation cost plus fixed route-opening cost. The model should include retailer demand constraints, plant supply upper-bound constraints, shipment-to-route activation linking constraints using M_ij = min(plant capacity_i, retailer demand_j), nonnegativity constraints for shipment variables, and binary restrictions for route variables.","benchmark_dataset/Variant12/inputs/plant_capacity.csv
benchmark_dataset/Variant12/inputs/retailer_demand.csv
benchmark_dataset/Variant12/inputs/route_variable_costs.csv
benchmark_dataset/Variant12/inputs/route_fixed_costs.csv",4505,"    Minimize
    obj: 3 x_P1_R1 + 260 y_P1_R1 + 4 x_P1_R2 + 300 y_P1_R2 + 18 x_P1_R3 + 620 y_P1_R3 + 20 x_P1_R4
      + 670 y_P1_R4 + 22 x_P1_R5 + 710 y_P1_R5 + 19 x_P1_R6 + 660 y_P1_R6 + 17 x_P2_R1 + 610 y_P2_R1
      + 16 x_P2_R2 + 590 y_P2_R2 + 4 x_P2_R3 + 280 y_P2_R3 + 5 x_P2_R4 + 310 y_P2_R4 + 20 x_P2_R5
      + 690 y_P2_R5 + 18 x_P2_R6 + 640 y_P2_R6 + 21 x_P3_R1 + 700 y_P3_R1 + 19 x_P3_R2 + 650 y_P3_R2
      + 18 x_P3_R3 + 630 y_P3_R3 + 17 x_P3_R4 + 600 y_P3_R4 + 3 x_P3_R5 + 250 y_P3_R5 + 4 x_P3_R6
      + 290 y_P3_R6
    Subject To
    demand_R1: x_P1_R1 + x_P2_R1 + x_P3_R1 >= 70
    demand_R2: x_P1_R2 + x_P2_R2 + x_P3_R2 >= 85
    demand_R3: x_P1_R3 + x_P2_R3 + x_P3_R3 >= 75
    demand_R4: x_P1_R4 + x_P2_R4 + x_P3_R4 >= 65
    demand_R5: x_P1_R5 + x_P2_R5 + x_P3_R5 >= 95
    demand_R6: x_P1_R6 + x_P2_R6 + x_P3_R6 >= 80
    supply_P1: x_P1_R1 + x_P1_R2 + x_P1_R3 + x_P1_R4 + x_P1_R5 + x_P1_R6 <= 190
    supply_P2: x_P2_R1 + x_P2_R2 + x_P2_R3 + x_P2_R4 + x_P2_R5 + x_P2_R6 <= 160
    supply_P3: x_P3_R1 + x_P3_R2 + x_P3_R3 + x_P3_R4 + x_P3_R5 + x_P3_R6 <= 150
    route_link_P1_R1: x_P1_R1 - 70 y_P1_R1 <= 0
    route_link_P1_R2: x_P1_R2 - 85 y_P1_R2 <= 0
    route_link_P1_R3: x_P1_R3 - 75 y_P1_R3 <= 0
    route_link_P1_R4: x_P1_R4 - 65 y_P1_R4 <= 0
    route_link_P1_R5: x_P1_R5 - 95 y_P1_R5 <= 0
    route_link_P1_R6: x_P1_R6 - 80 y_P1_R6 <= 0
    route_link_P2_R1: x_P2_R1 - 70 y_P2_R1 <= 0
    route_link_P2_R2: x_P2_R2 - 85 y_P2_R2 <= 0
    route_link_P2_R3: x_P2_R3 - 75 y_P2_R3 <= 0
    route_link_P2_R4: x_P2_R4 - 65 y_P2_R4 <= 0
    route_link_P2_R5: x_P2_R5 - 95 y_P2_R5 <= 0
    route_link_P2_R6: x_P2_R6 - 80 y_P2_R6 <= 0
    route_link_P3_R1: x_P3_R1 - 70 y_P3_R1 <= 0
    route_link_P3_R2: x_P3_R2 - 85 y_P3_R2 <= 0
    route_link_P3_R3: x_P3_R3 - 75 y_P3_R3 <= 0
    route_link_P3_R4: x_P3_R4 - 65 y_P3_R4 <= 0
    route_link_P3_R5: x_P3_R5 - 95 y_P3_R5 <= 0
    route_link_P3_R6: x_P3_R6 - 80 y_P3_R6 <= 0
    Bounds
    x_P1_R1 >= 0
    x_P1_R2 >= 0
    x_P1_R3 >= 0
    x_P1_R4 >= 0
    x_P1_R5 >= 0
    x_P1_R6 >= 0
    x_P2_R1 >= 0
    x_P2_R2 >= 0
    x_P2_R3 >= 0
    x_P2_R4 >= 0
    x_P2_R5 >= 0
    x_P2_R6 >= 0
    x_P3_R1 >= 0
    x_P3_R2 >= 0
    x_P3_R3 >= 0
    x_P3_R4 >= 0
    x_P3_R5 >= 0
    x_P3_R6 >= 0
    Binaries
    y_P1_R1 y_P1_R2 y_P1_R3 y_P1_R4 y_P1_R5 y_P1_R6 y_P2_R1 y_P2_R2 y_P2_R3 y_P2_R4 y_P2_R5 y_P2_R6
    y_P3_R1 y_P3_R2 y_P3_R3 y_P3_R4 y_P3_R5 y_P3_R6
    End"
,,Others -Project crashing,"An installation project consists of activities with precedence relationships. Normal duration, crash duration, and crash cost per day are listed in project_activities.csv; the required project deadline is listed in project_parameters.csv. Activity durations can be shortened only by integer numbers of days within the listed crash limits.

Formulate a minimum-cost project crashing model. For each activity i, define s_i as the nonnegative start time and z_i as the integer number of crash days used; define T as the project completion time. The objective is to minimize total crashing cost. The model should include precedence constraints using crashed durations, crash-day lower and upper bounds, project-completion constraints for all activities, the project-deadline constraint, nonnegativity constraints for start and completion-time variables, and integer restrictions for crash variables.","benchmark_dataset/Variant13/inputs/project_activities.csv
benchmark_dataset/Variant13/inputs/project_parameters.csv",670,"    Minimize
    obj: 180 z_A + 150 z_B + 130 z_C + 210 z_D + 160 z_E + 190 z_F + 140 z_G + 220 z_H + 170 z_I
      + 260 z_J
    Subject To
    precedence_A_C: s_C - s_A + z_A >= 5
    precedence_A_D: s_D - s_A + z_A >= 5
    precedence_B_E: s_E - s_B + z_B >= 6
    precedence_C_F: s_F - s_C + z_C >= 7
    precedence_D_F: s_F - s_D + z_D >= 4
    precedence_D_G: s_G - s_D + z_D >= 4
    precedence_E_G: s_G - s_E + z_E >= 5
    precedence_F_H: s_H - s_F + z_F >= 6
    precedence_G_I: s_I - s_G + z_G >= 7
    precedence_H_J: s_J - s_H + z_H >= 4
    precedence_I_J: s_J - s_I + z_I >= 5
    completion_A: T - s_A + z_A >= 5
    completion_B: T - s_B + z_B >= 6
    completion_C: T - s_C + z_C >= 7
    completion_D: T - s_D + z_D >= 4
    completion_E: T - s_E + z_E >= 5
    completion_F: T - s_F + z_F >= 6
    completion_G: T - s_G + z_G >= 7
    completion_H: T - s_H + z_H >= 4
    completion_I: T - s_I + z_I >= 5
    completion_J: T - s_J + z_J >= 3
    project_deadline: T <= 23
    Bounds
    s_A >= 0
    s_B >= 0
    s_C >= 0
    s_D >= 0
    s_E >= 0
    s_F >= 0
    s_G >= 0
    s_H >= 0
    s_I >= 0
    s_J >= 0
    T >= 0
    0 <= z_A <= 2
    0 <= z_B <= 2
    0 <= z_C <= 3
    0 <= z_D <= 1
    0 <= z_E <= 2
    0 <= z_F <= 2
    0 <= z_G <= 2
    0 <= z_H <= 2
    0 <= z_I <= 2
    0 <= z_J <= 1
    Generals
    z_A z_B z_C z_D z_E z_F z_G z_H z_I z_J
    End"
,,Others -Set covering,"A utility company must place emergency repair depots so that every service zone is covered by at least one selected depot. Candidate depot opening costs and covered service zones are listed in facility_sites.csv, and the full set of service zones is listed in service_zones.csv.

Formulate a minimum-cost set covering model. For each candidate depot i, define y_i as a binary variable equal to 1 if depot i is opened. The objective is to minimize total opening cost. The model should include one coverage constraint for each service zone requiring at least one opened depot that covers that zone, and binary restrictions for all depot-opening variables.","benchmark_dataset/Variant14/inputs/facility_sites.csv
benchmark_dataset/Variant14/inputs/service_zones.csv",46,"    Minimize
    obj: 11 y_B1 + 14 y_B2 + 10 y_B3 + 13 y_B4 + 16 y_B5 + 9 y_B6 + 12 y_B7 + 15 y_B8
    Subject To
    cover_Z1: y_B1 + y_B4 >= 1
    cover_Z2: y_B1 + y_B2 >= 1
    cover_Z3: y_B2 + y_B5 >= 1
    cover_Z4: y_B3 + y_B7 >= 1
    cover_Z5: y_B1 + y_B3 + y_B8 >= 1
    cover_Z6: y_B2 + y_B4 + y_B8 >= 1
    cover_Z7: y_B4 + y_B5 >= 1
    cover_Z8: y_B3 + y_B6 >= 1
    cover_Z9: y_B5 + y_B6 + y_B8 >= 1
    cover_Z10: y_B6 + y_B7 >= 1
    Binaries
    y_B1 y_B2 y_B3 y_B4 y_B5 y_B6 y_B7 y_B8
    End"
,,Mixture,"A fabrication shop must assign custom jobs to workstations. Workstation capacities are listed in workstation_capacity.csv, assignment costs are listed in assignment_costs.csv, and the capacity consumed by each workstation-job assignment is listed in assignment_resources.csv. Each job must be assigned to exactly one workstation.

Formulate a minimum-cost generalized assignment model. For each workstation-job pair i-j, define x_ij as a binary variable equal to 1 if job j is assigned to workstation i. The objective is to minimize total assignment cost. The model should include exactly-one assignment constraints for every job, capacity constraints for every workstation using the listed resource consumption coefficients, and binary restrictions for all assignment variables.","benchmark_dataset/Variant15/inputs/workstation_capacity.csv
benchmark_dataset/Variant15/inputs/assignment_costs.csv
benchmark_dataset/Variant15/inputs/assignment_resources.csv",60,"    Minimize
    obj: 6 x_W1_J1 + 8 x_W1_J2 + 18 x_W1_J3 + 20 x_W1_J4 + 21 x_W1_J5 + 19 x_W1_J6 + 23 x_W1_J7
      + 22 x_W1_J8 + 24 x_W1_J9 + 19 x_W2_J1 + 18 x_W2_J2 + 7 x_W2_J3 + 6 x_W2_J4 + 20 x_W2_J5
      + 22 x_W2_J6 + 21 x_W2_J7 + 23 x_W2_J8 + 25 x_W2_J9 + 22 x_W3_J1 + 21 x_W3_J2 + 20 x_W3_J3
      + 19 x_W3_J4 + 5 x_W3_J5 + 7 x_W3_J6 + 18 x_W3_J7 + 20 x_W3_J8 + 21 x_W3_J9 + 21 x_W4_J1
      + 22 x_W4_J2 + 23 x_W4_J3 + 20 x_W4_J4 + 19 x_W4_J5 + 18 x_W4_J6 + 6 x_W4_J7 + 8 x_W4_J8
      + 7 x_W4_J9
    Subject To
    assign_J1: x_W1_J1 + x_W2_J1 + x_W3_J1 + x_W4_J1 = 1
    assign_J2: x_W1_J2 + x_W2_J2 + x_W3_J2 + x_W4_J2 = 1
    assign_J3: x_W1_J3 + x_W2_J3 + x_W3_J3 + x_W4_J3 = 1
    assign_J4: x_W1_J4 + x_W2_J4 + x_W3_J4 + x_W4_J4 = 1
    assign_J5: x_W1_J5 + x_W2_J5 + x_W3_J5 + x_W4_J5 = 1
    assign_J6: x_W1_J6 + x_W2_J6 + x_W3_J6 + x_W4_J6 = 1
    assign_J7: x_W1_J7 + x_W2_J7 + x_W3_J7 + x_W4_J7 = 1
    assign_J8: x_W1_J8 + x_W2_J8 + x_W3_J8 + x_W4_J8 = 1
    assign_J9: x_W1_J9 + x_W2_J9 + x_W3_J9 + x_W4_J9 = 1
    capacity_W1: 4 x_W1_J1 + 5 x_W1_J2 + 7 x_W1_J3 + 8 x_W1_J4 + 8 x_W1_J5 + 7 x_W1_J6 + 8 x_W1_J7
      + 9 x_W1_J8 + 8 x_W1_J9 <= 15
    capacity_W2: 7 x_W2_J1 + 8 x_W2_J2 + 4 x_W2_J3 + 5 x_W2_J4 + 8 x_W2_J5 + 8 x_W2_J6 + 7 x_W2_J7
      + 8 x_W2_J8 + 9 x_W2_J9 <= 14
    capacity_W3: 8 x_W3_J1 + 7 x_W3_J2 + 8 x_W3_J3 + 7 x_W3_J4 + 5 x_W3_J5 + 4 x_W3_J6 + 7 x_W3_J7
      + 8 x_W3_J8 + 7 x_W3_J9 <= 16
    capacity_W4: 8 x_W4_J1 + 8 x_W4_J2 + 9 x_W4_J3 + 8 x_W4_J4 + 7 x_W4_J5 + 7 x_W4_J6 + 4 x_W4_J7
      + 5 x_W4_J8 + 4 x_W4_J9 <= 13
    Binaries
    x_W1_J1 x_W1_J2 x_W1_J3 x_W1_J4 x_W1_J5 x_W1_J6 x_W1_J7 x_W1_J8 x_W1_J9 x_W2_J1 x_W2_J2 x_W2_J3
    x_W2_J4 x_W2_J5 x_W2_J6 x_W2_J7 x_W2_J8 x_W2_J9 x_W3_J1 x_W3_J2 x_W3_J3 x_W3_J4 x_W3_J5 x_W3_J6
    x_W3_J7 x_W3_J8 x_W3_J9 x_W4_J1 x_W4_J2 x_W4_J3 x_W4_J4 x_W4_J5 x_W4_J6 x_W4_J7 x_W4_J8 x_W4_J9
    End"
,,Others -Multi-choice knapsack,"A product team must select exactly one design option from each component family. Option value, weight, and budget use are listed in option_catalog.csv, and total resource limits are listed in resource_limits.csv.

Formulate a maximum-value multi-choice knapsack model. For each family-option pair g-o, define x_go as a binary variable equal to 1 if option o is selected from family g. The objective is to maximize total selected value. The model should include exactly-one-option constraints for every family, total weight and budget-use constraints, and binary restrictions for all option-selection variables.","benchmark_dataset/Variant16/inputs/option_catalog.csv
benchmark_dataset/Variant16/inputs/resource_limits.csv",156,"    Maximize
    obj: 22 x_G1_O1 + 29 x_G1_O2 + 31 x_G1_O3 + 25 x_G1_O4 + 24 x_G2_O1 + 33 x_G2_O2 + 28 x_G2_O3
      + 35 x_G2_O4 + 30 x_G3_O1 + 26 x_G3_O2 + 38 x_G3_O3 + 34 x_G3_O4 + 21 x_G4_O1 + 32 x_G4_O2
      + 36 x_G4_O3 + 27 x_G4_O4 + 29 x_G5_O1 + 37 x_G5_O2 + 33 x_G5_O3 + 24 x_G5_O4
    Subject To
    choose_G1: x_G1_O1 + x_G1_O2 + x_G1_O3 + x_G1_O4 = 1
    choose_G2: x_G2_O1 + x_G2_O2 + x_G2_O3 + x_G2_O4 = 1
    choose_G3: x_G3_O1 + x_G3_O2 + x_G3_O3 + x_G3_O4 = 1
    choose_G4: x_G4_O1 + x_G4_O2 + x_G4_O3 + x_G4_O4 = 1
    choose_G5: x_G5_O1 + x_G5_O2 + x_G5_O3 + x_G5_O4 = 1
    weight_limit: 6 x_G1_O1 + 9 x_G1_O2 + 10 x_G1_O3 + 7 x_G1_O4 + 7 x_G2_O1 + 11 x_G2_O2
      + 8 x_G2_O3 + 12 x_G2_O4 + 9 x_G3_O1 + 7 x_G3_O2 + 13 x_G3_O3 + 11 x_G3_O4 + 5 x_G4_O1
      + 10 x_G4_O2 + 12 x_G4_O3 + 8 x_G4_O4 + 8 x_G5_O1 + 12 x_G5_O2 + 10 x_G5_O3 + 6 x_G5_O4 <= 48
    budget_limit: 8 x_G1_O1 + 11 x_G1_O2 + 13 x_G1_O3 + 9 x_G1_O4 + 8 x_G2_O1 + 13 x_G2_O2
      + 10 x_G2_O3 + 14 x_G2_O4 + 12 x_G3_O1 + 9 x_G3_O2 + 16 x_G3_O3 + 13 x_G3_O4 + 7 x_G4_O1
      + 12 x_G4_O2 + 15 x_G4_O3 + 10 x_G4_O4 + 11 x_G5_O1 + 15 x_G5_O2 + 12 x_G5_O3 + 8 x_G5_O4
      <= 60
    Binaries
    x_G1_O1 x_G1_O2 x_G1_O3 x_G1_O4 x_G2_O1 x_G2_O2 x_G2_O3 x_G2_O4 x_G3_O1 x_G3_O2 x_G3_O3 x_G3_O4
    x_G4_O1 x_G4_O2 x_G4_O3 x_G4_O4 x_G5_O1 x_G5_O2 x_G5_O3 x_G5_O4
    End"
,,UFLP,"A mobile service program must choose facility locations to serve residential areas. Area demand is listed in area_demand.csv, distances from candidate locations to areas are listed in location_distance.csv, and the number of facilities to open is listed in planning_parameters.csv. Each area must be assigned to exactly one opened facility.

Formulate a minimum-demand-weighted-distance p-median model. For each candidate location i, define y_i as a binary variable equal to 1 if location i is opened. For each location-area pair i-j, define x_ij as a binary variable equal to 1 if area j is assigned to location i. The objective is to minimize total demand-weighted assignment distance. The model should include exactly-one assignment constraints for all areas, a constraint opening exactly the required number of facilities, assignment-to-open-facility linking constraints, and binary restrictions for all variables.","benchmark_dataset/Variant17/inputs/area_demand.csv
benchmark_dataset/Variant17/inputs/location_distance.csv
benchmark_dataset/Variant17/inputs/planning_parameters.csv",1487,"    Minimize
    obj: 50 x_L1_A1 + 105 x_L1_A2 + 160 x_L1_A3 + 240 x_L1_A4 + 450 x_L1_A5 + 450 x_L1_A6
      + 260 x_L1_A7 + 770 x_L1_A8 + 900 x_L1_A9 + 360 x_L1_A10 + 462 x_L1_A11 + 380 x_L1_A12
      + 75 x_L2_A1 + 70 x_L2_A2 + 120 x_L2_A3 + 210 x_L2_A4 + 400 x_L2_A5 + 405 x_L2_A6
      + 240 x_L2_A7 + 715 x_L2_A8 + 840 x_L2_A9 + 330 x_L2_A10 + 420 x_L2_A11 + 342 x_L2_A12
      + 200 x_L3_A1 + 245 x_L3_A2 + 200 x_L3_A3 + 60 x_L3_A4 + 150 x_L3_A5 + 180 x_L3_A6
      + 160 x_L3_A7 + 495 x_L3_A8 + 660 x_L3_A9 + 210 x_L3_A10 + 252 x_L3_A11 + 266 x_L3_A12
      + 225 x_L4_A1 + 280 x_L4_A2 + 240 x_L4_A3 + 90 x_L4_A4 + 100 x_L4_A5 + 135 x_L4_A6
      + 140 x_L4_A7 + 440 x_L4_A8 + 600 x_L4_A9 + 180 x_L4_A10 + 210 x_L4_A11 + 228 x_L4_A12
      + 325 x_L5_A1 + 420 x_L5_A2 + 400 x_L5_A3 + 240 x_L5_A4 + 350 x_L5_A5 + 270 x_L5_A6
      + 40 x_L5_A7 + 165 x_L5_A8 + 240 x_L5_A9 + 150 x_L5_A10 + 252 x_L5_A11 + 266 x_L5_A12
      + 350 x_L6_A1 + 455 x_L6_A2 + 440 x_L6_A3 + 270 x_L6_A4 + 400 x_L6_A5 + 315 x_L6_A6
      + 60 x_L6_A7 + 110 x_L6_A8 + 180 x_L6_A9 + 120 x_L6_A10 + 210 x_L6_A11 + 228 x_L6_A12
      + 275 x_L7_A1 + 350 x_L7_A2 + 320 x_L7_A3 + 210 x_L7_A4 + 300 x_L7_A5 + 225 x_L7_A6
      + 120 x_L7_A7 + 275 x_L7_A8 + 240 x_L7_A9 + 60 x_L7_A10 + 126 x_L7_A11 + 76 x_L7_A12
    Subject To
    assign_A1: x_L1_A1 + x_L2_A1 + x_L3_A1 + x_L4_A1 + x_L5_A1 + x_L6_A1 + x_L7_A1 = 1
    assign_A2: x_L1_A2 + x_L2_A2 + x_L3_A2 + x_L4_A2 + x_L5_A2 + x_L6_A2 + x_L7_A2 = 1
    assign_A3: x_L1_A3 + x_L2_A3 + x_L3_A3 + x_L4_A3 + x_L5_A3 + x_L6_A3 + x_L7_A3 = 1
    assign_A4: x_L1_A4 + x_L2_A4 + x_L3_A4 + x_L4_A4 + x_L5_A4 + x_L6_A4 + x_L7_A4 = 1
    assign_A5: x_L1_A5 + x_L2_A5 + x_L3_A5 + x_L4_A5 + x_L5_A5 + x_L6_A5 + x_L7_A5 = 1
    assign_A6: x_L1_A6 + x_L2_A6 + x_L3_A6 + x_L4_A6 + x_L5_A6 + x_L6_A6 + x_L7_A6 = 1
    assign_A7: x_L1_A7 + x_L2_A7 + x_L3_A7 + x_L4_A7 + x_L5_A7 + x_L6_A7 + x_L7_A7 = 1
    assign_A8: x_L1_A8 + x_L2_A8 + x_L3_A8 + x_L4_A8 + x_L5_A8 + x_L6_A8 + x_L7_A8 = 1
    assign_A9: x_L1_A9 + x_L2_A9 + x_L3_A9 + x_L4_A9 + x_L5_A9 + x_L6_A9 + x_L7_A9 = 1
    assign_A10: x_L1_A10 + x_L2_A10 + x_L3_A10 + x_L4_A10 + x_L5_A10 + x_L6_A10 + x_L7_A10 = 1
    assign_A11: x_L1_A11 + x_L2_A11 + x_L3_A11 + x_L4_A11 + x_L5_A11 + x_L6_A11 + x_L7_A11 = 1
    assign_A12: x_L1_A12 + x_L2_A12 + x_L3_A12 + x_L4_A12 + x_L5_A12 + x_L6_A12 + x_L7_A12 = 1
    open_count: y_L1 + y_L2 + y_L3 + y_L4 + y_L5 + y_L6 + y_L7 = 3
    assign_open_link_L1_A1: x_L1_A1 - y_L1 <= 0
    assign_open_link_L1_A2: x_L1_A2 - y_L1 <= 0
    assign_open_link_L1_A3: x_L1_A3 - y_L1 <= 0
    assign_open_link_L1_A4: x_L1_A4 - y_L1 <= 0
    assign_open_link_L1_A5: x_L1_A5 - y_L1 <= 0
    assign_open_link_L1_A6: x_L1_A6 - y_L1 <= 0
    assign_open_link_L1_A7: x_L1_A7 - y_L1 <= 0
    assign_open_link_L1_A8: x_L1_A8 - y_L1 <= 0
    assign_open_link_L1_A9: x_L1_A9 - y_L1 <= 0
    assign_open_link_L1_A10: x_L1_A10 - y_L1 <= 0
    assign_open_link_L1_A11: x_L1_A11 - y_L1 <= 0
    assign_open_link_L1_A12: x_L1_A12 - y_L1 <= 0
    assign_open_link_L2_A1: x_L2_A1 - y_L2 <= 0
    assign_open_link_L2_A2: x_L2_A2 - y_L2 <= 0
    assign_open_link_L2_A3: x_L2_A3 - y_L2 <= 0
    assign_open_link_L2_A4: x_L2_A4 - y_L2 <= 0
    assign_open_link_L2_A5: x_L2_A5 - y_L2 <= 0
    assign_open_link_L2_A6: x_L2_A6 - y_L2 <= 0
    assign_open_link_L2_A7: x_L2_A7 - y_L2 <= 0
    assign_open_link_L2_A8: x_L2_A8 - y_L2 <= 0
    assign_open_link_L2_A9: x_L2_A9 - y_L2 <= 0
    assign_open_link_L2_A10: x_L2_A10 - y_L2 <= 0
    assign_open_link_L2_A11: x_L2_A11 - y_L2 <= 0
    assign_open_link_L2_A12: x_L2_A12 - y_L2 <= 0
    assign_open_link_L3_A1: x_L3_A1 - y_L3 <= 0
    assign_open_link_L3_A2: x_L3_A2 - y_L3 <= 0
    assign_open_link_L3_A3: x_L3_A3 - y_L3 <= 0
    assign_open_link_L3_A4: x_L3_A4 - y_L3 <= 0
    assign_open_link_L3_A5: x_L3_A5 - y_L3 <= 0
    assign_open_link_L3_A6: x_L3_A6 - y_L3 <= 0
    assign_open_link_L3_A7: x_L3_A7 - y_L3 <= 0
    assign_open_link_L3_A8: x_L3_A8 - y_L3 <= 0
    assign_open_link_L3_A9: x_L3_A9 - y_L3 <= 0
    assign_open_link_L3_A10: x_L3_A10 - y_L3 <= 0
    assign_open_link_L3_A11: x_L3_A11 - y_L3 <= 0
    assign_open_link_L3_A12: x_L3_A12 - y_L3 <= 0
    assign_open_link_L4_A1: x_L4_A1 - y_L4 <= 0
    assign_open_link_L4_A2: x_L4_A2 - y_L4 <= 0
    assign_open_link_L4_A3: x_L4_A3 - y_L4 <= 0
    assign_open_link_L4_A4: x_L4_A4 - y_L4 <= 0
    assign_open_link_L4_A5: x_L4_A5 - y_L4 <= 0
    assign_open_link_L4_A6: x_L4_A6 - y_L4 <= 0
    assign_open_link_L4_A7: x_L4_A7 - y_L4 <= 0
    assign_open_link_L4_A8: x_L4_A8 - y_L4 <= 0
    assign_open_link_L4_A9: x_L4_A9 - y_L4 <= 0
    assign_open_link_L4_A10: x_L4_A10 - y_L4 <= 0
    assign_open_link_L4_A11: x_L4_A11 - y_L4 <= 0
    assign_open_link_L4_A12: x_L4_A12 - y_L4 <= 0
    assign_open_link_L5_A1: x_L5_A1 - y_L5 <= 0
    assign_open_link_L5_A2: x_L5_A2 - y_L5 <= 0
    assign_open_link_L5_A3: x_L5_A3 - y_L5 <= 0
    assign_open_link_L5_A4: x_L5_A4 - y_L5 <= 0
    assign_open_link_L5_A5: x_L5_A5 - y_L5 <= 0
    assign_open_link_L5_A6: x_L5_A6 - y_L5 <= 0
    assign_open_link_L5_A7: x_L5_A7 - y_L5 <= 0
    assign_open_link_L5_A8: x_L5_A8 - y_L5 <= 0
    assign_open_link_L5_A9: x_L5_A9 - y_L5 <= 0
    assign_open_link_L5_A10: x_L5_A10 - y_L5 <= 0
    assign_open_link_L5_A11: x_L5_A11 - y_L5 <= 0
    assign_open_link_L5_A12: x_L5_A12 - y_L5 <= 0
    assign_open_link_L6_A1: x_L6_A1 - y_L6 <= 0
    assign_open_link_L6_A2: x_L6_A2 - y_L6 <= 0
    assign_open_link_L6_A3: x_L6_A3 - y_L6 <= 0
    assign_open_link_L6_A4: x_L6_A4 - y_L6 <= 0
    assign_open_link_L6_A5: x_L6_A5 - y_L6 <= 0
    assign_open_link_L6_A6: x_L6_A6 - y_L6 <= 0
    assign_open_link_L6_A7: x_L6_A7 - y_L6 <= 0
    assign_open_link_L6_A8: x_L6_A8 - y_L6 <= 0
    assign_open_link_L6_A9: x_L6_A9 - y_L6 <= 0
    assign_open_link_L6_A10: x_L6_A10 - y_L6 <= 0
    assign_open_link_L6_A11: x_L6_A11 - y_L6 <= 0
    assign_open_link_L6_A12: x_L6_A12 - y_L6 <= 0
    assign_open_link_L7_A1: x_L7_A1 - y_L7 <= 0
    assign_open_link_L7_A2: x_L7_A2 - y_L7 <= 0
    assign_open_link_L7_A3: x_L7_A3 - y_L7 <= 0
    assign_open_link_L7_A4: x_L7_A4 - y_L7 <= 0
    assign_open_link_L7_A5: x_L7_A5 - y_L7 <= 0
    assign_open_link_L7_A6: x_L7_A6 - y_L7 <= 0
    assign_open_link_L7_A7: x_L7_A7 - y_L7 <= 0
    assign_open_link_L7_A8: x_L7_A8 - y_L7 <= 0
    assign_open_link_L7_A9: x_L7_A9 - y_L7 <= 0
    assign_open_link_L7_A10: x_L7_A10 - y_L7 <= 0
    assign_open_link_L7_A11: x_L7_A11 - y_L7 <= 0
    assign_open_link_L7_A12: x_L7_A12 - y_L7 <= 0
    Binaries
    y_L1 y_L2 y_L3 y_L4 y_L5 y_L6 y_L7 x_L1_A1 x_L1_A2 x_L1_A3 x_L1_A4 x_L1_A5 x_L1_A6 x_L1_A7
    x_L1_A8 x_L1_A9 x_L1_A10 x_L1_A11 x_L1_A12 x_L2_A1 x_L2_A2 x_L2_A3 x_L2_A4 x_L2_A5 x_L2_A6
    x_L2_A7 x_L2_A8 x_L2_A9 x_L2_A10 x_L2_A11 x_L2_A12 x_L3_A1 x_L3_A2 x_L3_A3 x_L3_A4 x_L3_A5
    x_L3_A6 x_L3_A7 x_L3_A8 x_L3_A9 x_L3_A10 x_L3_A11 x_L3_A12 x_L4_A1 x_L4_A2 x_L4_A3 x_L4_A4
    x_L4_A5 x_L4_A6 x_L4_A7 x_L4_A8 x_L4_A9 x_L4_A10 x_L4_A11 x_L4_A12 x_L5_A1 x_L5_A2 x_L5_A3
    x_L5_A4 x_L5_A5 x_L5_A6 x_L5_A7 x_L5_A8 x_L5_A9 x_L5_A10 x_L5_A11 x_L5_A12 x_L6_A1 x_L6_A2
    x_L6_A3 x_L6_A4 x_L6_A5 x_L6_A6 x_L6_A7 x_L6_A8 x_L6_A9 x_L6_A10 x_L6_A11 x_L6_A12 x_L7_A1
    x_L7_A2 x_L7_A3 x_L7_A4 x_L7_A5 x_L7_A6 x_L7_A7 x_L7_A8 x_L7_A9 x_L7_A10 x_L7_A11 x_L7_A12
    End"
,,Others -Cutting stock,"A roll-cutting line has a fixed menu of feasible cutting patterns. Item demands are listed in item_demand.csv, and the number of each item produced by every pattern is listed in cutting_patterns.csv. A pattern may be used any nonnegative integer number of times, and producing extra pieces is allowed.

Formulate a minimum-roll cutting-stock model. For each cutting pattern p, define y_p as the nonnegative integer number of stock rolls cut with pattern p. The objective is to minimize the total number of rolls used. The model should include demand satisfaction constraints for every item, nonnegativity constraints, and integer restrictions for all pattern-use variables.","benchmark_dataset/Variant18/inputs/item_demand.csv
benchmark_dataset/Variant18/inputs/cutting_patterns.csv",21,"    Minimize
    obj: y_P1 + y_P2 + y_P3 + y_P4 + y_P5 + y_P6 + y_P7 + y_P8 + y_P9 + y_P10
    Subject To
    demand_A: 3 y_P1 + y_P5 + 2 y_P6 + y_P8 + y_P9 >= 18
    demand_B: 2 y_P2 + y_P5 + y_P7 + 2 y_P9 >= 14
    demand_C: y_P2 + 2 y_P3 + y_P6 + y_P7 + y_P10 >= 12
    demand_D: y_P3 + 2 y_P4 + y_P5 + y_P8 + y_P10 >= 10
    demand_E: y_P4 + y_P7 + y_P8 + y_P10 >= 8
    Bounds
    y_P1 >= 0
    y_P2 >= 0
    y_P3 >= 0
    y_P4 >= 0
    y_P5 >= 0
    y_P6 >= 0
    y_P7 >= 0
    y_P8 >= 0
    y_P9 >= 0
    y_P10 >= 0
    Generals
    y_P1 y_P2 y_P3 y_P4 y_P5 y_P6 y_P7 y_P8 y_P9 y_P10
    End"
,,Others -Minimum spanning tree,"A communications team must build a connected backbone over all listed sites. The node set is listed in network_nodes.csv, available undirected links and construction costs are listed in network_edges.csv, and the root node for a single-commodity flow formulation is listed in network_parameters.csv.

Formulate a minimum-cost spanning tree model. For each undirected edge i-j, define y_ij as a binary variable equal to 1 if the edge is selected. For each directed arc version of an available edge, define f_ij as the nonnegative connectivity flow sent from the root. The objective is to minimize selected edge construction cost. The model should include a constraint selecting exactly n-1 edges, root and non-root flow-balance constraints using the node set in network_nodes.csv, flow-to-edge linking constraints with M = n-1, nonnegativity constraints for flow variables, and binary restrictions for edge-selection variables.","benchmark_dataset/Variant19/inputs/network_nodes.csv
benchmark_dataset/Variant19/inputs/network_edges.csv
benchmark_dataset/Variant19/inputs/network_parameters.csv",36,"    Minimize
    obj: 6 y_V1_V2 + 4 y_V1_V3 + 9 y_V1_V4 + 5 y_V2_V3 + 7 y_V2_V5 + 3 y_V3_V4 + 8 y_V3_V6
      + 4 y_V4_V6 + 10 y_V4_V7 + 6 y_V5_V6 + 11 y_V5_V8 + 5 y_V6_V7 + 7 y_V6_V8 + 4 y_V7_V8
      + 6 y_V7_V9 + 5 y_V8_V9
    Subject To
    edge_count: y_V1_V2 + y_V1_V3 + y_V1_V4 + y_V2_V3 + y_V2_V5 + y_V3_V4 + y_V3_V6 + y_V4_V6
      + y_V4_V7 + y_V5_V6 + y_V5_V8 + y_V6_V7 + y_V6_V8 + y_V7_V8 + y_V7_V9 + y_V8_V9 = 8
    flow_balance_V1: f_V1_V2 - f_V2_V1 + f_V1_V3 - f_V3_V1 + f_V1_V4 - f_V4_V1 = 8
    flow_balance_V2: f_V1_V2 - f_V2_V1 - f_V2_V3 + f_V3_V2 - f_V2_V5 + f_V5_V2 = 1
    flow_balance_V3: f_V1_V3 - f_V3_V1 + f_V2_V3 - f_V3_V2 - f_V3_V4 + f_V4_V3 - f_V3_V6 + f_V6_V3
      = 1
    flow_balance_V4: f_V1_V4 - f_V4_V1 + f_V3_V4 - f_V4_V3 - f_V4_V6 + f_V6_V4 - f_V4_V7 + f_V7_V4
      = 1
    flow_balance_V5: f_V2_V5 - f_V5_V2 - f_V5_V6 + f_V6_V5 - f_V5_V8 + f_V8_V5 = 1
    flow_balance_V6: f_V3_V6 - f_V6_V3 + f_V4_V6 - f_V6_V4 + f_V5_V6 - f_V6_V5 - f_V6_V7 + f_V7_V6
      - f_V6_V8 + f_V8_V6 = 1
    flow_balance_V7: f_V4_V7 - f_V7_V4 + f_V6_V7 - f_V7_V6 - f_V7_V8 + f_V8_V7 - f_V7_V9 + f_V9_V7
      = 1
    flow_balance_V8: f_V5_V8 - f_V8_V5 + f_V6_V8 - f_V8_V6 + f_V7_V8 - f_V8_V7 - f_V8_V9 + f_V9_V8
      = 1
    flow_balance_V9: f_V7_V9 - f_V9_V7 + f_V8_V9 - f_V9_V8 = 1
    flow_link_V1_V2: f_V1_V2 - 8 y_V1_V2 <= 0
    flow_link_V2_V1: f_V2_V1 - 8 y_V1_V2 <= 0
    flow_link_V1_V3: f_V1_V3 - 8 y_V1_V3 <= 0
    flow_link_V3_V1: f_V3_V1 - 8 y_V1_V3 <= 0
    flow_link_V1_V4: f_V1_V4 - 8 y_V1_V4 <= 0
    flow_link_V4_V1: f_V4_V1 - 8 y_V1_V4 <= 0
    flow_link_V2_V3: f_V2_V3 - 8 y_V2_V3 <= 0
    flow_link_V3_V2: f_V3_V2 - 8 y_V2_V3 <= 0
    flow_link_V2_V5: f_V2_V5 - 8 y_V2_V5 <= 0
    flow_link_V5_V2: f_V5_V2 - 8 y_V2_V5 <= 0
    flow_link_V3_V4: f_V3_V4 - 8 y_V3_V4 <= 0
    flow_link_V4_V3: f_V4_V3 - 8 y_V3_V4 <= 0
    flow_link_V3_V6: f_V3_V6 - 8 y_V3_V6 <= 0
    flow_link_V6_V3: f_V6_V3 - 8 y_V3_V6 <= 0
    flow_link_V4_V6: f_V4_V6 - 8 y_V4_V6 <= 0
    flow_link_V6_V4: f_V6_V4 - 8 y_V4_V6 <= 0
    flow_link_V4_V7: f_V4_V7 - 8 y_V4_V7 <= 0
    flow_link_V7_V4: f_V7_V4 - 8 y_V4_V7 <= 0
    flow_link_V5_V6: f_V5_V6 - 8 y_V5_V6 <= 0
    flow_link_V6_V5: f_V6_V5 - 8 y_V5_V6 <= 0
    flow_link_V5_V8: f_V5_V8 - 8 y_V5_V8 <= 0
    flow_link_V8_V5: f_V8_V5 - 8 y_V5_V8 <= 0
    flow_link_V6_V7: f_V6_V7 - 8 y_V6_V7 <= 0
    flow_link_V7_V6: f_V7_V6 - 8 y_V6_V7 <= 0
    flow_link_V6_V8: f_V6_V8 - 8 y_V6_V8 <= 0
    flow_link_V8_V6: f_V8_V6 - 8 y_V6_V8 <= 0
    flow_link_V7_V8: f_V7_V8 - 8 y_V7_V8 <= 0
    flow_link_V8_V7: f_V8_V7 - 8 y_V7_V8 <= 0
    flow_link_V7_V9: f_V7_V9 - 8 y_V7_V9 <= 0
    flow_link_V9_V7: f_V9_V7 - 8 y_V7_V9 <= 0
    flow_link_V8_V9: f_V8_V9 - 8 y_V8_V9 <= 0
    flow_link_V9_V8: f_V9_V8 - 8 y_V8_V9 <= 0
    Bounds
    f_V1_V2 >= 0
    f_V2_V1 >= 0
    f_V1_V3 >= 0
    f_V3_V1 >= 0
    f_V1_V4 >= 0
    f_V4_V1 >= 0
    f_V2_V3 >= 0
    f_V3_V2 >= 0
    f_V2_V5 >= 0
    f_V5_V2 >= 0
    f_V3_V4 >= 0
    f_V4_V3 >= 0
    f_V3_V6 >= 0
    f_V6_V3 >= 0
    f_V4_V6 >= 0
    f_V6_V4 >= 0
    f_V4_V7 >= 0
    f_V7_V4 >= 0
    f_V5_V6 >= 0
    f_V6_V5 >= 0
    f_V5_V8 >= 0
    f_V8_V5 >= 0
    f_V6_V7 >= 0
    f_V7_V6 >= 0
    f_V6_V8 >= 0
    f_V8_V6 >= 0
    f_V7_V8 >= 0
    f_V8_V7 >= 0
    f_V7_V9 >= 0
    f_V9_V7 >= 0
    f_V8_V9 >= 0
    f_V9_V8 >= 0
    Binaries
    y_V1_V2 y_V1_V3 y_V1_V4 y_V2_V3 y_V2_V5 y_V3_V4 y_V3_V6 y_V4_V6 y_V4_V7 y_V5_V6 y_V5_V8 y_V6_V7
    y_V6_V8 y_V7_V8 y_V7_V9 y_V8_V9
    End"
,,Others -Set covering,"A water authority must install monitoring sensors so every monitoring zone is covered. Candidate sensor costs and covered zones are listed in sensor_sites.csv, and the complete set of monitoring zones is listed in monitoring_zones.csv.

Formulate a minimum-cost set covering model. For each candidate sensor site i, define y_i as a binary variable equal to 1 if a sensor is installed at site i. The objective is to minimize total installation cost. The model should include one coverage constraint for each monitoring zone requiring at least one selected site that covers that zone, and binary restrictions for all sensor-site variables.","benchmark_dataset/Variant20/inputs/sensor_sites.csv
benchmark_dataset/Variant20/inputs/monitoring_zones.csv",37,"    Minimize
    obj: 8 y_S1 + 12 y_S2 + 11 y_S3 + 10 y_S4 + 13 y_S5 + 9 y_S6 + 14 y_S7 + 7 y_S8 + 15 y_S9
    Subject To
    cover_Q1: y_S1 + y_S7 >= 1
    cover_Q2: y_S1 + y_S2 + y_S9 >= 1
    cover_Q3: y_S2 + y_S8 >= 1
    cover_Q4: y_S1 + y_S3 >= 1
    cover_Q5: y_S2 + y_S4 + y_S8 >= 1
    cover_Q6: y_S3 + y_S5 + y_S9 >= 1
    cover_Q7: y_S3 + y_S6 >= 1
    cover_Q8: y_S4 + y_S5 >= 1
    cover_Q9: y_S5 + y_S7 >= 1
    cover_Q10: y_S6 + y_S7 + y_S9 >= 1
    cover_Q11: y_S6 + y_S8 >= 1
    Binaries
    y_S1 y_S2 y_S3 y_S4 y_S5 y_S6 y_S7 y_S8 y_S9
    End"
,,Others -Project crashing,"A renovation project is made up of precedence-linked activities. Normal duration, crash duration, and crash cost per day are listed in project_activities.csv; the required completion deadline is listed in project_parameters.csv. Activity durations may be shortened by integer numbers of days within the listed crash limits.

Formulate a minimum-cost project crashing model. For each activity i, define s_i as the nonnegative start time and z_i as the integer number of crash days used; define T as the project completion time. The objective is to minimize total crashing cost. The model should include precedence constraints using crashed durations, crash-day lower and upper bounds, project-completion constraints for all activities, the project-deadline constraint, nonnegativity constraints for start and completion-time variables, and integer restrictions for crash variables.","benchmark_dataset/Variant21/inputs/project_activities.csv
benchmark_dataset/Variant21/inputs/project_parameters.csv",660,"    Minimize
    obj: 120 z_A + 150 z_B + 180 z_C + 160 z_D + 210 z_E + 140 z_F + 170 z_G + 200 z_H + 260 z_I
    Subject To
    precedence_A_C: s_C - s_A + z_A >= 4
    precedence_A_D: s_D - s_A + z_A >= 4
    precedence_B_E: s_E - s_B + z_B >= 7
    precedence_C_F: s_F - s_C + z_C >= 6
    precedence_D_F: s_F - s_D + z_D >= 5
    precedence_D_G: s_G - s_D + z_D >= 5
    precedence_E_G: s_G - s_E + z_E >= 4
    precedence_F_H: s_H - s_F + z_F >= 7
    precedence_G_H: s_H - s_G + z_G >= 6
    precedence_H_I: s_I - s_H + z_H >= 5
    completion_A: T - s_A + z_A >= 4
    completion_B: T - s_B + z_B >= 7
    completion_C: T - s_C + z_C >= 6
    completion_D: T - s_D + z_D >= 5
    completion_E: T - s_E + z_E >= 4
    completion_F: T - s_F + z_F >= 7
    completion_G: T - s_G + z_G >= 6
    completion_H: T - s_H + z_H >= 5
    completion_I: T - s_I + z_I >= 3
    project_deadline: T <= 22
    Bounds
    s_A >= 0
    s_B >= 0
    s_C >= 0
    s_D >= 0
    s_E >= 0
    s_F >= 0
    s_G >= 0
    s_H >= 0
    s_I >= 0
    T >= 0
    0 <= z_A <= 1
    0 <= z_B <= 2
    0 <= z_C <= 2
    0 <= z_D <= 2
    0 <= z_E <= 2
    0 <= z_F <= 2
    0 <= z_G <= 2
    0 <= z_H <= 2
    0 <= z_I <= 1
    Generals
    z_A z_B z_C z_D z_E z_F z_G z_H z_I
    End"
,,Others -Multi-choice knapsack,"A design team must select exactly one package option from each component family. Each option has a value, weight, and labor-hour requirement in option_catalog.csv, while total resource limits are listed in resource_limits.csv.

Formulate a maximum-value multi-choice knapsack model. For each family-option pair c-o, define x_co as a binary variable equal to 1 if option o is selected from family c. The objective is to maximize total selected value. The model should include exactly-one-option constraints for every family, total weight and labor-hour constraints, and binary restrictions for all option-selection variables.","benchmark_dataset/Variant22/inputs/option_catalog.csv
benchmark_dataset/Variant22/inputs/resource_limits.csv",174,"    Maximize
    obj: 18 x_C1_O1 + 27 x_C1_O2 + 30 x_C1_O3 + 24 x_C2_O1 + 32 x_C2_O2 + 28 x_C2_O3 + 22 x_C3_O1
      + 35 x_C3_O2 + 31 x_C3_O3 + 20 x_C4_O1 + 29 x_C4_O2 + 34 x_C4_O3 + 23 x_C5_O1 + 33 x_C5_O2
      + 26 x_C5_O3 + 21 x_C6_O1 + 30 x_C6_O2 + 36 x_C6_O3
    Subject To
    choose_C1: x_C1_O1 + x_C1_O2 + x_C1_O3 = 1
    choose_C2: x_C2_O1 + x_C2_O2 + x_C2_O3 = 1
    choose_C3: x_C3_O1 + x_C3_O2 + x_C3_O3 = 1
    choose_C4: x_C4_O1 + x_C4_O2 + x_C4_O3 = 1
    choose_C5: x_C5_O1 + x_C5_O2 + x_C5_O3 = 1
    choose_C6: x_C6_O1 + x_C6_O2 + x_C6_O3 = 1
    weight_limit: 5 x_C1_O1 + 8 x_C1_O2 + 10 x_C1_O3 + 7 x_C2_O1 + 11 x_C2_O2 + 9 x_C2_O3
      + 6 x_C3_O1 + 12 x_C3_O2 + 10 x_C3_O3 + 5 x_C4_O1 + 9 x_C4_O2 + 12 x_C4_O3 + 7 x_C5_O1
      + 11 x_C5_O2 + 8 x_C5_O3 + 6 x_C6_O1 + 10 x_C6_O2 + 13 x_C6_O3 <= 55
    labor_limit: 6 x_C1_O1 + 9 x_C1_O2 + 11 x_C1_O3 + 8 x_C2_O1 + 13 x_C2_O2 + 10 x_C2_O3
      + 7 x_C3_O1 + 14 x_C3_O2 + 12 x_C3_O3 + 8 x_C4_O1 + 11 x_C4_O2 + 13 x_C4_O3 + 7 x_C5_O1
      + 12 x_C5_O2 + 10 x_C5_O3 + 6 x_C6_O1 + 11 x_C6_O2 + 15 x_C6_O3 <= 64
    Binaries
    x_C1_O1 x_C1_O2 x_C1_O3 x_C2_O1 x_C2_O2 x_C2_O3 x_C3_O1 x_C3_O2 x_C3_O3 x_C4_O1 x_C4_O2 x_C4_O3
    x_C5_O1 x_C5_O2 x_C5_O3 x_C6_O1 x_C6_O2 x_C6_O3
    End"
,,Mixture,"A regional distributor can ship goods from depots to markets. Depot capacities are listed in depot_capacity.csv, market demands are listed in market_demand.csv, per-unit route costs are listed in route_variable_costs.csv, and fixed route activation costs are listed in route_fixed_costs.csv. A route may carry shipments only if it is activated.

Formulate a minimum-cost fixed-charge transportation model. For each depot-market route i-j, define x_ij as the nonnegative shipment quantity and y_ij as a binary variable equal to 1 if route i-j is activated. The objective is to minimize variable shipping cost plus fixed route activation cost. The model should include market demand constraints, depot supply upper-bound constraints, shipment-to-route activation linking constraints using M_ij = min(depot capacity_i, market demand_j), nonnegativity constraints for shipment variables, and binary restrictions for route variables.","benchmark_dataset/Variant23/inputs/depot_capacity.csv
benchmark_dataset/Variant23/inputs/market_demand.csv
benchmark_dataset/Variant23/inputs/route_variable_costs.csv
benchmark_dataset/Variant23/inputs/route_fixed_costs.csv",3375,"    Minimize
    obj: 4 x_D1_M1 + 240 y_D1_M1 + 5 x_D1_M2 + 270 y_D1_M2 + 17 x_D1_M3 + 560 y_D1_M3 + 18 x_D1_M4
      + 590 y_D1_M4 + 16 x_D1_M5 + 540 y_D1_M5 + 15 x_D2_M1 + 520 y_D2_M1 + 14 x_D2_M2 + 500 y_D2_M2
      + 3 x_D2_M3 + 230 y_D2_M3 + 6 x_D2_M4 + 280 y_D2_M4 + 17 x_D2_M5 + 570 y_D2_M5 + 18 x_D3_M1
      + 610 y_D3_M1 + 16 x_D3_M2 + 580 y_D3_M2 + 15 x_D3_M3 + 540 y_D3_M3 + 4 x_D3_M4 + 260 y_D3_M4
      + 5 x_D3_M5 + 250 y_D3_M5 + 6 x_D4_M1 + 290 y_D4_M1 + 7 x_D4_M2 + 320 y_D4_M2 + 14 x_D4_M3
      + 500 y_D4_M3 + 16 x_D4_M4 + 550 y_D4_M4 + 13 x_D4_M5 + 480 y_D4_M5
    Subject To
    demand_M1: x_D1_M1 + x_D2_M1 + x_D3_M1 + x_D4_M1 >= 65
    demand_M2: x_D1_M2 + x_D2_M2 + x_D3_M2 + x_D4_M2 >= 80
    demand_M3: x_D1_M3 + x_D2_M3 + x_D3_M3 + x_D4_M3 >= 75
    demand_M4: x_D1_M4 + x_D2_M4 + x_D3_M4 + x_D4_M4 >= 95
    demand_M5: x_D1_M5 + x_D2_M5 + x_D3_M5 + x_D4_M5 >= 70
    supply_D1: x_D1_M1 + x_D1_M2 + x_D1_M3 + x_D1_M4 + x_D1_M5 <= 120
    supply_D2: x_D2_M1 + x_D2_M2 + x_D2_M3 + x_D2_M4 + x_D2_M5 <= 100
    supply_D3: x_D3_M1 + x_D3_M2 + x_D3_M3 + x_D3_M4 + x_D3_M5 <= 140
    supply_D4: x_D4_M1 + x_D4_M2 + x_D4_M3 + x_D4_M4 + x_D4_M5 <= 90
    route_link_D1_M1: x_D1_M1 - 65 y_D1_M1 <= 0
    route_link_D1_M2: x_D1_M2 - 80 y_D1_M2 <= 0
    route_link_D1_M3: x_D1_M3 - 75 y_D1_M3 <= 0
    route_link_D1_M4: x_D1_M4 - 95 y_D1_M4 <= 0
    route_link_D1_M5: x_D1_M5 - 70 y_D1_M5 <= 0
    route_link_D2_M1: x_D2_M1 - 65 y_D2_M1 <= 0
    route_link_D2_M2: x_D2_M2 - 80 y_D2_M2 <= 0
    route_link_D2_M3: x_D2_M3 - 75 y_D2_M3 <= 0
    route_link_D2_M4: x_D2_M4 - 95 y_D2_M4 <= 0
    route_link_D2_M5: x_D2_M5 - 70 y_D2_M5 <= 0
    route_link_D3_M1: x_D3_M1 - 65 y_D3_M1 <= 0
    route_link_D3_M2: x_D3_M2 - 80 y_D3_M2 <= 0
    route_link_D3_M3: x_D3_M3 - 75 y_D3_M3 <= 0
    route_link_D3_M4: x_D3_M4 - 95 y_D3_M4 <= 0
    route_link_D3_M5: x_D3_M5 - 70 y_D3_M5 <= 0
    route_link_D4_M1: x_D4_M1 - 65 y_D4_M1 <= 0
    route_link_D4_M2: x_D4_M2 - 80 y_D4_M2 <= 0
    route_link_D4_M3: x_D4_M3 - 75 y_D4_M3 <= 0
    route_link_D4_M4: x_D4_M4 - 90 y_D4_M4 <= 0
    route_link_D4_M5: x_D4_M5 - 70 y_D4_M5 <= 0
    Bounds
    x_D1_M1 >= 0
    x_D1_M2 >= 0
    x_D1_M3 >= 0
    x_D1_M4 >= 0
    x_D1_M5 >= 0
    x_D2_M1 >= 0
    x_D2_M2 >= 0
    x_D2_M3 >= 0
    x_D2_M4 >= 0
    x_D2_M5 >= 0
    x_D3_M1 >= 0
    x_D3_M2 >= 0
    x_D3_M3 >= 0
    x_D3_M4 >= 0
    x_D3_M5 >= 0
    x_D4_M1 >= 0
    x_D4_M2 >= 0
    x_D4_M3 >= 0
    x_D4_M4 >= 0
    x_D4_M5 >= 0
    Binaries
    y_D1_M1 y_D1_M2 y_D1_M3 y_D1_M4 y_D1_M5 y_D2_M1 y_D2_M2 y_D2_M3 y_D2_M4 y_D2_M5 y_D3_M1 y_D3_M2
    y_D3_M3 y_D3_M4 y_D3_M5 y_D4_M1 y_D4_M2 y_D4_M3 y_D4_M4 y_D4_M5
    End"
,,UFLP,"A community health program must choose facility sites and assign neighborhoods to opened sites. Neighborhood demand is listed in neighborhood_demand.csv, distances from candidate facilities to neighborhoods are listed in facility_distance.csv, and the number of facilities to open is listed in planning_parameters.csv. Each neighborhood must be assigned to exactly one opened facility.

Formulate a minimum-demand-weighted-distance p-median model. For each candidate facility i, define y_i as a binary variable equal to 1 if facility i is opened. For each facility-neighborhood pair i-j, define x_ij as a binary variable equal to 1 if neighborhood j is assigned to facility i. The objective is to minimize total demand-weighted assignment distance. The model should include exactly-one assignment constraints for all neighborhoods, a constraint opening exactly the required number of facilities, assignment-to-open-facility linking constraints, and binary restrictions for all variables.","benchmark_dataset/Variant24/inputs/neighborhood_demand.csv
benchmark_dataset/Variant24/inputs/facility_distance.csv
benchmark_dataset/Variant24/inputs/planning_parameters.csv",1619,"    Minimize
    obj: 56 x_F1_N1 + 96 x_F1_N2 + 220 x_F1_N3 + 324 x_F1_N4 + 520 x_F1_N5 + 451 x_F1_N6
      + 325 x_F1_N7 + 672 x_F1_N8 + 825 x_F1_N9 + 360 x_F1_N10 + 112 x_F2_N1 + 64 x_F2_N2
      + 132 x_F2_N3 + 288 x_F2_N4 + 468 x_F2_N5 + 410 x_F2_N6 + 300 x_F2_N7 + 624 x_F2_N8
      + 770 x_F2_N9 + 330 x_F2_N10 + 252 x_F3_N1 + 256 x_F3_N2 + 176 x_F3_N3 + 72 x_F3_N4
      + 156 x_F3_N5 + 205 x_F3_N6 + 225 x_F3_N7 + 480 x_F3_N8 + 605 x_F3_N9 + 210 x_F3_N10
      + 280 x_F4_N1 + 288 x_F4_N2 + 264 x_F4_N3 + 108 x_F4_N4 + 104 x_F4_N5 + 123 x_F4_N6
      + 200 x_F4_N7 + 432 x_F4_N8 + 550 x_F4_N9 + 180 x_F4_N10 + 364 x_F5_N1 + 384 x_F5_N2
      + 440 x_F5_N3 + 288 x_F5_N4 + 364 x_F5_N5 + 246 x_F5_N6 + 50 x_F5_N7 + 144 x_F5_N8
      + 220 x_F5_N9 + 150 x_F5_N10 + 336 x_F6_N1 + 352 x_F6_N2 + 352 x_F6_N3 + 252 x_F6_N4
      + 312 x_F6_N5 + 205 x_F6_N6 + 125 x_F6_N7 + 192 x_F6_N8 + 165 x_F6_N9 + 60 x_F6_N10
    Subject To
    assign_N1: x_F1_N1 + x_F2_N1 + x_F3_N1 + x_F4_N1 + x_F5_N1 + x_F6_N1 = 1
    assign_N2: x_F1_N2 + x_F2_N2 + x_F3_N2 + x_F4_N2 + x_F5_N2 + x_F6_N2 = 1
    assign_N3: x_F1_N3 + x_F2_N3 + x_F3_N3 + x_F4_N3 + x_F5_N3 + x_F6_N3 = 1
    assign_N4: x_F1_N4 + x_F2_N4 + x_F3_N4 + x_F4_N4 + x_F5_N4 + x_F6_N4 = 1
    assign_N5: x_F1_N5 + x_F2_N5 + x_F3_N5 + x_F4_N5 + x_F5_N5 + x_F6_N5 = 1
    assign_N6: x_F1_N6 + x_F2_N6 + x_F3_N6 + x_F4_N6 + x_F5_N6 + x_F6_N6 = 1
    assign_N7: x_F1_N7 + x_F2_N7 + x_F3_N7 + x_F4_N7 + x_F5_N7 + x_F6_N7 = 1
    assign_N8: x_F1_N8 + x_F2_N8 + x_F3_N8 + x_F4_N8 + x_F5_N8 + x_F6_N8 = 1
    assign_N9: x_F1_N9 + x_F2_N9 + x_F3_N9 + x_F4_N9 + x_F5_N9 + x_F6_N9 = 1
    assign_N10: x_F1_N10 + x_F2_N10 + x_F3_N10 + x_F4_N10 + x_F5_N10 + x_F6_N10 = 1
    open_count: y_F1 + y_F2 + y_F3 + y_F4 + y_F5 + y_F6 = 2
    assign_open_link_F1_N1: x_F1_N1 - y_F1 <= 0
    assign_open_link_F1_N2: x_F1_N2 - y_F1 <= 0
    assign_open_link_F1_N3: x_F1_N3 - y_F1 <= 0
    assign_open_link_F1_N4: x_F1_N4 - y_F1 <= 0
    assign_open_link_F1_N5: x_F1_N5 - y_F1 <= 0
    assign_open_link_F1_N6: x_F1_N6 - y_F1 <= 0
    assign_open_link_F1_N7: x_F1_N7 - y_F1 <= 0
    assign_open_link_F1_N8: x_F1_N8 - y_F1 <= 0
    assign_open_link_F1_N9: x_F1_N9 - y_F1 <= 0
    assign_open_link_F1_N10: x_F1_N10 - y_F1 <= 0
    assign_open_link_F2_N1: x_F2_N1 - y_F2 <= 0
    assign_open_link_F2_N2: x_F2_N2 - y_F2 <= 0
    assign_open_link_F2_N3: x_F2_N3 - y_F2 <= 0
    assign_open_link_F2_N4: x_F2_N4 - y_F2 <= 0
    assign_open_link_F2_N5: x_F2_N5 - y_F2 <= 0
    assign_open_link_F2_N6: x_F2_N6 - y_F2 <= 0
    assign_open_link_F2_N7: x_F2_N7 - y_F2 <= 0
    assign_open_link_F2_N8: x_F2_N8 - y_F2 <= 0
    assign_open_link_F2_N9: x_F2_N9 - y_F2 <= 0
    assign_open_link_F2_N10: x_F2_N10 - y_F2 <= 0
    assign_open_link_F3_N1: x_F3_N1 - y_F3 <= 0
    assign_open_link_F3_N2: x_F3_N2 - y_F3 <= 0
    assign_open_link_F3_N3: x_F3_N3 - y_F3 <= 0
    assign_open_link_F3_N4: x_F3_N4 - y_F3 <= 0
    assign_open_link_F3_N5: x_F3_N5 - y_F3 <= 0
    assign_open_link_F3_N6: x_F3_N6 - y_F3 <= 0
    assign_open_link_F3_N7: x_F3_N7 - y_F3 <= 0
    assign_open_link_F3_N8: x_F3_N8 - y_F3 <= 0
    assign_open_link_F3_N9: x_F3_N9 - y_F3 <= 0
    assign_open_link_F3_N10: x_F3_N10 - y_F3 <= 0
    assign_open_link_F4_N1: x_F4_N1 - y_F4 <= 0
    assign_open_link_F4_N2: x_F4_N2 - y_F4 <= 0
    assign_open_link_F4_N3: x_F4_N3 - y_F4 <= 0
    assign_open_link_F4_N4: x_F4_N4 - y_F4 <= 0
    assign_open_link_F4_N5: x_F4_N5 - y_F4 <= 0
    assign_open_link_F4_N6: x_F4_N6 - y_F4 <= 0
    assign_open_link_F4_N7: x_F4_N7 - y_F4 <= 0
    assign_open_link_F4_N8: x_F4_N8 - y_F4 <= 0
    assign_open_link_F4_N9: x_F4_N9 - y_F4 <= 0
    assign_open_link_F4_N10: x_F4_N10 - y_F4 <= 0
    assign_open_link_F5_N1: x_F5_N1 - y_F5 <= 0
    assign_open_link_F5_N2: x_F5_N2 - y_F5 <= 0
    assign_open_link_F5_N3: x_F5_N3 - y_F5 <= 0
    assign_open_link_F5_N4: x_F5_N4 - y_F5 <= 0
    assign_open_link_F5_N5: x_F5_N5 - y_F5 <= 0
    assign_open_link_F5_N6: x_F5_N6 - y_F5 <= 0
    assign_open_link_F5_N7: x_F5_N7 - y_F5 <= 0
    assign_open_link_F5_N8: x_F5_N8 - y_F5 <= 0
    assign_open_link_F5_N9: x_F5_N9 - y_F5 <= 0
    assign_open_link_F5_N10: x_F5_N10 - y_F5 <= 0
    assign_open_link_F6_N1: x_F6_N1 - y_F6 <= 0
    assign_open_link_F6_N2: x_F6_N2 - y_F6 <= 0
    assign_open_link_F6_N3: x_F6_N3 - y_F6 <= 0
    assign_open_link_F6_N4: x_F6_N4 - y_F6 <= 0
    assign_open_link_F6_N5: x_F6_N5 - y_F6 <= 0
    assign_open_link_F6_N6: x_F6_N6 - y_F6 <= 0
    assign_open_link_F6_N7: x_F6_N7 - y_F6 <= 0
    assign_open_link_F6_N8: x_F6_N8 - y_F6 <= 0
    assign_open_link_F6_N9: x_F6_N9 - y_F6 <= 0
    assign_open_link_F6_N10: x_F6_N10 - y_F6 <= 0
    Binaries
    y_F1 y_F2 y_F3 y_F4 y_F5 y_F6 x_F1_N1 x_F1_N2 x_F1_N3 x_F1_N4 x_F1_N5 x_F1_N6 x_F1_N7 x_F1_N8
    x_F1_N9 x_F1_N10 x_F2_N1 x_F2_N2 x_F2_N3 x_F2_N4 x_F2_N5 x_F2_N6 x_F2_N7 x_F2_N8 x_F2_N9
    x_F2_N10 x_F3_N1 x_F3_N2 x_F3_N3 x_F3_N4 x_F3_N5 x_F3_N6 x_F3_N7 x_F3_N8 x_F3_N9 x_F3_N10
    x_F4_N1 x_F4_N2 x_F4_N3 x_F4_N4 x_F4_N5 x_F4_N6 x_F4_N7 x_F4_N8 x_F4_N9 x_F4_N10 x_F5_N1 x_F5_N2
    x_F5_N3 x_F5_N4 x_F5_N5 x_F5_N6 x_F5_N7 x_F5_N8 x_F5_N9 x_F5_N10 x_F6_N1 x_F6_N2 x_F6_N3 x_F6_N4
    x_F6_N5 x_F6_N6 x_F6_N7 x_F6_N8 x_F6_N9 x_F6_N10
    End"
